{"find_restaurant": "the user asks about finding a restaurant",
 "book_restaurant": "the user asks about booking a restaurant",
 "find_train": "the user asks about finding a train",
 "find_hotel": "the user asks about finding a hotel",
 "book_hotel": "the user asks about booking a hotel",
 "find_taxi": "the user asks about finding a taxi",
 "book_train": "the user asks about booking a train",
 "find_attraction": "the user asks about finding an attraction",
 "find_hospital": "the user asks about finding a hospital",
 "find_police": "the user asks about finding a police",
 "find_bus": "the user asks about finding a bus"}