{"restaurant_reviews": "the user asks about getting restaurant reviews",
 "do_you_have_pets": "the user asks about ask do you have pets",
 "smart_home": "the user asks about getting a smart home",
 "car_rental": "the user asks about getting a car rental",
 "restaurant_reservation": "the user asks about getting a restaurant reservation",
 "lost_luggage": "the user asks about getting a lost luggage",
 "restaurant_suggestion": "the user asks about getting a restaurant suggestion",
 "fun_fact": "the user asks about getting a fun fact",
 "rollover_401k": "the user asks about getting a rollover 401k",
 "account_blocked": "the user asks about getting an account blocked",
 "report_fraud": "the user asks about reporting a fraud",
 "roll_dice": "the user asks about rolling a dice",
 "nutrition_info": "the user asks about getting a nutrition info",
 "oil_change_how": "the user asks about know how to change oil",
 "meal_suggestion": "the user asks about getting a meal suggestion",
 "flight_status": "the user asks about getting a flight status",
 "are_you_a_bot": "the user asks about ask are you a bot",
 "improve_credit_score": "the user asks about improveing a credit score",
 "vaccines": "the user asks about getting vaccines",
 "food_last": "the user asks about getting food last",
 "report_lost_card": "the user asks about reporting a lost card",
 "book_flight": "the user asks about booking a flight",
 "tell_joke": "the user asks about booking a flight",
 "oil_change_when": "the user asks about know when to change oil",
 "flip_coin": "the user asks about getting a flip coin",
 "book_hotel": "the user asks about booking a hotel",
 "how_old_are_you": "the user asks about ask how old are you",
 "no": "the user asks about say no",
 "play_music": "the user asks about playing a music",
 "damaged_card": "the user asks about getting a damaged card",
 "last_maintenance": "the user asks about getting a last maintenance",
 "card_declined": "the user asks about getting a card declined",
 "next_holiday": "the user asks about getting a next holiday",
 "cancel_reservation": "the user asks about canceling a reservation",
 "cook_time": "the user asks about getting a cook time",
 "international_visa": "the user asks about getting a international visa",
 "find_phone": "the user asks about finding a phone",
 "whisper_mode": "the user asks about getting a whisper mode",
 "taxes": "the user asks about getting taxes",
 "shopping_list_update": "the user asks about getting a shopping list update",
 "tire_pressure": "the user asks about getting a tire pressure",
 "mpg": "the user asks about getting a mpg",
 "who_do_you_work_for": "the user asks about ask who do you work for",
 "international_fees": "the user asks about getting international fees",
 "jump_start": "the user asks about getting a jump start",
 "freeze_account": "the user asks about freezeing an account",
 "thank_you": "the user asks about tell thank you",
 "shopping_list": "the user asks about getting a shopping list",
 "traffic": "the user asks about getting a traffic",
 "how_busy": "the user asks about getting how busy",
 "update_playlist": "the user asks about updateing a playlist",
 "what_are_your_hobbies": "the user asks about getting what are your hobbies",
 "what_song": "the user asks about getting a what song",
 "cancel": "the user asks about say cancel",
 "tire_change": "the user asks about getting a tire change",
 "meeting_schedule": "the user asks about getting a meeting schedule",
 "meaning_of_life": "the user asks about getting a meaning of life",
 "rewards_balance": "the user asks about getting a rewards balance",
 "schedule_meeting": "the user asks about scheduleing a meeting",
 "next_song": "the user asks about getting a next song",
 "credit_score": "the user asks about getting a credit score",
 "uber": "the user asks about getting an uber",
 "credit_limit_change": "the user asks about getting a credit limit change",
 "credit_limit": "the user asks about getting a credit limit",
 "new_card": "the user asks about getting a new card",
 "gas_type": "the user asks about getting a gas type",
 "payday": "the user asks about getting a payday",
 "interest_rate": "the user asks about getting a interest rate",
 "alarm": "the user asks about getting an alarm",
 "calendar_update": "the user asks about getting a calendar update",
 "distance": "the user asks about getting a distance",
 "bill_balance": "the user asks about getting a bill balance",
 "insurance_change": "the user asks about getting a insurance change",
 "what_is_your_name": "the user asks about getting a what is your name",
 "change_speed": "the user asks about changeing a speed",
 "change_accent": "the user asks about changeing an accent",
 "insurance": "the user asks about getting a insurance",
 "weather": "the user asks about getting a weather",
 "recipe": "the user asks about getting a recipe",
 "date": "the user asks about getting a date",
 "who_made_you": "the user asks about ask who made you",
 "where_are_you_from": "the user asks about ask where are you from",
 "timezone": "the user asks about getting a timezone",
 "change_language": "the user asks about changeing a language",
 "redeem_rewards": "the user asks about redeeming rewards",
 "yes": "the user asks about say yes",
 "exchange_rate": "the user asks about getting an exchange rate",
 "spending_history": "the user asks about getting a spending history",
 "calculator": "the user asks about getting a calculator",
 "w2": "the user asks about getting a w2",
 "maybe": "the user asks about say maybe",
 "goodbye": "the user asks about say goodbye",
 "calendar": "the user asks about getting a calendar",
 "ingredients_list": "the user asks about getting a ingredients list",
 "direct_deposit": "the user asks about getting a direct deposit",
 "plug_type": "the user asks about getting a plug type",
 "change_user_name": "the user asks about changeing an user name",
 "change_ai_name": "the user asks about changeing an ai name",
 "gas": "the user asks about getting a gas",
 "income": "the user asks about getting a income",
 "min_payment": "the user asks about getting a min payment",
 "greeting": "the user asks about say greeting",
 "pay_bill": "the user asks about paying a bill",
 "travel_suggestion": "the user asks about getting a travel suggestion",
 "balance": "the user asks about getting a balance",
 "confirm_reservation": "the user asks about confirming a reservation",
 "order_checks": "the user asks about ordering checks",
 "user_name": "the user asks about getting an user name",
 "expiration_date": "the user asks about getting an expiration date",
 "what_can_i_ask_you": "the user asks about what the user can ask about",
 "ingredient_substitution": "the user asks about getting a ingredient substitution",
 "travel_notification": "the user asks about getting a travel notification",
 "apr": "the user asks about getting an apr",
 "accept_reservations": "the user asks about accepting reservations",
 "schedule_maintenance": "the user asks about scheduleing a maintenance",
 "pto_balance": "the user asks about getting a pto balance",
 "pin_change": "the user asks about getting a pin change",
 "carry_on": "the user asks about the bot to carry on",
 "travel_alert": "the user asks about getting a travel alert",
 "calories": "the user asks about getting calories",
 "change_volume": "the user asks about changeing a volume",
 "text": "the user asks about getting a text",
 "bill_due": "the user asks about getting bill due",
 "reminder_update": "the user asks about getting a reminder update",
 "share_location": "the user asks about shareing a location",
 "sync_device": "the user asks about syncing a device",
 "replacement_card_duration": "the user asks about getting a replacement card duration",
 "translate": "the user asks about getting a translate",
 "pto_request_status": "the user asks about getting a pto request status",
 "spelling": "the user asks about getting spelling",
 "pto_used": "the user asks about getting a pto used",
 "make_call": "the user asks about makeing a call",
 "order_status": "the user asks about ordering a status",
 "measurement_conversion": "the user asks about getting a measurement conversion",
 "reset_settings": "the user asks about reseting settings",
 "repeat": "the user asks about getting a repeat",
 "todo_list_update": "the user asks about getting a todo list update",
 "time": "the user asks about getting a time",
 "timer": "the user asks about getting a timer",
 "application_status": "the user asks about getting an application status",
 "todo_list": "the user asks about getting a todo list",
 "current_location": "the user asks about getting a current location",
 "pto_request": "the user asks about getting a pto request",
 "reminder": "the user asks about getting a reminder",
 "definition": "the user asks about getting a definition",
 "routing": "the user asks about getting routing",
 "directions": "the user asks about getting directions",
 "order": "the user asks about getting an order",
 "transactions": "the user asks about getting transactions",
 "transfer": "the user asks about getting a transfer"}
