{
    // Use IntelliSense to learn about possible attributes.
    // Hover to view descriptions of existing attributes.
    // For more information, visit: https://go.microsoft.com/fwlink/?linkid=830387
    "version": "0.2.0",
    "configurations": [
        {
            "name": "bartSummAbsTrainWParallelDebug",
            "type": "python",
            "request": "launch",
            "program": "/opt/tiger/sumtest/multilingual/fairseq/train.py",
            "console": "integratedTerminal",
            "args": [
                "/home/tiger/xgiga_drag_representation_debug/resource/dataset", "--ddp-backend=no_c10d", 
                "--save-dir", "/home/tiger/xgiga_drag_representation_debug/output/checkpoint_path", 
                "--tensorboard-logdir", "/home/tiger/xgiga_drag_representation_debug/output/tensorboard_logdir", 
                "--restore-file", "/home/tiger/xgiga_drag_representation_debug/model/mbart.cc25/model.pt",
                "--arch", "mbart_summ_abs_large", "--source-lang", "doc", "--target-lang", "sum", 
                "--langs", "ar_AR,cs_CZ,de_DE,en_XX,es_XX,et_EE,fi_FI,fr_XX,gu_IN,hi_IN,it_IT,ja_XX,kk_KZ,ko_KR,lt_LT,lv_LV,my_MM,ne_NP,nl_XX,ro_RO,ru_RU,si_LK,tr_TR,vi_VN,zh_CN", 
                "--dataset-impl", "mmap", "--truncate-source", "--encoder-normalize-before", "--decoder-normalize-before", 
                "--layernorm-embedding", "--criterion", "label_smoothed_cross_entropy", "--label-smoothing", "0.2", 
                "--reset-optimizer", "--reset-dataloader", "--reset-meters", "--reset-lr-scheduler", 
                "--required-batch-size-multiple", "1", "--dropout", "0.1", "--attention-dropout", "0.1", 
                "--weight-decay", "0.01", "--optimizer", "adam", 
                "--adam-eps", "1e-08", "--lr", "3e-5", "--min-lr", "-1", "--lr-scheduler", "polynomial_decay", 
                "--clip-norm", "0.1", "--update-freq", "2", "--skip-invalid-size-inputs-valid-test", "--find-unused-parameters", 
                "--num-workers", "8", "--max-tokens", "1024", "--total-num-update", "200000", "--warmup-updates", "2500", "--log-interval", "10", 
                "--log-format", "simple", "--keep-best-checkpoints", "3", "--no-epoch-checkpoints", "--patience", "2", 
                "--user-dir", "examples/summarization",
                "--fp16", "--valid-subset", "valid_zh", "--freeze-decoder", "--train-subset", "train",
                "--log-interval", "2", "--freeze-decoder", "--num-workers", "10", 
                "--eval-language", "zh", "--task", "summarization_from_pretrained_mbart_mspm4_w_parallel",  
                "--criterion", "label_smoothed_cross_entropy_w_parallel", 
                "--save-interval-updates", "20"
            ]
        }
    ]
}