{
    "version": "0.2.0",
    "configurations": [
        {
            "name": "bartSummAbsTrainDebug",
            "type": "python",
            "request": "launch",
            "program": "/opt/tiger/sumtest/multilingual/fairseq/train.py",
            "console": "integratedTerminal",
            "args": [
                "/home/tiger/xgiga_finetune_pretrainedMspm4_freezeDecoder_bsz32i_transTrain_enZhMono_reverseLangClassifier_rougeEval_eval_zh/resource/dataset", "--ddp-backend=no_c10d", 
                "--save-dir", "/home/tiger/xgiga_finetune_pretrainedMspm4_freezeDecoder_bsz32i_transTrain_enZhMono_reverseLangClassifier_rougeEval_eval_zh/output/checkpoint_path", 
                "--tensorboard-logdir", "/home/tiger/xgiga_finetune_pretrainedMspm4_freezeDecoder_bsz32i_transTrain_enZhMono_reverseLangClassifier_rougeEval_eval_zh/output/tensorboard_logdir", 
                "--restore-file", "/home/tiger/xgiga_finetune_pretrainedMspm4_freezeDecoder_bsz32i_transTrain_enZhMono_reverseLangClassifier_rougeEval_eval_zh/output/checkpoint_path/checkpoint_best.pt", 
                "--task", "summarization_from_pretrained_mbart_mspm4", "--arch", "mbart_large", "--source-lang", "doc", "--target-lang", "sum", 
                "--langs", "ar_AR,cs_CZ,de_DE,en_XX,es_XX,et_EE,fi_FI,fr_XX,gu_IN,hi_IN,it_IT,ja_XX,kk_KZ,ko_KR,lt_LT,lv_LV,my_MM,ne_NP,nl_XX,ro_RO,ru_RU,si_LK,tr_TR,vi_VN,zh_CN", 
                "--dataset-impl", "mmap", "--truncate-source", "--encoder-normalize-before", "--decoder-normalize-before", "--layernorm-embedding", 
                "--criterion", "label_smoothed_cross_entropy", "--label-smoothing", "0.2", "--required-batch-size-multiple", "1", "--dropout", "0.1", 
                "--attention-dropout", "0.1", "--weight-decay", "0.01", "--optimizer", "adam", "--lr", "3e-5", "--min-lr", "-1", 
                "--lr-scheduler", "polynomial_decay", "--clip-norm", "0.1", "--skip-invalid-size-inputs-valid-test", "--find-unused-parameters", "--num-workers", "100", 
                "--adam-betas", "'(0.9,", "0.999)'", "--adam-eps", "1e-08", "--total-num-update", "781250", "--warmup-updates", "15625", "--max-epoch", "50", "--fp16", 
                "--log-interval", "2000", "--log-format", "simple", "--keep-best-checkpoints", "3", "--no-epoch-checkpoints", "--user-dir", "examples/summarization", 
                "--valid-subset", "valid_en_zh_mono", "--num-workers", "10", "--batch-size", "8", "--label-smoothing", "0.2", "--save-interval-updates", "1", 
                "--patience", "20", "--criterion", "label_smoothed_cross_entropy_w_lang_classifier", "--arch", "mbart_summ_abs_large", 
                "--unsupervised-langs", "zh_CN", "--summ-langs", "en_XX", "--use-lang-classifier", "--freeze-decoder", 
                "--reset-optimizer", "--reset-dataloader", "--reset-meters", "--reset-lr-scheduler"
            ]
        }
    ]
}