{
    "version": "0.2.0",
    "configurations": [
        {
            "name": "WikiExtInferDebug",
            "type": "python",
            "request": "launch",
            "program": "/opt/tiger/sumtest/multilingual/fairseq/inference_ext_summ.py",
            "console": "integratedTerminal",
            "args": [
                "/home/tiger/wikiLingua_finetune_english_english/resource/dataset", 
                "--path", "/home/tiger/wikiLingua_finetune_english_english/output/checkpoint_path/checkpoint_best.pt", 
                "--task", "extractive_summarization", "--extraction-head-name", "extraction_head", "--gen-subset", "test", 
                "--source-lang", "doc", "--target-lang", "sum",
                "--langs", "ar_AR,cs_CZ,de_DE,en_XX,es_XX,et_EE,fi_FI,fr_XX,gu_IN,hi_IN,it_IT,ja_XX,kk_KZ,ko_KR,lt_LT,lv_LV,my_MM,ne_NP,nl_XX,ro_RO,ru_RU,si_LK,tr_TR,vi_VN,zh_CN", 
                "--remove-bpe", "sentencepiece",
                "--truncate-source", "--user-dir",
                "examples/summarization", "--max-tokens", "2048",
                "--num-workers", "1"
            ]
        }
    ]
}