{
    // Use IntelliSense to learn about possible attributes.
    // Hover to view descriptions of existing attributes.
    // For more information, visit: https://go.microsoft.com/fwlink/?linkid=830387
    "version": "0.2.0",
    "configurations": [
        {
            "name": "xgigaDumpEmbedding",
            "type": "python",
            "request": "launch",
            "program": "/opt/tiger/sumtest/multilingual/fairseq/interactive_dump_embedding.py",
            "console": "integratedTerminal",
            "args": [
                "/home/tiger/xgiga_dumpEmb_finetune_pretrainedMspm4_freezeDecoder_zh/resource/dataset", 
                "--path", "/home/tiger/xgiga_dumpEmb_finetune_pretrainedMspm4_freezeDecoder_zh/output/checkpoint_path/checkpoint_best.pt", 
                "--task", "multi_task_from_pretrained_mbart_mspm4", "--gen-subset", "test", 
                "--source-lang", "doc", "--target-lang", "sum", 
                "--langs", "ar_AR,cs_CZ,de_DE,en_XX,es_XX,et_EE,fi_FI,fr_XX,gu_IN,hi_IN,it_IT,ja_XX,kk_KZ,ko_KR,lt_LT,lv_LV,my_MM,ne_NP,nl_XX,ro_RO,ru_RU,si_LK,tr_TR,vi_VN,zh_CN", 
                "--results-path", "/home/tiger/xgiga_dumpEmb_finetune_pretrainedMspm4_freezeDecoder_zh/embedding/", 
                "--remove-bpe", "'sentencepiece'", "--truncate-source", "--prefix-tokens", "zh_CN", "--doc-lang", "zh_CN", 
                "--user-dir", "examples/summarization", "--batch-size", "1", "--input", "/opt/tiger/sumtest/tmpdata/test.x.zh.first5.spm.special"
            ]
        }
    ]
}