{
    // Use IntelliSense to learn about possible attributes.
    // Hover to view descriptions of existing attributes.
    // For more information, visit: https://go.microsoft.com/fwlink/?linkid=830387
    "version": "0.2.0",
    "configurations": [
        {
            "name": "xgigaZeroShot",
            "type": "python",
            "request": "launch",
            "program": "/opt/tiger/sumtest/crossLingualTransfer/fairseq/generate.py",
            "console": "integratedTerminal",
            "args": [
                "/home/tiger/xgiga_zero_mbartV2_iadapter_adapterV0_gated_encProj_rouge_zh/resource/dataset", "--path", "/home/tiger/xgiga_zero_mbartV2_iadapter_adapterV0_gated_encProj_rouge_zh/output/checkpoint_path/checkpoint_best.pt", "--task", "summarization_from_pretrained_mbart_mspm4_multiL", "--gen-subset", "test", "--source-lang", "doc", "--target-lang", "sum", "--langs", "ar_AR,cs_CZ,de_DE,en_XX,es_XX,et_EE,fi_FI,fr_XX,gu_IN,hi_IN,it_IT,ja_XX,kk_KZ,ko_KR,lt_LT,lv_LV,my_MM,ne_NP,nl_XX,ro_RO,ru_RU,si_LK,tr_TR,vi_VN,zh_CN", "--remove-bpe", "'sentencepiece'", "--max-len-a", "0.78", "--max-len-b", "2", "--min-len", "2", "--lenpen", "0.6", "--no-repeat-ngram-size", "3", "--truncate-source", "--user-dir", "examples/summarization", "--batch-size", "8", "--prefix-tokens", "zh_CN"
            ]
        }
    ]
}