{
   "title": "Countries with the lowest fertility rate globally 2050 to 2055",
   "xAxis": "Country",
   "yAxis": "Average number of children per woman",
   "columnType": "two",
   "graphType": "bar",
   "summaryType": "nlp",
   "summary": [
      "This statistic shows the 20 Countries of the fertility in 2050 . ",
      "In 2050 , the Average number of Countries was Singapore , with a per of 1.59 children per ."
   ],
   "trends": [
      {},
      {
         "9": "0",
         "15": "21"
      }
   ],
   "data": [
      {
         "Country": "Singapore",
         "Average number of children per woman": "1.38"
      },
      {
         "Country": "Republic of Korea",
         "Average number of children per woman": "1.44"
      },
      {
         "Country": "United Arab Emirates",
         "Average number of children per woman": "1.45"
      },
      {
         "Country": "Puerto Rico",
         "Average number of children per woman": "1.45"
      },
      {
         "Country": "Bosnia and Herzegovina",
         "Average number of children per woman": "1.47"
      },
      {
         "Country": "Saint Lucia",
         "Average number of children per woman": "1.48"
      },
      {
         "Country": "Greece",
         "Average number of children per woman": "1.5"
      },
      {
         "Country": "Cyprus",
         "Average number of children per woman": "1.51"
      },
      {
         "Country": "Italy",
         "Average number of children per woman": "1.51"
      },
      {
         "Country": "Republic of Moldova",
         "Average number of children per woman": "1.52"
      },
      {
         "Country": "China Taiwan Province of China",
         "Average number of children per woman": "1.53"
      },
      {
         "Country": "Albania",
         "Average number of children per woman": "1.53"
      },
      {
         "Country": "Mauritius",
         "Average number of children per woman": "1.54"
      },
      {
         "Country": "Thailand",
         "Average number of children per woman": "1.54"
      },
      {
         "Country": "Qatar",
         "Average number of children per woman": "1.56"
      },
      {
         "Country": "Nepal",
         "Average number of children per woman": "1.56"
      },
      {
         "Country": "Croatia",
         "Average number of children per woman": "1.56"
      },
      {
         "Country": "Japan",
         "Average number of children per woman": "1.57"
      },
      {
         "Country": "Serbia",
         "Average number of children per woman": "1.57"
      },
      {
         "Country": "Brazil",
         "Average number of children per woman": "1.58"
      },
      {
         "Country": "North Macedonia",
         "Average number of children per woman": "1.58"
      },
      {
         "Country": "Brunei Darussalam",
         "Average number of children per woman": "1.59"
      },
      {
         "Country": "Portugal",
         "Average number of children per woman": "1.59"
      },
      {
         "Country": "Spain",
         "Average number of children per woman": "1.59"
      },
      {
         "Country": "Canada",
         "Average number of children per woman": "1.59"
      }
   ],
   "gold": "This statistic shows the countries and territories with the lowest projected fertility rate between 2050 and 2055 . Between 2050 and 2055 , Singapore is projected to have the lowest fertility rate , with an average of 1.38 children born per woman .\n"
}