{
   "title": "Malaysia maternal mortality ratio 2011 to 2018",
   "xAxis": "Year",
   "yAxis": "Maternal mortality ratio per hundred thousand live births",
   "columnType": "two",
   "graphType": "line",
   "summaryType": "nlp",
   "summary": [
      "The statistic shows the Maternal of mortality the Malaysia from 2011 to 2018 . ",
      "In 2018 , the Malaysia of was approximately 23.5 ratio per ."
   ],
   "trends": [
      {
         "11": "7",
         "13": "0"
      },
      {
         "1": "0",
         "9": "0"
      }
   ],
   "data": [
      {
         "Year": "2018",
         "Maternal mortality ratio per hundred thousand live births": "23.5"
      },
      {
         "Year": "2017",
         "Maternal mortality ratio per hundred thousand live births": "25.0"
      },
      {
         "Year": "2016",
         "Maternal mortality ratio per hundred thousand live births": "29.1"
      },
      {
         "Year": "2015",
         "Maternal mortality ratio per hundred thousand live births": "23.8"
      },
      {
         "Year": "2014",
         "Maternal mortality ratio per hundred thousand live births": "22.3"
      },
      {
         "Year": "2013",
         "Maternal mortality ratio per hundred thousand live births": "21.4"
      },
      {
         "Year": "2012",
         "Maternal mortality ratio per hundred thousand live births": "23.2"
      },
      {
         "Year": "2011",
         "Maternal mortality ratio per hundred thousand live births": "26.2"
      }
   ],
   "gold": "The statistic represents the maternal mortality ratio in Malaysia from 2011 to 2018 . In 2018 , the maternal mortality ratio in Malaysia was approximately 23.5 maternal deaths per one hundred thousand live births .\n"
}