{
   "title": "France : number of public primary schools 2005 to 2018",
   "xAxis": "Year",
   "yAxis": "Number of public schools",
   "columnType": "two",
   "graphType": "line",
   "summaryType": "nlp",
   "summary": [
      "The statistic shows the Number of the schools of goods and services from 2005 to 2018 . ",
      "According to the source , the France of schools in France reached approximately 45877 thousand schools ."
   ],
   "trends": [
      {
         "15": "12",
         "17": "0"
      },
      {
         "13": "2"
      }
   ],
   "data": [
      {
         "Year": "2018",
         "Number of public schools": "44902"
      },
      {
         "Year": "2017",
         "Number of public schools": "45401"
      },
      {
         "Year": "2016",
         "Number of public schools": "45877"
      },
      {
         "Year": "2015",
         "Number of public schools": "46435"
      },
      {
         "Year": "2014",
         "Number of public schools": "46962"
      },
      {
         "Year": "2013",
         "Number of public schools": "47306"
      },
      {
         "Year": "2012",
         "Number of public schools": "47672"
      },
      {
         "Year": "2011",
         "Number of public schools": "48139"
      },
      {
         "Year": "2010",
         "Number of public schools": "48522"
      },
      {
         "Year": "2009",
         "Number of public schools": "48975"
      },
      {
         "Year": "2008",
         "Number of public schools": "49498"
      },
      {
         "Year": "2007",
         "Number of public schools": "49928"
      },
      {
         "Year": "2005",
         "Number of public schools": "50668"
      }
   ],
   "gold": "This graphic shows the total number of public primary schools in France from 2005 to 2018 . Over nine years , the number of public primary schools gradually diminished and reached 44,902 in 2018 .\n"
}