{
   "title": "Circulation of the Arizona Republic 2018",
   "xAxis": "Day",
   "yAxis": "Circulation",
   "columnType": "two",
   "graphType": "bar",
   "summaryType": "nlp",
   "summary": [
      "This statistic shows the average Circulation of the Arizona Republic in the Circulation in 2018 , on Day . ",
      "In that year , the Sunday accounted for 378602 % of the total Circulation of the Arizona Republic ."
   ],
   "trends": [
      {},
      {
         "5": "0",
         "8": "0"
      }
   ],
   "data": [
      {
         "Day": "Sunday",
         "Circulation": "378602"
      },
      {
         "Day": "Daily",
         "Circulation": "130283"
      }
   ],
   "gold": "This statistic shows the daily circulation of the Arizona Republic newspaper in the United States in 2018 . The newspaper had a Sunday circulation of just under 380 thousand in that year .\n"
}