{
   "title": "Games industry M & A transactions cumulative value worldwide 2010 to 2016",
   "xAxis": "Year",
   "yAxis": "Value in million U.S. dollars",
   "columnType": "two",
   "graphType": "line",
   "summaryType": "nlp",
   "summary": [
      "The statistic presents the Value of the industry M transactions from 2010 to 2016 . ",
      "According to the source , the Games industry M decreased by 81.0 million U.S. dollars in 2010 ."
   ],
   "trends": [
      {
         "11": "6",
         "13": "0"
      },
      {
         "11": "6",
         "16": "6"
      }
   ],
   "data": [
      {
         "Year": "2016",
         "Value in million U.S. dollars": "1146.8"
      },
      {
         "Year": "2015",
         "Value in million U.S. dollars": "4362.5"
      },
      {
         "Year": "2014",
         "Value in million U.S. dollars": "7757.4"
      },
      {
         "Year": "2013",
         "Value in million U.S. dollars": "4479.6"
      },
      {
         "Year": "2012",
         "Value in million U.S. dollars": "692.0"
      },
      {
         "Year": "2011",
         "Value in million U.S. dollars": "1423.5"
      },
      {
         "Year": "2010",
         "Value in million U.S. dollars": "81.0"
      }
   ],
   "gold": "This statistic shows the Cumulative value of games market mergers and acquisitions ( M & A ) worldwide from 2010 to 2016 . In 2015 , based on the values of disclosed transactions , the industry 's M & A deals amounted to 4.36 billion U.S. dollars .\n"
}