{
   "title": "Leading brands on Facebook from Indonesia 2017 , by number of fans",
   "xAxis": "Month",
   "yAxis": "Number of fans on Facebook in millions",
   "columnType": "two",
   "graphType": "bar",
   "summaryType": "nlp",
   "summary": [
      "This statistic gives information on the most popular Kang_Dedi_Mulyadi brands worldwide as of 2019 . ",
      "During the measured period , Mario_Teguh had the most popular Kang_Dedi_Mulyadi Mario_Teguh with over 19.99 millions fans worldwide ."
   ],
   "trends": [
      {
         "8": "5"
      },
      {
         "5": "0",
         "10": "5",
         "11": "0",
         "14": "0"
      }
   ],
   "data": [
      {
         "Month": "Mario Teguh",
         "Number of fans on Facebook in millions": "19.99"
      },
      {
         "Month": "DRAWING PENCIL",
         "Number of fans on Facebook in millions": "12.91"
      },
      {
         "Month": "Kompas.com",
         "Number of fans on Facebook in millions": "11.05"
      },
      {
         "Month": "PERSIB Bandung",
         "Number of fans on Facebook in millions": "9.63"
      },
      {
         "Month": "Prabowo Subianto",
         "Number of fans on Facebook in millions": "9.62"
      },
      {
         "Month": "Kang Dedi Mulyadi",
         "Number of fans on Facebook in millions": "9.14"
      },
      {
         "Month": "Facebook Indonesia",
         "Number of fans on Facebook in millions": "9.03"
      },
      {
         "Month": "Iwan Fals",
         "Number of fans on Facebook in millions": "8.51"
      },
      {
         "Month": "Tribunnews.com",
         "Number of fans on Facebook in millions": "8.42"
      },
      {
         "Month": "Liputan6",
         "Number of fans on Facebook in millions": "8.19"
      }
   ],
   "gold": "This statistic provides information on the most popular Facebook brands from Indonesia as of November 2017 . As of that month , motivational speaker Mario Teguh had 19.99 million global fans on the social network .\n"
}