{
   "title": "Total lobbying spending U.S. 1998 to 2019",
   "xAxis": "Year",
   "yAxis": "Spending in billion U.S. dollars",
   "columnType": "two",
   "graphType": "line",
   "summaryType": "nlp",
   "summary": [
      "This statistic shows the worldwide Spending for sponsorship from 1998 to 2019 . ",
      "In 2016 , U.S. spendings on spending U.S. amounted to 3.16 billion U.S. dollars ."
   ],
   "trends": [
      {
         "10": "21",
         "12": "0"
      },
      {
         "1": "3",
         "10": "3"
      }
   ],
   "data": [
      {
         "Year": "2019",
         "Spending in billion U.S. dollars": "3.47"
      },
      {
         "Year": "2018",
         "Spending in billion U.S. dollars": "3.46"
      },
      {
         "Year": "2017",
         "Spending in billion U.S. dollars": "3.38"
      },
      {
         "Year": "2016",
         "Spending in billion U.S. dollars": "3.16"
      },
      {
         "Year": "2015",
         "Spending in billion U.S. dollars": "3.22"
      },
      {
         "Year": "2014",
         "Spending in billion U.S. dollars": "3.25"
      },
      {
         "Year": "2013",
         "Spending in billion U.S. dollars": "3.24"
      },
      {
         "Year": "2012",
         "Spending in billion U.S. dollars": "3.3"
      },
      {
         "Year": "2011",
         "Spending in billion U.S. dollars": "3.32"
      },
      {
         "Year": "2010",
         "Spending in billion U.S. dollars": "3.51"
      },
      {
         "Year": "2009",
         "Spending in billion U.S. dollars": "3.5"
      },
      {
         "Year": "2008",
         "Spending in billion U.S. dollars": "3.31"
      },
      {
         "Year": "2007",
         "Spending in billion U.S. dollars": "2.87"
      },
      {
         "Year": "2006",
         "Spending in billion U.S. dollars": "2.63"
      },
      {
         "Year": "2005",
         "Spending in billion U.S. dollars": "2.44"
      },
      {
         "Year": "2004",
         "Spending in billion U.S. dollars": "2.19"
      },
      {
         "Year": "2003",
         "Spending in billion U.S. dollars": "2.06"
      },
      {
         "Year": "2002",
         "Spending in billion U.S. dollars": "1.83"
      },
      {
         "Year": "2001",
         "Spending in billion U.S. dollars": "1.63"
      },
      {
         "Year": "2000",
         "Spending in billion U.S. dollars": "1.56"
      },
      {
         "Year": "1999",
         "Spending in billion U.S. dollars": "1.44"
      },
      {
         "Year": "1998",
         "Spending in billion U.S. dollars": "1.45"
      }
   ],
   "gold": "This statistic shows the total lobbying spending in the United States from 1998 to 2019 . In 2019 , the total lobbying spending amounted to 3.47 billion U.S. dollars . Additional information on lobbying in the United States Since the turn of the millennium , the amount spent on lobbying in the United States has more than doubled .\n"
}