{
   "title": "Ranking of the most popular blogs in Norway 2019",
   "xAxis": "Month",
   "yAxis": "Number of visitors",
   "columnType": "two",
   "graphType": "bar",
   "summaryType": "nlp",
   "summary": [
      "As of 2019 , it was found that Sophieelise had the highest Number of any Ranking with 34173 million visitors . ",
      "The Martinelunde of people from followed by Annarasmussen with 33363 % of employees . ",
      "The Martinelunde statistic presents the photo sharing app had ."
   ],
   "trends": [
      {
         "8": "0",
         "17": "0"
      },
      {
         "1": "9",
         "7": "1",
         "9": "1"
      },
      {
         "1": "9"
      }
   ],
   "data": [
      {
         "Month": "Sophieelise",
         "Number of visitors": "34173"
      },
      {
         "Month": "Annarasmussen",
         "Number of visitors": "33363"
      },
      {
         "Month": "Isabelleeriksen",
         "Number of visitors": "27246"
      },
      {
         "Month": "Straad",
         "Number of visitors": "23413"
      },
      {
         "Month": "Sofienils1",
         "Number of visitors": "22692"
      },
      {
         "Month": "Pilotfrue",
         "Number of visitors": "21834"
      },
      {
         "Month": "Stina",
         "Number of visitors": "18455"
      },
      {
         "Month": "Sofiemk",
         "Number of visitors": "16394"
      },
      {
         "Month": "Andreaasveinsdottir",
         "Number of visitors": "16346"
      },
      {
         "Month": "Martinelunde",
         "Number of visitors": "11963"
      }
   ],
   "gold": "Sophie Elise ranked first among popular blogs in Norway , as of August 2019 . Her channel covered a variety of topics , but the 21-year-old described herself as blogger , influencer , DJ and author on her page . She reached over 34 thousand visitors for the evaluated period .\n"
}