{
   "title": "Refugee admissions in the U.S. 1990 to 2019",
   "xAxis": "Year",
   "yAxis": "Number of persons",
   "columnType": "two",
   "graphType": "line",
   "summaryType": "nlp",
   "summary": [
      "This statistic gives information on the Refugee admissions U.S. in the 2019 from 1990 to 2019 . ",
      "In 2019 , the Refugee admissions of U.S. in the 2019 was 122066 2019 . ",
      "The Refugee admissions of the U.S. 1990 \u2013 additional information As of 2019 , the 2019 was 122066 2019 ."
   ],
   "trends": [
      {},
      {
         "12": "29"
      },
      {
         "17": "29"
      }
   ],
   "data": [
      {
         "Year": "'19",
         "Number of persons": "30000"
      },
      {
         "Year": "'18",
         "Number of persons": "22491"
      },
      {
         "Year": "'17",
         "Number of persons": "53716"
      },
      {
         "Year": "'16",
         "Number of persons": "84994"
      },
      {
         "Year": "'15",
         "Number of persons": "69933"
      },
      {
         "Year": "'14",
         "Number of persons": "69987"
      },
      {
         "Year": "'13",
         "Number of persons": "69926"
      },
      {
         "Year": "'12",
         "Number of persons": "58238"
      },
      {
         "Year": "'11",
         "Number of persons": "56424"
      },
      {
         "Year": "'10",
         "Number of persons": "73311"
      },
      {
         "Year": "'09",
         "Number of persons": "74654"
      },
      {
         "Year": "'08",
         "Number of persons": "60191"
      },
      {
         "Year": "'07",
         "Number of persons": "48282"
      },
      {
         "Year": "'06",
         "Number of persons": "41223"
      },
      {
         "Year": "'05",
         "Number of persons": "53813"
      },
      {
         "Year": "'04",
         "Number of persons": "52873"
      },
      {
         "Year": "'03",
         "Number of persons": "28403"
      },
      {
         "Year": "'02",
         "Number of persons": "27131"
      },
      {
         "Year": "'01",
         "Number of persons": "69886"
      },
      {
         "Year": "'00",
         "Number of persons": "73147"
      },
      {
         "Year": "'99",
         "Number of persons": "85525"
      },
      {
         "Year": "'98",
         "Number of persons": "77080"
      },
      {
         "Year": "'97",
         "Number of persons": "70488"
      },
      {
         "Year": "'96",
         "Number of persons": "76403"
      },
      {
         "Year": "'95",
         "Number of persons": "99974"
      },
      {
         "Year": "'94",
         "Number of persons": "112981"
      },
      {
         "Year": "'93",
         "Number of persons": "119448"
      },
      {
         "Year": "'92",
         "Number of persons": "132531"
      },
      {
         "Year": "'91",
         "Number of persons": "113389"
      },
      {
         "Year": "'90",
         "Number of persons": "122066"
      }
   ],
   "gold": "This statistic shows the number of refugees admitted to the U.S. from the fiscal year of 1990 to the fiscal year of 2019 . During the fiscal year of 2019 , 30,000 refugees were admitted to the United States .\n"
}