{
   "title": "Life expectancy in Mexico 2017",
   "xAxis": "Year",
   "yAxis": "Life expectancy at birth in years",
   "columnType": "two",
   "graphType": "line",
   "summaryType": "nlp",
   "summary": [
      "The statistic shows the Life expectancy at birth in Mexico from 2007 to 2017 . ",
      "In 2017 , the average Life expectancy at birth in Mexico was 74.95 years ."
   ],
   "trends": [
      {
         "11": "10",
         "13": "0"
      },
      {
         "1": "0",
         "12": "0"
      }
   ],
   "data": [
      {
         "Year": "2017",
         "Life expectancy at birth in years": "74.95"
      },
      {
         "Year": "2016",
         "Life expectancy at birth in years": "74.92"
      },
      {
         "Year": "2015",
         "Life expectancy at birth in years": "74.9"
      },
      {
         "Year": "2014",
         "Life expectancy at birth in years": "74.91"
      },
      {
         "Year": "2013",
         "Life expectancy at birth in years": "74.93"
      },
      {
         "Year": "2012",
         "Life expectancy at birth in years": "74.97"
      },
      {
         "Year": "2011",
         "Life expectancy at birth in years": "75.01"
      },
      {
         "Year": "2010",
         "Life expectancy at birth in years": "75.07"
      },
      {
         "Year": "2009",
         "Life expectancy at birth in years": "75.13"
      },
      {
         "Year": "2008",
         "Life expectancy at birth in years": "75.19"
      },
      {
         "Year": "2007",
         "Life expectancy at birth in years": "75.26"
      }
   ],
   "gold": "The statistic shows the life expectancy at birth in Mexico from 2007 to 2017 . In 2017 , the average life expectancy at birth in Mexico was about 74.95 years .\n"
}