{
   "title": "Boston Red Sox average ticket price 2006 to 2019",
   "xAxis": "Year",
   "yAxis": "Average ticket price in U.S. dollars",
   "columnType": "two",
   "graphType": "line",
   "summaryType": "nlp",
   "summary": [
      "This graph depicts the Average ticket price for Boston Red Sox games in Major League Baseball from 2006 to 2019 . ",
      "In 2019 , the Average ticket price was at 59.32 U.S. dollars ."
   ],
   "trends": [
      {
         "15": "12",
         "17": "0"
      },
      {
         "1": "0",
         "9": "0"
      }
   ],
   "data": [
      {
         "Year": "2019",
         "Average ticket price in U.S. dollars": "59.32"
      },
      {
         "Year": "2018",
         "Average ticket price in U.S. dollars": "56.97"
      },
      {
         "Year": "2016",
         "Average ticket price in U.S. dollars": "54.79"
      },
      {
         "Year": "2015",
         "Average ticket price in U.S. dollars": "52.34"
      },
      {
         "Year": "2014",
         "Average ticket price in U.S. dollars": "52.32"
      },
      {
         "Year": "2013",
         "Average ticket price in U.S. dollars": "53.38"
      },
      {
         "Year": "2012",
         "Average ticket price in U.S. dollars": "53.38"
      },
      {
         "Year": "2011",
         "Average ticket price in U.S. dollars": "53.38"
      },
      {
         "Year": "2010",
         "Average ticket price in U.S. dollars": "52.32"
      },
      {
         "Year": "2009",
         "Average ticket price in U.S. dollars": "50.24"
      },
      {
         "Year": "2008",
         "Average ticket price in U.S. dollars": "48.8"
      },
      {
         "Year": "2007",
         "Average ticket price in U.S. dollars": "47.71"
      },
      {
         "Year": "2006",
         "Average ticket price in U.S. dollars": "46.46"
      }
   ],
   "gold": "This graph depicts the average ticket price for Boston Red Sox games in Major League Baseball from 2006 to 2019 . In 2019 , the average ticket price was at 59.32 U.S. dollars .\n"
}