{
   "title": "Market share of leading insurance companies in Belgium 2015 to 2018",
   "labels": [
      "Insurance Company",
      "2015",
      "2016",
      "2017",
      "2018"
   ],
   "columnType": "multi",
   "graphType": "bar",
   "summary": [
      "The statistic shows the Market share leading insurance companies Belgium in the United Kingdom ( Belgium ) from 2015 to 2018 . ",
      "In 2018 , the average Market share leading insurance of the Belgium was held 2018 with an average of 20.8 Canadian dollars ."
   ],
   "trends": [
      {},
      {
         "19": [
            "0",
            "1"
         ]
      }
   ],
   "data": [
      {
         "Insurance Company": "AG Insurance",
         "2015": "20.8",
         "2016": "22.4",
         "2017": "21",
         "2018": "21.7"
      },
      {
         "Insurance Company": "AXA",
         "2015": "14.2",
         "2016": "12.5",
         "2017": "12.5",
         "2018": "12.1"
      },
      {
         "Insurance Company": "Ethias",
         "2015": "9",
         "2016": "9",
         "2017": "9.1",
         "2018": "9.3"
      },
      {
         "Insurance Company": "KBC",
         "2015": "8.7",
         "2016": "10.1",
         "2017": "9.4",
         "2018": "8.8"
      },
      {
         "Insurance Company": "Belfius",
         "2015": "6.1",
         "2016": "5.6",
         "2017": "6.4",
         "2018": "6.8"
      },
      {
         "Insurance Company": "P&V",
         "2015": "5.9",
         "2016": "5.9",
         "2017": "6",
         "2018": "5.7"
      },
      {
         "Insurance Company": "Allianz",
         "2015": "5.4",
         "2016": "4.5",
         "2017": "5.5",
         "2018": "5.3"
      },
      {
         "Insurance Company": "Baloise",
         "2015": "4.8",
         "2016": "5.1",
         "2017": "5",
         "2018": "4.9"
      },
      {
         "Insurance Company": "NN",
         "2015": "1.9",
         "2016": "4.7",
         "2017": "4.4",
         "2018": "4.9"
      },
      {
         "Insurance Company": "ERGO - DKV - DAS",
         "2015": "4",
         "2016": "4",
         "2017": "3.8",
         "2018": "3.6"
      },
      {
         "Insurance Company": "Generali",
         "2015": "2.3",
         "2016": "2.8",
         "2017": "2.6",
         "2018": "2.7"
      },
      {
         "Insurance Company": "Argenta",
         "2015": "3.1",
         "2016": "2.2",
         "2017": "2.7",
         "2018": "2.5"
      },
      {
         "Insurance Company": "Federale",
         "2015": "1.2",
         "2016": "1.4",
         "2017": "1.4",
         "2018": "1.5"
      },
      {
         "Insurance Company": "Credimo",
         "2015": "0",
         "2016": "0",
         "2017": "0",
         "2018": "1.1"
      },
      {
         "Insurance Company": "Fidea",
         "2015": "0.9",
         "2016": "0.9",
         "2017": "1.1",
         "2018": "1.1"
      },
      {
         "Insurance Company": "Foyer",
         "2015": "0",
         "2016": "0",
         "2017": "0.7",
         "2018": "0"
      },
      {
         "Insurance Company": "Integrale",
         "2015": "0",
         "2016": "0.8",
         "2017": "0",
         "2018": "0"
      },
      {
         "Insurance Company": "Delta Lloyd",
         "2015": "3.3",
         "2016": "0",
         "2017": "0",
         "2018": "0"
      }
   ],
   "gold": "AG Insurance was the largest active company on the Belgian insurance market , reaching a market share of more than 20 percent in 2018 . AXA and KBC reached market share of 12 percent and 9.3 percent respectively . When it comes to health insurance , however , the market shares change .\n"
}