{
   "title": "Average daily television viewing time in France 2005 to 2018",
   "xAxis": "Year",
   "yAxis": "Time in hours and minutes (hh.mm)",
   "columnType": "two",
   "graphType": "line",
   "summaryType": "nlp",
   "summary": [
      "This statistic shows the Time hours of the viewing time of France from 2005 to 2018 . ",
      "In 2018 , the Time hours of France was approximately 3.36 minutes (hh.mm) ."
   ],
   "trends": [
      {
         "13": "13",
         "15": "0"
      },
      {
         "1": "0",
         "10": "0"
      }
   ],
   "data": [
      {
         "Year": "2018",
         "Time in hours and minutes (hh.mm)": "3.36"
      },
      {
         "Year": "2017",
         "Time in hours and minutes (hh.mm)": "3.42"
      },
      {
         "Year": "2016",
         "Time in hours and minutes (hh.mm)": "3.43"
      },
      {
         "Year": "2015",
         "Time in hours and minutes (hh.mm)": "3.44"
      },
      {
         "Year": "2014",
         "Time in hours and minutes (hh.mm)": "3.41"
      },
      {
         "Year": "2013",
         "Time in hours and minutes (hh.mm)": "3.46"
      },
      {
         "Year": "2012",
         "Time in hours and minutes (hh.mm)": "3.5"
      },
      {
         "Year": "2011",
         "Time in hours and minutes (hh.mm)": "3.47"
      },
      {
         "Year": "2010",
         "Time in hours and minutes (hh.mm)": "3.32"
      },
      {
         "Year": "2009",
         "Time in hours and minutes (hh.mm)": "3.25"
      },
      {
         "Year": "2008",
         "Time in hours and minutes (hh.mm)": "3.24"
      },
      {
         "Year": "2007",
         "Time in hours and minutes (hh.mm)": "3.27"
      },
      {
         "Year": "2006",
         "Time in hours and minutes (hh.mm)": "3.24"
      },
      {
         "Year": "2005",
         "Time in hours and minutes (hh.mm)": "3.26"
      }
   ],
   "gold": "This statistic shows the average time individuals spent watching television per day in France from 2005 to 2018 . The data refers to television owners in metropolitan France aged four years and older . In 2018 , the average daily television viewing time in France came to three hours and 36 minutes , six minute less than one year earlier and a continuous slight decrease since 2015 .\n"
}