{
   "title": "Clash of Clans and Clash Royale mobile revenue 2018",
   "xAxis": "Game",
   "yAxis": "Revenue in million U.S. dollars",
   "columnType": "two",
   "graphType": "bar",
   "summaryType": "nlp",
   "summary": [
      "The statistic shows the Revenue of the Clans Clash in the Clans in 2018 , Game . ",
      "In 2018 , the Revenue of the Clans amounted to 567 million U.S. dollars ."
   ],
   "trends": [
      {},
      {
         "11": "0"
      }
   ],
   "data": [
      {
         "Game": "Clash of Clans",
         "Revenue in million U.S. dollars": "567"
      },
      {
         "Game": "Clash Royale",
         "Revenue in million U.S. dollars": "597"
      }
   ],
   "gold": "The statistic presents information on the mobile revenue generated by Clash of Clans and Clash Royale in 2018 . In the measured period , both of the Supercell 's games generated over 500 million U.S. dollars in revenue , with Clash Royale 's revenue reaching 597 million . The game , released on the market in March 2016 , has been considerably more successful in terms of ARPUs .\n"
}