{
   "title": "Smartphone users in Canada 2013 to 2023",
   "xAxis": "Year",
   "yAxis": "Smartphone users in millions",
   "columnType": "two",
   "graphType": "line",
   "summaryType": "nlp",
   "summary": [
      "The number of Smartphone users in Smartphone has increased steadily in recent years , and is expected to keep increasing until at least 2023 . ",
      "By 2023 , there will be an expected 30.4 millions Smartphone users in Smartphone . ",
      "Smartphones : reduced barriers to ownership Just as they reach a higher share of the global population , smart phones also ( there is an `` are '' missing in between those two ) becoming more accessible ."
   ],
   "trends": [
      {
         "23": "0"
      },
      {
         "1": "0",
         "8": "0"
      },
      {}
   ],
   "data": [
      {
         "Year": "2023",
         "Smartphone users in millions": "30.4"
      },
      {
         "Year": "2022",
         "Smartphone users in millions": "29.6"
      },
      {
         "Year": "2021",
         "Smartphone users in millions": "28.7"
      },
      {
         "Year": "2020",
         "Smartphone users in millions": "27.7"
      },
      {
         "Year": "2019",
         "Smartphone users in millions": "26.6"
      },
      {
         "Year": "2018",
         "Smartphone users in millions": "25.4"
      },
      {
         "Year": "2017",
         "Smartphone users in millions": "24.1"
      },
      {
         "Year": "2016",
         "Smartphone users in millions": "22.63"
      },
      {
         "Year": "2015",
         "Smartphone users in millions": "21.09"
      },
      {
         "Year": "2014",
         "Smartphone users in millions": "18.0"
      },
      {
         "Year": "2013",
         "Smartphone users in millions": "15.2"
      }
   ],
   "gold": "This forecast shows the number of smartphone users in Canada from 2013 to 2023 . For 2019 , the number of smartphone users in Canada is estimated to reach 26.6 million . Smartphone users in Canada \u2013 additional information Smartphones are mobile phones that have more advanced computing capabilities and connectivity than regular mobile phones .\n"
}