{
   "title": "LINE Corporation : consolidated revenue 2013 to 2019",
   "xAxis": "Quarter",
   "yAxis": "Revenue in billion Japanese yen",
   "columnType": "two",
   "graphType": "bar",
   "summaryType": "nlp",
   "summary": [
      "In the third Quarter of 2019 , the social network LINE Corporation generated more than 60.8 billion Japanese yen in consolidated , up from 56.0 billion yen in the corresponding Quarter in the previous Quarter . ",
      "The number of monthly consolidated yen in Japan during this quarter amounted to approximately 83 billion people ."
   ],
   "trends": [
      {
         "14": "0",
         "23": "4"
      },
      {}
   ],
   "data": [
      {
         "Quarter": "Q4 '19",
         "Revenue in billion Japanese yen": "60.8"
      },
      {
         "Quarter": "Q3 '19",
         "Revenue in billion Japanese yen": "56.0"
      },
      {
         "Quarter": "Q2 '19",
         "Revenue in billion Japanese yen": "55.4"
      },
      {
         "Quarter": "Q1 '19",
         "Revenue in billion Japanese yen": "55.3"
      },
      {
         "Quarter": "Q4 '18",
         "Revenue in billion Japanese yen": "56.0"
      },
      {
         "Quarter": "Q3 '18",
         "Revenue in billion Japanese yen": "51.9"
      },
      {
         "Quarter": "Q2 '18",
         "Revenue in billion Japanese yen": "50.6"
      },
      {
         "Quarter": "Q1 '18",
         "Revenue in billion Japanese yen": "48.7"
      },
      {
         "Quarter": "Q4 '17",
         "Revenue in billion Japanese yen": "47.9"
      },
      {
         "Quarter": "Q3 '17",
         "Revenue in billion Japanese yen": "44.3"
      },
      {
         "Quarter": "Q2 '17",
         "Revenue in billion Japanese yen": "41.6"
      },
      {
         "Quarter": "Q1 '17",
         "Revenue in billion Japanese yen": "40.7"
      },
      {
         "Quarter": "Q4 '16",
         "Revenue in billion Japanese yen": "37.5"
      },
      {
         "Quarter": "Q3 '16",
         "Revenue in billion Japanese yen": "35.9"
      },
      {
         "Quarter": "Q2 '16",
         "Revenue in billion Japanese yen": "33.9"
      },
      {
         "Quarter": "Q1 '16",
         "Revenue in billion Japanese yen": "33.5"
      },
      {
         "Quarter": "Q4 '15",
         "Revenue in billion Japanese yen": "32.3"
      },
      {
         "Quarter": "Q3 '15",
         "Revenue in billion Japanese yen": "31.9"
      },
      {
         "Quarter": "Q2 '15",
         "Revenue in billion Japanese yen": "28.1"
      },
      {
         "Quarter": "Q1 '15",
         "Revenue in billion Japanese yen": "28.1"
      },
      {
         "Quarter": "Q4 '14",
         "Revenue in billion Japanese yen": "25.8"
      },
      {
         "Quarter": "Q3 '14",
         "Revenue in billion Japanese yen": "23.8"
      },
      {
         "Quarter": "Q2 '14",
         "Revenue in billion Japanese yen": "20.2"
      },
      {
         "Quarter": "Q1 '14",
         "Revenue in billion Japanese yen": "16.6"
      },
      {
         "Quarter": "Q4 '13",
         "Revenue in billion Japanese yen": "15.9"
      },
      {
         "Quarter": "Q3 '13",
         "Revenue in billion Japanese yen": "12.6"
      },
      {
         "Quarter": "Q2 '13",
         "Revenue in billion Japanese yen": "8.2"
      }
   ],
   "gold": "In the fourth quarter of 2019 , the Japanese chat app company LINE Corporation generated almost 61 billion Japanese yen in consolidated sales revenues . The number of monthly active users in Japan during this quarter amounted to approximately 83 million people .\n"
}