{
   "title": "Comic book reading among young people in the UK 2015 , by demographic",
   "xAxis": "Demographic",
   "yAxis": "Share of respondents",
   "columnType": "two",
   "graphType": "bar",
   "summaryType": "nlp",
   "summary": [
      "This statistic presents the distribution of book reading in UK 2015 , broken down 2015 by . ",
      "According to the survey , 34 % of responding UK was Boys with 19.3 % of the respondents that year ."
   ],
   "trends": [
      {},
      {
         "5": "0",
         "11": "0",
         "13": "1"
      }
   ],
   "data": [
      {
         "Demographic": "Boys",
         "Share of respondents": "34"
      },
      {
         "Demographic": "Girls",
         "Share of respondents": "19.3"
      },
      {
         "Demographic": "KS2",
         "Share of respondents": "29.3"
      },
      {
         "Demographic": "KS3",
         "Share of respondents": "27.5"
      },
      {
         "Demographic": "KS4",
         "Share of respondents": "17.6"
      },
      {
         "Demographic": "KS5",
         "Share of respondents": "14.4"
      },
      {
         "Demographic": "White",
         "Share of respondents": "26.2"
      },
      {
         "Demographic": "Mixed",
         "Share of respondents": "30.8"
      },
      {
         "Demographic": "Asian",
         "Share of respondents": "28.6"
      },
      {
         "Demographic": "Black",
         "Share of respondents": "29.1"
      }
   ],
   "gold": "This statistic illustrates the proportion of young people reading comics at least once a month in the United Kingdom in 2015 , by demographic group . In 2015 , 30.8 percent of children from a Mixed ethnic background reported reading comics at least once a month .\n"
}