{
   "title": "Number of live births in the EU in 2018",
   "xAxis": "Year",
   "yAxis": "Number of live births in millions",
   "columnType": "two",
   "graphType": "line",
   "summaryType": "nlp",
   "summary": [
      "This statistic shows the Number live of the National Football League ( EU ) from 2008 to 2018 . ",
      "In 2018 , the Number live of EU amounted to approximately 4.96 millions ."
   ],
   "trends": [
      {
         "15": "10",
         "17": "0"
      },
      {
         "1": "0",
         "11": "0"
      }
   ],
   "data": [
      {
         "Year": "2018",
         "Number of live births in millions": "4.96"
      },
      {
         "Year": "2017",
         "Number of live births in millions": "5.07"
      },
      {
         "Year": "2016",
         "Number of live births in millions": "5.15"
      },
      {
         "Year": "2015",
         "Number of live births in millions": "5.11"
      },
      {
         "Year": "2014",
         "Number of live births in millions": "5.14"
      },
      {
         "Year": "2013",
         "Number of live births in millions": "5.08"
      },
      {
         "Year": "2012",
         "Number of live births in millions": "5.23"
      },
      {
         "Year": "2011",
         "Number of live births in millions": "5.27"
      },
      {
         "Year": "2010",
         "Number of live births in millions": "5.41"
      },
      {
         "Year": "2009",
         "Number of live births in millions": "5.41"
      },
      {
         "Year": "2008",
         "Number of live births in millions": "5.47"
      }
   ],
   "gold": "In 2017 , about 5.07 million babies were born in the European Union , a slight decrease from the year before . Of those 5.06 million , some 785,000 were born in Germany , the most of any EU member state . Live births are the births of children excluding stillbirths ; a key figure that can provide insight to demographic analyses , such as population growth .\n"
}