{
   "title": "GM 's research and development expenditures 2015 to 2019",
   "xAxis": "Year",
   "yAxis": "Expenditures in billion U.S. dollars",
   "columnType": "two",
   "graphType": "line",
   "summaryType": "nlp",
   "summary": [
      "The statistic shows the GM Expenditures of GM worldwide from 2015 to 2019 . ",
      "In 2019 , the GM Expenditures research in GM amounted to about 6.8 billion U.S. dollars ."
   ],
   "trends": [
      {
         "10": "0",
         "12": "4"
      },
      {
         "1": "4",
         "12": "4"
      }
   ],
   "data": [
      {
         "Year": "2015",
         "Expenditures in billion U.S. dollars": "6.0"
      },
      {
         "Year": "2016",
         "Expenditures in billion U.S. dollars": "6.6"
      },
      {
         "Year": "2017",
         "Expenditures in billion U.S. dollars": "7.3"
      },
      {
         "Year": "2018",
         "Expenditures in billion U.S. dollars": "7.8"
      },
      {
         "Year": "2019",
         "Expenditures in billion U.S. dollars": "6.8"
      }
   ],
   "gold": "General Motors incurred around 6.8 billion U.S. dollars in R & D costs in 2019 . This figure puts the car manufacturer 's R & D intensity at five percent . That said , the company declared interest to enter into cost sharing arrangements with third parties .\n"
}