{
   "title": "UEFA Europa League all-time top goalscorers 1971 to 2019",
   "xAxis": "Month",
   "yAxis": "Goals scored",
   "columnType": "two",
   "graphType": "bar",
   "summaryType": "nlp",
   "summary": [
      "As of 23rd 2020 , Henrik_Larsson is the 2019 leader in Goals scored for the Europa League team of UEFA Europa League top a total of 40 Goals scored , followed rather closely by Klaas_Jan_Huntelaar with 34 Goals . ",
      "Klaas_Jan_Huntelaar has passed away back in 1979 and Henrik_Larsson retired from the Europa already back in 1974 so these records are exceptionally old . ",
      "UEFA Europa League not at World Cup 2018 As UEFA Europa League is generally a very prominent country for League and even part of the Big Five , which are the biggest League market countries ( England , Germany Spain , UEFA Europa League ."
   ],
   "trends": [
      {
         "5": "0",
         "25": "0",
         "33": "1",
         "35": "1"
      },
      {
         "0": "1",
         "8": "0"
      },
      {}
   ],
   "data": [
      {
         "Month": "Henrik Larsson",
         "Goals scored": "40"
      },
      {
         "Month": "Klaas Jan Huntelaar",
         "Goals scored": "34"
      },
      {
         "Month": "Aritz Aduriz",
         "Goals scored": "31"
      },
      {
         "Month": "Radamel Falcao",
         "Goals scored": "31"
      },
      {
         "Month": "Dieter M\u00fcller",
         "Goals scored": "29"
      },
      {
         "Month": "Shota Arveladze",
         "Goals scored": "27"
      },
      {
         "Month": "Kevin Gameiro",
         "Goals scored": "26"
      },
      {
         "Month": "Mladen Petri\u0107",
         "Goals scored": "25"
      },
      {
         "Month": "Alessandro Altobelli",
         "Goals scored": "25"
      },
      {
         "Month": "V\u00e1gner Love",
         "Goals scored": "24"
      },
      {
         "Month": "Claudio Pizarro",
         "Goals scored": "24"
      },
      {
         "Month": "Jermain Defoe",
         "Goals scored": "24"
      },
      {
         "Month": "Alan",
         "Goals scored": "23"
      },
      {
         "Month": "\u00d3scar Cardozo",
         "Goals scored": "23"
      },
      {
         "Month": "Dimitris Salpingidis",
         "Goals scored": "23"
      },
      {
         "Month": "Jupp Heynckes",
         "Goals scored": "23"
      },
      {
         "Month": "Ivan Tri\u010dkovski",
         "Goals scored": "23"
      },
      {
         "Month": "J\u00fcrgen Klinsmann",
         "Goals scored": "22"
      },
      {
         "Month": "Dennis Bergkamp",
         "Goals scored": "22"
      },
      {
         "Month": "Aleksandr Kerzhakov",
         "Goals scored": "22"
      },
      {
         "Month": "Martin Chivers",
         "Goals scored": "22"
      },
      {
         "Month": "Karl-Heinz Rummenigge",
         "Goals scored": "22"
      },
      {
         "Month": "Manuel Fernandes",
         "Goals scored": "22"
      }
   ],
   "gold": "As of December 2019 , Henrik Larsson is the European football player with the most goals scored in the UEFA Europa League with a total of 40 goals , followed by Klaas Jan Huntelaar with 34 . The record for most matches played in the Europa League is held by Giuseppe Bergomi with 96 games played before Frank Rost with 90 games under his belt . Further records When it comes to number of appearances of clubs in the Europa League , Sporting Lisbon ranked first , having taken part 32 times in the League and Club Brugge ranked second with 30 appearances .\n"
}