{
   "title": "Gross domestic product ( GDP ) per capita in Bulgaria 2024",
   "xAxis": "Year",
   "yAxis": "GDP per capita in U.S. dollars",
   "columnType": "two",
   "graphType": "line",
   "summaryType": "nlp",
   "summary": [
      "The statistic shows the GDP of the total capita in the Bulgaria from 1984 to 2017 , with projections up until 2024 . ",
      "According to the total market value of all goods and services produced in a country in a Year . ",
      "It is considered to be a very important indicator of the economic strength of a country and a positive change is an indicator of economic growth ."
   ],
   "trends": [
      {
         "13": "40",
         "15": "7",
         "21": "0"
      },
      {},
      {}
   ],
   "data": [
      {
         "Year": "2024",
         "GDP per capita in U.S. dollars": "13316.36"
      },
      {
         "Year": "2023",
         "GDP per capita in U.S. dollars": "12445.46"
      },
      {
         "Year": "2022",
         "GDP per capita in U.S. dollars": "11650.9"
      },
      {
         "Year": "2021",
         "GDP per capita in U.S. dollars": "10887.5"
      },
      {
         "Year": "2020",
         "GDP per capita in U.S. dollars": "10133.07"
      },
      {
         "Year": "2019",
         "GDP per capita in U.S. dollars": "9518.44"
      },
      {
         "Year": "2018",
         "GDP per capita in U.S. dollars": "9313.83"
      },
      {
         "Year": "2017",
         "GDP per capita in U.S. dollars": "8275.44"
      },
      {
         "Year": "2016",
         "GDP per capita in U.S. dollars": "7496.08"
      },
      {
         "Year": "2015",
         "GDP per capita in U.S. dollars": "7017.41"
      },
      {
         "Year": "2014",
         "GDP per capita in U.S. dollars": "7888.56"
      },
      {
         "Year": "2013",
         "GDP per capita in U.S. dollars": "7667.59"
      },
      {
         "Year": "2012",
         "GDP per capita in U.S. dollars": "7399.39"
      },
      {
         "Year": "2011",
         "GDP per capita in U.S. dollars": "7836.58"
      },
      {
         "Year": "2010",
         "GDP per capita in U.S. dollars": "6743.74"
      },
      {
         "Year": "2009",
         "GDP per capita in U.S. dollars": "6859.68"
      },
      {
         "Year": "2008",
         "GDP per capita in U.S. dollars": "7152.79"
      },
      {
         "Year": "2007",
         "GDP per capita in U.S. dollars": "5812.68"
      },
      {
         "Year": "2006",
         "GDP per capita in U.S. dollars": "4444.51"
      },
      {
         "Year": "2005",
         "GDP per capita in U.S. dollars": "3839.45"
      },
      {
         "Year": "2004",
         "GDP per capita in U.S. dollars": "3344.62"
      },
      {
         "Year": "2003",
         "GDP per capita in U.S. dollars": "2689.77"
      },
      {
         "Year": "2002",
         "GDP per capita in U.S. dollars": "2074.58"
      },
      {
         "Year": "2001",
         "GDP per capita in U.S. dollars": "1783.72"
      },
      {
         "Year": "2000",
         "GDP per capita in U.S. dollars": "1613.94"
      },
      {
         "Year": "1999",
         "GDP per capita in U.S. dollars": "1673.66"
      },
      {
         "Year": "1998",
         "GDP per capita in U.S. dollars": "1631.94"
      },
      {
         "Year": "1997",
         "GDP per capita in U.S. dollars": "1228.13"
      },
      {
         "Year": "1996",
         "GDP per capita in U.S. dollars": "1153.87"
      },
      {
         "Year": "1995",
         "GDP per capita in U.S. dollars": "1511.49"
      },
      {
         "Year": "1994",
         "GDP per capita in U.S. dollars": "892.19"
      },
      {
         "Year": "1993",
         "GDP per capita in U.S. dollars": "501.48"
      },
      {
         "Year": "1992",
         "GDP per capita in U.S. dollars": "913.31"
      },
      {
         "Year": "1991",
         "GDP per capita in U.S. dollars": "222.71"
      },
      {
         "Year": "1990",
         "GDP per capita in U.S. dollars": "2253.9"
      },
      {
         "Year": "1989",
         "GDP per capita in U.S. dollars": "5079.81"
      },
      {
         "Year": "1988",
         "GDP per capita in U.S. dollars": "4965.9"
      },
      {
         "Year": "1987",
         "GDP per capita in U.S. dollars": "3030.63"
      },
      {
         "Year": "1986",
         "GDP per capita in U.S. dollars": "2611.0"
      },
      {
         "Year": "1985",
         "GDP per capita in U.S. dollars": "2949.18"
      },
      {
         "Year": "1984",
         "GDP per capita in U.S. dollars": "3446.96"
      }
   ],
   "gold": "The statistic shows gross domestic product ( GDP ) per capita in Bulgaria from 1984 to 2018 , with projections up until 2024 . GDP is the total value of all goods and services produced in a country in a year . It is considered to be a very important indicator of the economic strength of a country and a positive change is an indicator of economic growth .\n"
}