{
   "title": "Urbanization in Nigeria 2018",
   "xAxis": "Year",
   "yAxis": "Share of urban population in total population",
   "columnType": "two",
   "graphType": "line",
   "summaryType": "nlp",
   "summary": [
      "This statistic shows the degree of Urbanization in Nigeria from 2008 to 2018 . ",
      "Urbanization means the Share of urban population in the total population of a country . ",
      "In 2018 , 50.34 % of Nigeria 's total population lived in urban areas and cities ."
   ],
   "trends": [
      {
         "10": "10",
         "12": "0"
      },
      {},
      {
         "1": "0",
         "3": "0"
      }
   ],
   "data": [
      {
         "Year": "2018",
         "Share of urban population in total population": "50.34"
      },
      {
         "Year": "2017",
         "Share of urban population in total population": "49.52"
      },
      {
         "Year": "2016",
         "Share of urban population in total population": "48.68"
      },
      {
         "Year": "2015",
         "Share of urban population in total population": "47.84"
      },
      {
         "Year": "2014",
         "Share of urban population in total population": "46.98"
      },
      {
         "Year": "2013",
         "Share of urban population in total population": "46.12"
      },
      {
         "Year": "2012",
         "Share of urban population in total population": "45.25"
      },
      {
         "Year": "2011",
         "Share of urban population in total population": "44.37"
      },
      {
         "Year": "2010",
         "Share of urban population in total population": "43.48"
      },
      {
         "Year": "2009",
         "Share of urban population in total population": "42.59"
      },
      {
         "Year": "2008",
         "Share of urban population in total population": "41.7"
      }
   ],
   "gold": "This statistic shows the degree of urbanization in Nigeria from 2008 to 2018 . Urbanization means the share of urban population in the total population of a country . In 2018 , 50.34 percent of Nigeria 's total population lived in urban areas and cities .\n"
}