{
   "title": "Gross domestic product ( GDP ) growth rate in Mozambique 2024",
   "xAxis": "Year",
   "yAxis": "GDP growth compared to previous year",
   "columnType": "two",
   "graphType": "line",
   "summaryType": "nlp",
   "summary": [
      "The statistic shows the growth in real GDP in Mozambique from 2014 to 2018 , with projections up until 2024 . ",
      "In 2018 , Mozambique 's real Gross domestic product increased by around 3.27 % compared to the previous Year ."
   ],
   "trends": [
      {
         "11": "10",
         "13": "6",
         "19": "0"
      },
      {
         "1": "6",
         "12": "6"
      }
   ],
   "data": [
      {
         "Year": "2024",
         "GDP growth compared to previous year": "11.47"
      },
      {
         "Year": "2023",
         "GDP growth compared to previous year": "9.24"
      },
      {
         "Year": "2022",
         "GDP growth compared to previous year": "4"
      },
      {
         "Year": "2021",
         "GDP growth compared to previous year": "4"
      },
      {
         "Year": "2020",
         "GDP growth compared to previous year": "6.04"
      },
      {
         "Year": "2019",
         "GDP growth compared to previous year": "1.8"
      },
      {
         "Year": "2018",
         "GDP growth compared to previous year": "3.27"
      },
      {
         "Year": "2017",
         "GDP growth compared to previous year": "3.74"
      },
      {
         "Year": "2016",
         "GDP growth compared to previous year": "3.76"
      },
      {
         "Year": "2015",
         "GDP growth compared to previous year": "6.59"
      },
      {
         "Year": "2014",
         "GDP growth compared to previous year": "7.44"
      }
   ],
   "gold": "The statistic shows the growth in real GDP in Mozambique from 2014 to 2018 , with projections up until 2024 . In 2018 , Mozambique 's real gross domestic product increased by around 3.27 percent compared to the previous year .\n"
}