{
   "title": "Defense spending as share of GDP in the United Kingdom ( UK ) 1980 to 2018",
   "xAxis": "Year",
   "yAxis": "Defense spending as share of GDP",
   "columnType": "two",
   "graphType": "line",
   "summaryType": "nlp",
   "summary": [
      "This statistic shows the Defense spending of the GDP United 1980 of the Defense from 1980 to 2018 . ",
      "In 2018 , the average Defense spending of the United Kingdom was 5.5 share GDP ."
   ],
   "trends": [
      {
         "15": "38",
         "17": "0"
      },
      {
         "1": "0",
         "11": "34"
      }
   ],
   "data": [
      {
         "Year": "2018",
         "Defense spending as share of GDP": "2.1"
      },
      {
         "Year": "2017",
         "Defense spending as share of GDP": "2.1"
      },
      {
         "Year": "2016",
         "Defense spending as share of GDP": "2.1"
      },
      {
         "Year": "2015",
         "Defense spending as share of GDP": "2.1"
      },
      {
         "Year": "2014",
         "Defense spending as share of GDP": "2.2"
      },
      {
         "Year": "2013",
         "Defense spending as share of GDP": "2.3"
      },
      {
         "Year": "2012",
         "Defense spending as share of GDP": "2.2"
      },
      {
         "Year": "2011",
         "Defense spending as share of GDP": "2.4"
      },
      {
         "Year": "2010",
         "Defense spending as share of GDP": "2.5"
      },
      {
         "Year": "2009",
         "Defense spending as share of GDP": "2.5"
      },
      {
         "Year": "2008",
         "Defense spending as share of GDP": "2.4"
      },
      {
         "Year": "2007",
         "Defense spending as share of GDP": "2.3"
      },
      {
         "Year": "2006",
         "Defense spending as share of GDP": "2.3"
      },
      {
         "Year": "2005",
         "Defense spending as share of GDP": "2.4"
      },
      {
         "Year": "2004",
         "Defense spending as share of GDP": "2.2"
      },
      {
         "Year": "2003",
         "Defense spending as share of GDP": "2.3"
      },
      {
         "Year": "2002",
         "Defense spending as share of GDP": "2.4"
      },
      {
         "Year": "2001",
         "Defense spending as share of GDP": "2.5"
      },
      {
         "Year": "2000",
         "Defense spending as share of GDP": "2.5"
      },
      {
         "Year": "1999",
         "Defense spending as share of GDP": "2.5"
      },
      {
         "Year": "1998",
         "Defense spending as share of GDP": "2.6"
      },
      {
         "Year": "1997",
         "Defense spending as share of GDP": "2.7"
      },
      {
         "Year": "1996",
         "Defense spending as share of GDP": "3"
      },
      {
         "Year": "1995",
         "Defense spending as share of GDP": "3.1"
      },
      {
         "Year": "1994",
         "Defense spending as share of GDP": "3.4"
      },
      {
         "Year": "1993",
         "Defense spending as share of GDP": "3.6"
      },
      {
         "Year": "1992",
         "Defense spending as share of GDP": "3.8"
      },
      {
         "Year": "1991",
         "Defense spending as share of GDP": "4.3"
      },
      {
         "Year": "1990",
         "Defense spending as share of GDP": "4.1"
      },
      {
         "Year": "1989",
         "Defense spending as share of GDP": "4.1"
      },
      {
         "Year": "1988",
         "Defense spending as share of GDP": "4.2"
      },
      {
         "Year": "1987",
         "Defense spending as share of GDP": "4.6"
      },
      {
         "Year": "1986",
         "Defense spending as share of GDP": "4.9"
      },
      {
         "Year": "1985",
         "Defense spending as share of GDP": "5.2"
      },
      {
         "Year": "1984",
         "Defense spending as share of GDP": "5.5"
      },
      {
         "Year": "1983",
         "Defense spending as share of GDP": "5.3"
      },
      {
         "Year": "1982",
         "Defense spending as share of GDP": "5.4"
      },
      {
         "Year": "1981",
         "Defense spending as share of GDP": "4.8"
      },
      {
         "Year": "1980",
         "Defense spending as share of GDP": "5"
      }
   ],
   "gold": "In 2018 , the United Kingdom 's defense spending as a share of Gross Domestic Product was 2.1 percent . Since 1980 , the UK 's defense spending was at it 's highest in 1984 when 5.5 percent of the UK 's GDP was spent on the military . After 1984 , defense spending declined gradually , and then at a much faster pace after the end of the Cold War in 1991 , with the United Kingdom only just reaching the two percent benchmark set by NATO by 2018 .\n"
}