{
   "title": "Global electricity consumption 1980 to 2016",
   "xAxis": "Year",
   "yAxis": "Net consumption in billion kilowatt hours",
   "columnType": "two",
   "graphType": "line",
   "summaryType": "nlp",
   "summary": [
      "This statistic shows the Net of the consumption of the billion 2016 Global from 1980 to 2016 . ",
      "The Net of the consumption that Year was 21801 billion kilowatt ."
   ],
   "trends": [
      {
         "14": "12",
         "16": "0"
      },
      {
         "8": "0"
      }
   ],
   "data": [
      {
         "Year": "2016",
         "Net consumption in billion kilowatt hours": "21801"
      },
      {
         "Year": "2015",
         "Net consumption in billion kilowatt hours": "21192"
      },
      {
         "Year": "2014",
         "Net consumption in billion kilowatt hours": "20761"
      },
      {
         "Year": "2013",
         "Net consumption in billion kilowatt hours": "20340"
      },
      {
         "Year": "2012",
         "Net consumption in billion kilowatt hours": "19713"
      },
      {
         "Year": "2011",
         "Net consumption in billion kilowatt hours": "19324"
      },
      {
         "Year": "2010",
         "Net consumption in billion kilowatt hours": "18643"
      },
      {
         "Year": "2005",
         "Net consumption in billion kilowatt hours": "15717"
      },
      {
         "Year": "2000",
         "Net consumption in billion kilowatt hours": "13253"
      },
      {
         "Year": "1995",
         "Net consumption in billion kilowatt hours": "11486"
      },
      {
         "Year": "1990",
         "Net consumption in billion kilowatt hours": "10395"
      },
      {
         "Year": "1985",
         "Net consumption in billion kilowatt hours": "8657"
      },
      {
         "Year": "1980",
         "Net consumption in billion kilowatt hours": "7323"
      }
   ],
   "gold": "This statistic represents worldwide electricity consumption between 1980 and 2016 . In 2016 , the world 's electricity consumption amounted to approximately 21.8 trillion kilowatt hours . One quadrillion watts is approximately equal to one petawatt .\n"
}