{
   "title": "Volvo Group - global number of employees 2003 to 2018",
   "xAxis": "Year",
   "yAxis": "Number of employees",
   "columnType": "two",
   "graphType": "line",
   "summaryType": "nlp",
   "summary": [
      "The statistic illustrates the Number of employees the Group global number employees 2003 to 2018 . ",
      "According to the source , the Number of the Group global decreased by over 4 % ."
   ],
   "trends": [
      {
         "13": "15",
         "15": "0"
      },
      {}
   ],
   "data": [
      {
         "Year": "2018",
         "Number of employees": "105175"
      },
      {
         "Year": "2017",
         "Number of employees": "99488"
      },
      {
         "Year": "2016",
         "Number of employees": "94914"
      },
      {
         "Year": "2015",
         "Number of employees": "99501"
      },
      {
         "Year": "2014",
         "Number of employees": "92828"
      },
      {
         "Year": "2013",
         "Number of employees": "95533"
      },
      {
         "Year": "2012",
         "Number of employees": "98717"
      },
      {
         "Year": "2011",
         "Number of employees": "98162"
      },
      {
         "Year": "2010",
         "Number of employees": "90409"
      },
      {
         "Year": "2009",
         "Number of employees": "90208"
      },
      {
         "Year": "2008",
         "Number of employees": "101380"
      },
      {
         "Year": "2007",
         "Number of employees": "101700"
      },
      {
         "Year": "2006",
         "Number of employees": "83190"
      },
      {
         "Year": "2005",
         "Number of employees": "81860"
      },
      {
         "Year": "2004",
         "Number of employees": "81080"
      },
      {
         "Year": "2003",
         "Number of employees": "75740"
      }
   ],
   "gold": "This statistic represents the global number of Volvo Group employees from 2002 to 2018 . In 2018 , the Volvo Group had around 105,175 employees worldwide . This figure is considerably lower than that of other vehicle manufacturers : General Motors employed around 180,000 people in 2017 .\n"
}