{
   "title": "Most popular social network sites in Asian countries in 2013",
   "xAxis": "Country and Platform",
   "yAxis": "Number of registered users (in millions)",
   "columnType": "two",
   "graphType": "bar",
   "summaryType": "nlp",
   "summary": [
      "The statistic shows the Most popular social of the network sites China_(QZone) in 2013 . ",
      "The China_(QZone) , with the largest Number of the Asian with over 598.0 million (in millions) ."
   ],
   "trends": [
      {
         "11": "0"
      },
      {
         "1": "0",
         "12": "0"
      }
   ],
   "data": [
      {
         "Country and Platform": "China (QZone)",
         "Number of registered users (in millions)": "598.0"
      },
      {
         "Country and Platform": "India (Facebook)",
         "Number of registered users (in millions)": "63.0"
      },
      {
         "Country and Platform": "Indonesia (Facebook)",
         "Number of registered users (in millions)": "48.0"
      },
      {
         "Country and Platform": "Japan (LINE)",
         "Number of registered users (in millions)": "36.0"
      },
      {
         "Country and Platform": "Philippines (Facebook)",
         "Number of registered users (in millions)": "30.0"
      },
      {
         "Country and Platform": "South Korea (Kakaotalk)",
         "Number of registered users (in millions)": "19.0"
      },
      {
         "Country and Platform": "Thailand (Facebook)",
         "Number of registered users (in millions)": "18.0"
      },
      {
         "Country and Platform": "Taiwan (Facebook)",
         "Number of registered users (in millions)": "13.0"
      },
      {
         "Country and Platform": "Malaysia (Facebook)",
         "Number of registered users (in millions)": "13.0"
      },
      {
         "Country and Platform": "Vietnam (Facebook)",
         "Number of registered users (in millions)": "12.0"
      },
      {
         "Country and Platform": "Pakistan (Facebook)",
         "Number of registered users (in millions)": "8.0"
      },
      {
         "Country and Platform": "Hong Kong (Facebook)",
         "Number of registered users (in millions)": "3.7"
      },
      {
         "Country and Platform": "Bangladesh (Facebook)",
         "Number of registered users (in millions)": "3.4"
      },
      {
         "Country and Platform": "Singapore (Facebook)",
         "Number of registered users (in millions)": "2.7"
      },
      {
         "Country and Platform": "Sri Lanka (Facebook)",
         "Number of registered users (in millions)": "1.6"
      }
   ],
   "gold": "This statistic shows the most popular social networking sites in selected Asian countries , based on user figures . As of May 2013 , Facebook was the most popular social network in Singapore with 2.7 million registered users .\n"
}