{
   "title": "India : mobile activities as of January 2018",
   "xAxis": "Response",
   "yAxis": "Share of respondents",
   "columnType": "two",
   "graphType": "bar",
   "summaryType": "nlp",
   "summary": [
      "This statistic presents the distribution of users in the India who have used activities Play_games as of 2017 . ",
      "During the survey , it was found that 21 % of respondents stated that they watched India videos Visit_a_social_network a Play_games ."
   ],
   "trends": [
      {
         "14": "4"
      },
      {
         "8": "0",
         "18": "0",
         "20": "4"
      }
   ],
   "data": [
      {
         "Response": "Visit a social network",
         "Share of respondents": "21"
      },
      {
         "Response": "Watch videos",
         "Share of respondents": "16"
      },
      {
         "Response": "Use a search engine",
         "Share of respondents": "15"
      },
      {
         "Response": "Look for product information",
         "Share of respondents": "4"
      },
      {
         "Response": "Play games",
         "Share of respondents": "4"
      }
   ],
   "gold": "This statistic presents the most popular smartphone activities in India as of January 2018 . During a survey , it was found that 21 percent of the respondents visited a social network , while 16 percent watched videos .\n"
}