{
   "title": "South Africa : number of internet users 2017 to 2023",
   "xAxis": "Year",
   "yAxis": "Number of internet users in millions",
   "columnType": "two",
   "graphType": "line",
   "summaryType": "nlp",
   "summary": [
      "In 2018 , the Number of internet users in South Africa amounted to 36.6 millions . ",
      "This figure is projected to grow 49.0 millions in 2023 . ",
      "The internet penetration in South Africa is projected to grow 49.0 millions in 2023 ."
   ],
   "trends": [
      {
         "1": "5",
         "12": "5"
      },
      {
         "7": "0",
         "10": "0"
      },
      {
         "10": "0",
         "13": "0"
      }
   ],
   "data": [
      {
         "Year": "2023",
         "Number of internet users in millions": "49.0"
      },
      {
         "Year": "2022",
         "Number of internet users in millions": "46.8"
      },
      {
         "Year": "2021",
         "Number of internet users in millions": "44.4"
      },
      {
         "Year": "2020",
         "Number of internet users in millions": "41.9"
      },
      {
         "Year": "2019",
         "Number of internet users in millions": "39.3"
      },
      {
         "Year": "2018",
         "Number of internet users in millions": "36.6"
      },
      {
         "Year": "2017",
         "Number of internet users in millions": "33.9"
      }
   ],
   "gold": "This statistic provides information on the number of internet users in South Africa from 2017 to 2023 . In 2018 , South Africa had 36.6 million internet users . This figure is projected to grow to 49 million internet users in 2022 .\n"
}