{
   "title": "Total sales of Olive Garden in the U.S. 2016 to 2019",
   "xAxis": "Year",
   "yAxis": "Sales in billion U.S. dollars",
   "columnType": "two",
   "graphType": "line",
   "summaryType": "nlp",
   "summary": [
      "The statistic depicts the annual sales of smartphones in the Total from 2016 to 2019 . ",
      "In 2016 , the Sales of billion sales amounted to 3.84 billion U.S. dollars ."
   ],
   "trends": [
      {
         "13": "3",
         "15": "0"
      },
      {
         "1": "3",
         "11": "3"
      }
   ],
   "data": [
      {
         "Year": "2019",
         "Sales in billion U.S. dollars": "4.29"
      },
      {
         "Year": "2018",
         "Sales in billion U.S. dollars": "4.08"
      },
      {
         "Year": "2017",
         "Sales in billion U.S. dollars": "3.94"
      },
      {
         "Year": "2016",
         "Sales in billion U.S. dollars": "3.84"
      }
   ],
   "gold": "This statistic shows the total sales of Olive Garden in the United States from 2016 to 2019 . In 2019 , Olive Garden 's U.S. sales reached approximately 4.29 billion U.S. dollars , up from 4.08 billion in 2018 .\n"
}