{
   "title": "Number of M & A transactions in Asia 2015 - 2017 , by country",
   "labels": [
      "Quarter",
      "Australia",
      "China/Hong Kong",
      "India",
      "Japan"
   ],
   "columnType": "multi",
   "graphType": "bar",
   "summary": [
      "This statistic shows the Number M of the Number M A transactions from Q3_2017 to Q3_2015 , sorted 2015 2017 . ",
      "In the second Quarter of Q1_2016 , the 16 % of M were China/Hong in the Number M A ."
   ],
   "trends": [
      {
         "11": [
            "0",
            "0"
         ],
         "13": [
            "8",
            "0"
         ]
      },
      {
         "5": [
            "6",
            "0"
         ]
      }
   ],
   "data": [
      {
         "Quarter": "Q3 2017",
         "Australia": "328",
         "China/Hong Kong": "983",
         "India": "156",
         "Japan": "492"
      },
      {
         "Quarter": "Q2 2017",
         "Australia": "328",
         "China/Hong Kong": "930",
         "India": "173",
         "Japan": "456"
      },
      {
         "Quarter": "Q1 2017",
         "Australia": "321",
         "China/Hong Kong": "771",
         "India": "228",
         "Japan": "446"
      },
      {
         "Quarter": "Q4 2016",
         "Australia": "404",
         "China/Hong Kong": "1059",
         "India": "221",
         "Japan": "445"
      },
      {
         "Quarter": "Q3 2016",
         "Australia": "364",
         "China/Hong Kong": "916",
         "India": "258",
         "Japan": "437"
      },
      {
         "Quarter": "Q2 2016",
         "Australia": "358",
         "China/Hong Kong": "732",
         "India": "254",
         "Japan": "394"
      },
      {
         "Quarter": "Q1 2016",
         "Australia": "362",
         "China/Hong Kong": "746",
         "India": "286",
         "Japan": "425"
      },
      {
         "Quarter": "Q4 2015",
         "Australia": "402",
         "China/Hong Kong": "932",
         "India": "241",
         "Japan": "384"
      },
      {
         "Quarter": "Q3 2015",
         "Australia": "394",
         "China/Hong Kong": "896",
         "India": "271",
         "Japan": "381"
      }
   ],
   "gold": "The statistic presents the number of merger and acquisition transactions in Asia from the third quarter of 2015 to the third quarter of 2017 , by country . In the third quarter of 2017 , there were 983 M & A deals in China and Hong Kong .\n"
}