{
   "title": "Leading European city tourism destinations in 2018 , by number of bednights",
   "xAxis": "European City Destination",
   "yAxis": "Number of bednights in millions",
   "columnType": "two",
   "graphType": "bar",
   "summaryType": "nlp",
   "summary": [
      "This statistic shows the Leading European Number of the tourism in European 2018 , number bednights . ",
      "The Leading European Number bednights of European stood at 32.87 millions in 2018 ."
   ],
   "trends": [
      {},
      {
         "9": "2"
      }
   ],
   "data": [
      {
         "European City Destination": "London",
         "Number of bednights in millions": "71.16"
      },
      {
         "European City Destination": "Paris",
         "Number of bednights in millions": "52.55"
      },
      {
         "European City Destination": "Berlin",
         "Number of bednights in millions": "32.87"
      },
      {
         "European City Destination": "Rome",
         "Number of bednights in millions": "28.55"
      },
      {
         "European City Destination": "Istanbul",
         "Number of bednights in millions": "20.98"
      },
      {
         "European City Destination": "Madrid",
         "Number of bednights in millions": "19.83"
      },
      {
         "European City Destination": "Barcelona",
         "Number of bednights in millions": "19.29"
      },
      {
         "European City Destination": "Prague",
         "Number of bednights in millions": "18.25"
      },
      {
         "European City Destination": "Vienna",
         "Number of bednights in millions": "17.41"
      },
      {
         "European City Destination": "Munich",
         "Number of bednights in millions": "17.12"
      },
      {
         "European City Destination": "Amsterdam",
         "Number of bednights in millions": "16.94"
      },
      {
         "European City Destination": "Stockholm",
         "Number of bednights in millions": "14.59"
      },
      {
         "European City Destination": "Hamburg",
         "Number of bednights in millions": "14.53"
      },
      {
         "European City Destination": "Milan",
         "Number of bednights in millions": "12.29"
      },
      {
         "European City Destination": "Lisbon",
         "Number of bednights in millions": "10.76"
      }
   ],
   "gold": "With approximately 71 million bednights , London is the most popular European city destination in the ECM benchmarking report . International visitors to London continually increased over the decade and measured over 19 million in 2018 . In second place was London 's competitor , Paris - the French capital accounted for around 53 million bednights .\n"
}