{
   "title": "Revenue of the global eSports market 2012 to 2022",
   "xAxis": "Year",
   "yAxis": "Revenue in million U.S. dollars",
   "columnType": "two",
   "graphType": "line",
   "summaryType": "nlp",
   "summary": [
      "The statistic depicts the Revenue of the Revenue from 2012 to 2022 . ",
      "In 2022 , the Revenue of the Major League Baseball franchise amounted to 1790 million U.S. dollars.The Revenue are owned by Ken Kendrick , who bought the franchise for 238 million U.S. dollars in 2012 ."
   ],
   "trends": [
      {
         "9": "7",
         "11": "0"
      },
      {
         "1": "0",
         "13": "0",
         "34": "14"
      }
   ],
   "data": [
      {
         "Year": "2022",
         "Revenue in million U.S. dollars": "1790"
      },
      {
         "Year": "2019",
         "Revenue in million U.S. dollars": "1096"
      },
      {
         "Year": "2018",
         "Revenue in million U.S. dollars": "865"
      },
      {
         "Year": "2017",
         "Revenue in million U.S. dollars": "655"
      },
      {
         "Year": "2016",
         "Revenue in million U.S. dollars": "493"
      },
      {
         "Year": "2015",
         "Revenue in million U.S. dollars": "325"
      },
      {
         "Year": "2014",
         "Revenue in million U.S. dollars": "194"
      },
      {
         "Year": "2012",
         "Revenue in million U.S. dollars": "130"
      }
   ],
   "gold": "This statistic shows the global eSports market revenue from 2012 to 2022 . In 2018 , the global eSports market was valued at nearly 865 million U.S. dollars . According to the source 's estimates , global eSports market revenue will reach 1.79 billion U.S. dollars in 2022 .\n"
}