{
   "title": "Italy : market share of coffee pods and capsules 2014 - 2018 , by segment",
   "labels": [
      "Year",
      "Family",
      "Office",
      "HoReCa"
   ],
   "columnType": "multi",
   "graphType": "line",
   "summary": [
      "In 2018 , the share of Italy market in Italy amounted to nearly 24.3 billion U.S. dollars . ",
      "This was an increase of GDP per million U.S. dollars in 2014 . ",
      "The forecast is projected to grow about 24.3 billion U.S. dollars in 2018 ."
   ],
   "trends": [
      {
         "1": [
            "0",
            "0"
         ],
         "13": [
            "0",
            "2"
         ]
      },
      {
         "11": [
            "4",
            "0"
         ]
      },
      {
         "13": [
            "0",
            "0"
         ]
      }
   ],
   "data": [
      {
         "Year": "2018",
         "Family": "71.3",
         "Office": "24.3",
         "HoReCa": "4.4"
      },
      {
         "Year": "2017",
         "Family": "70.6",
         "Office": "25",
         "HoReCa": "4.4"
      },
      {
         "Year": "2016",
         "Family": "69.9",
         "Office": "25.7",
         "HoReCa": "4.4"
      },
      {
         "Year": "2015",
         "Family": "69.1",
         "Office": "26.5",
         "HoReCa": "4.4"
      },
      {
         "Year": "2014",
         "Family": "68.2",
         "Office": "27.4",
         "HoReCa": "4.4"
      }
   ],
   "gold": "This timeline illustrates the market share of coffee pods and capsules in Italy between 2014 and 2018 , broken down by segment . Over the survey period , the market share of coffee pods and capsules designated to families has increased from 68.2 percent of the whole market to 71.3 percent . On the contrary , the market share of coffee pods and capsules for the HoReCa industry had been stable around four percent .\n"
}