{
   "title": "Percentage of e-commerce in total U.S. Q4 retail sales 2010 to 2019",
   "xAxis": "Quarter",
   "yAxis": "Estimated share of e-commerce in total sales",
   "columnType": "two",
   "graphType": "bar",
   "summaryType": "nlp",
   "summary": [
      "This statistic shows the Percentage e-commerce total U.S. Q4 Estimated share in the United Kingdom ( U.S. Q4 ) from 2010 to 2019 , in percentage total sales . ",
      "In the first Quarter of 2019 , the total U.S. Q4 Estimated share increased to 11.5 % total ."
   ],
   "trends": [
      {},
      {
         "15": "0"
      }
   ],
   "data": [
      {
         "Quarter": "Q4 '19",
         "Estimated share of e-commerce in total sales": "11.5"
      },
      {
         "Quarter": "Q4 '18",
         "Estimated share of e-commerce in total sales": "10.1"
      },
      {
         "Quarter": "Q4 '17",
         "Estimated share of e-commerce in total sales": "9.1"
      },
      {
         "Quarter": "Q4 '16",
         "Estimated share of e-commerce in total sales": "8.2"
      },
      {
         "Quarter": "Q4 '15",
         "Estimated share of e-commerce in total sales": "7.5"
      },
      {
         "Quarter": "Q4 '14",
         "Estimated share of e-commerce in total sales": "6.6"
      },
      {
         "Quarter": "Q4 '13",
         "Estimated share of e-commerce in total sales": "6.1"
      },
      {
         "Quarter": "Q4 '12",
         "Estimated share of e-commerce in total sales": "5.5"
      },
      {
         "Quarter": "Q4 '11",
         "Estimated share of e-commerce in total sales": "5.1"
      },
      {
         "Quarter": "Q4 '10",
         "Estimated share of e-commerce in total sales": "4.6"
      }
   ],
   "gold": "This statistic shows the estimated U.S. total and e-commerce figures of U.S. retail in the fourth quarter of 2010 to 2019 . In the fourth quarter of 2010 , the share of e-commerce in total U.S. retail sales was 4.6 percent and more than doubled in 2019 , where e-commerce sales amounted to 11.5 percent of total retail sales in the holiday quarter .\n"
}