{
   "title": "Amazon : quarterly net revenue 2007 to 2019",
   "xAxis": "Quarter",
   "yAxis": "Revenue in billion U.S. dollars",
   "columnType": "two",
   "graphType": "bar",
   "summaryType": "nlp",
   "summary": [
      "In the last measured Quarter , The Amazon Company generated 87.44 billion U.S. dollars in Revenue . ",
      "Amazon 's first fiscal Quarter of 2019 was a strong one , which the Amazon partially attributed to the success of its new streaming service , Amazon Plus ( stylized as Disney+ ) . ",
      "The Amazon Company : financial dataDisney 's revenue net income often varies wildly throughout each fiscal year , sometimes surpassing four or five billion U.S. dollars and other times dipping below one billion ."
   ],
   "trends": [
      {
         "10": "0"
      },
      {},
      {}
   ],
   "data": [
      {
         "Quarter": "Q4 '19",
         "Revenue in billion U.S. dollars": "87.44"
      },
      {
         "Quarter": "Q3 '19",
         "Revenue in billion U.S. dollars": "69.98"
      },
      {
         "Quarter": "Q2 '19",
         "Revenue in billion U.S. dollars": "63.4"
      },
      {
         "Quarter": "Q1 '19",
         "Revenue in billion U.S. dollars": "59.7"
      },
      {
         "Quarter": "Q4 '18",
         "Revenue in billion U.S. dollars": "72.38"
      },
      {
         "Quarter": "Q3 '18",
         "Revenue in billion U.S. dollars": "56.58"
      },
      {
         "Quarter": "Q2 '18",
         "Revenue in billion U.S. dollars": "52.89"
      },
      {
         "Quarter": "Q1 '18",
         "Revenue in billion U.S. dollars": "51.04"
      },
      {
         "Quarter": "Q4 '17",
         "Revenue in billion U.S. dollars": "60.5"
      },
      {
         "Quarter": "Q3 '17",
         "Revenue in billion U.S. dollars": "43.74"
      },
      {
         "Quarter": "Q2 '17",
         "Revenue in billion U.S. dollars": "37.96"
      },
      {
         "Quarter": "Q1 '17",
         "Revenue in billion U.S. dollars": "35.71"
      },
      {
         "Quarter": "Q4 '16",
         "Revenue in billion U.S. dollars": "43.74"
      },
      {
         "Quarter": "Q3 '16",
         "Revenue in billion U.S. dollars": "32.71"
      },
      {
         "Quarter": "Q2 '16",
         "Revenue in billion U.S. dollars": "30.4"
      },
      {
         "Quarter": "Q1 '16",
         "Revenue in billion U.S. dollars": "29.13"
      },
      {
         "Quarter": "Q4 '15",
         "Revenue in billion U.S. dollars": "35.75"
      },
      {
         "Quarter": "Q3 '15",
         "Revenue in billion U.S. dollars": "25.36"
      },
      {
         "Quarter": "Q2 '15",
         "Revenue in billion U.S. dollars": "23.19"
      },
      {
         "Quarter": "Q1 '15",
         "Revenue in billion U.S. dollars": "22.72"
      },
      {
         "Quarter": "Q4 '14",
         "Revenue in billion U.S. dollars": "29.33"
      },
      {
         "Quarter": "Q3 '14",
         "Revenue in billion U.S. dollars": "20.58"
      },
      {
         "Quarter": "Q2 '14",
         "Revenue in billion U.S. dollars": "19.34"
      },
      {
         "Quarter": "Q1 '14",
         "Revenue in billion U.S. dollars": "19.74"
      },
      {
         "Quarter": "Q4 '13",
         "Revenue in billion U.S. dollars": "25.59"
      },
      {
         "Quarter": "Q3 '13",
         "Revenue in billion U.S. dollars": "17.09"
      },
      {
         "Quarter": "Q2 '13",
         "Revenue in billion U.S. dollars": "15.7"
      },
      {
         "Quarter": "Q1 '13",
         "Revenue in billion U.S. dollars": "16.07"
      },
      {
         "Quarter": "Q4 '12",
         "Revenue in billion U.S. dollars": "21.27"
      },
      {
         "Quarter": "Q3 '12",
         "Revenue in billion U.S. dollars": "13.81"
      },
      {
         "Quarter": "Q2 '12",
         "Revenue in billion U.S. dollars": "12.83"
      },
      {
         "Quarter": "Q1 '12",
         "Revenue in billion U.S. dollars": "13.19"
      },
      {
         "Quarter": "Q4 '11",
         "Revenue in billion U.S. dollars": "17.43"
      },
      {
         "Quarter": "Q3 '11",
         "Revenue in billion U.S. dollars": "10.88"
      },
      {
         "Quarter": "Q2 '11",
         "Revenue in billion U.S. dollars": "9.91"
      },
      {
         "Quarter": "Q1 '11",
         "Revenue in billion U.S. dollars": "9.86"
      },
      {
         "Quarter": "Q4 '10",
         "Revenue in billion U.S. dollars": "12.95"
      },
      {
         "Quarter": "Q3 '10",
         "Revenue in billion U.S. dollars": "7.56"
      },
      {
         "Quarter": "Q2 '10",
         "Revenue in billion U.S. dollars": "6.57"
      },
      {
         "Quarter": "Q1 '10",
         "Revenue in billion U.S. dollars": "7.13"
      },
      {
         "Quarter": "Q4 '09",
         "Revenue in billion U.S. dollars": "9.52"
      },
      {
         "Quarter": "Q3 '09",
         "Revenue in billion U.S. dollars": "5.45"
      },
      {
         "Quarter": "Q2 '09",
         "Revenue in billion U.S. dollars": "4.65"
      },
      {
         "Quarter": "Q1 '09",
         "Revenue in billion U.S. dollars": "4.89"
      },
      {
         "Quarter": "Q4 '08",
         "Revenue in billion U.S. dollars": "6.7"
      },
      {
         "Quarter": "Q3 '08",
         "Revenue in billion U.S. dollars": "4.26"
      },
      {
         "Quarter": "Q2 '08",
         "Revenue in billion U.S. dollars": "4.06"
      },
      {
         "Quarter": "Q1 '08",
         "Revenue in billion U.S. dollars": "4.14"
      },
      {
         "Quarter": "Q4 '07",
         "Revenue in billion U.S. dollars": "5.67"
      },
      {
         "Quarter": "Q3 '07",
         "Revenue in billion U.S. dollars": "3.26"
      },
      {
         "Quarter": "Q2 '07",
         "Revenue in billion U.S. dollars": "2.89"
      },
      {
         "Quarter": "Q1 '07",
         "Revenue in billion U.S. dollars": "3.02"
      }
   ],
   "gold": "During the fourth quarter of 2019 , Amazon generated total net sales of almost 87.44 billion U.S. dollars , up from 69.98 billion U.S. dollars in the preceding quarter . The majority of Amazon revenues were via net product sales . Amazon \u2013 additional information Launched in 1995 in the United States as an online bookshop , Amazon has grown into an international e-commerce company with separate retail websites in North America for the United States and Canada .\n"
}