{
   "title": "Number of available apps in the Apple App Store 2008 to 2017",
   "xAxis": "Month",
   "yAxis": "Number of available apps",
   "columnType": "two",
   "graphType": "bar",
   "summaryType": "nlp",
   "summary": [
      "This statistic shows the Number of available applications in the Number Apple App Store Store from 2009 to 2019 . ",
      "The Number of available apps in the Number Apple App Store Store was most recently placed at 2200000 million apps , after surpassing 225000 million apps in 2013 . ",
      "Number Apple App Store was originally launched in October 2008 under the name Android Market ."
   ],
   "trends": [
      {},
      {
         "15": "0",
         "21": "17"
      },
      {}
   ],
   "data": [
      {
         "Month": "Jan '17",
         "Number of available apps": "2200000"
      },
      {
         "Month": "Jun '16",
         "Number of available apps": "2000000"
      },
      {
         "Month": "Jun '15",
         "Number of available apps": "1500000"
      },
      {
         "Month": "Jan '15",
         "Number of available apps": "1400000"
      },
      {
         "Month": "Sep '14",
         "Number of available apps": "1300000"
      },
      {
         "Month": "Jun '14",
         "Number of available apps": "1200000"
      },
      {
         "Month": "Oct '13",
         "Number of available apps": "1000000"
      },
      {
         "Month": "Jun '13",
         "Number of available apps": "900000"
      },
      {
         "Month": "May '13",
         "Number of available apps": "850000"
      },
      {
         "Month": "Jan '13",
         "Number of available apps": "800000"
      },
      {
         "Month": "Sep '12",
         "Number of available apps": "700000"
      },
      {
         "Month": "Jun '12",
         "Number of available apps": "650000"
      },
      {
         "Month": "Mar '12",
         "Number of available apps": "585000"
      },
      {
         "Month": "Oct '11",
         "Number of available apps": "500000"
      },
      {
         "Month": "Jun '11",
         "Number of available apps": "425000"
      },
      {
         "Month": "Jan '11",
         "Number of available apps": "350000"
      },
      {
         "Month": "Oct '10",
         "Number of available apps": "300000"
      },
      {
         "Month": "Jun '10",
         "Number of available apps": "225000"
      },
      {
         "Month": "Mar '10",
         "Number of available apps": "150000"
      },
      {
         "Month": "Nov '09",
         "Number of available apps": "100000"
      },
      {
         "Month": "Jul '09",
         "Number of available apps": "65000"
      },
      {
         "Month": "Apr '09",
         "Number of available apps": "35000"
      },
      {
         "Month": "Sep '08",
         "Number of available apps": "3000"
      },
      {
         "Month": "Jul '08",
         "Number of available apps": "800"
      }
   ],
   "gold": "This statistic gives information on the number of available apps in the Apple App Store since July 2008 . As of January 2017 , 2.2 million mobile apps were available to download for various iOS devices . Apple App Store \u2013 additional information The Apple App Store allows users to browse and download applications to their iPhone , iPod Touch , of iPad .\n"
}