{
   "title": "Construction costs for selected airports up to 2012",
   "xAxis": "Airport",
   "yAxis": "Costs in billion euros",
   "columnType": "two",
   "graphType": "bar",
   "summaryType": "nlp",
   "summary": [
      "The statistic presents the for of people in the for in 2012 , based on airports Costs billion . ",
      "According to the source , Hong_Kong_(China) was the for network , with 15.9 billion of euros , followed by Kansai/Osaka_(Japan) with 15.9 billion euros ."
   ],
   "trends": [
      {},
      {
         "5": "0",
         "12": "0",
         "20": "1",
         "22": "1"
      }
   ],
   "data": [
      {
         "Airport": "Hong Kong (China)",
         "Costs in billion euros": "15.9"
      },
      {
         "Airport": "Kansai/Osaka (Japan)",
         "Costs in billion euros": "15.9"
      },
      {
         "Airport": "Doha (Katar)",
         "Costs in billion euros": "8.8"
      },
      {
         "Airport": "Kobe (Japan)",
         "Costs in billion euros": "6.9"
      },
      {
         "Airport": "London-Heathrow (Terminal 5 GB)",
         "Costs in billion euros": "5.6"
      },
      {
         "Airport": "Berlin-Brandenburg (Germany)",
         "Costs in billion euros": "3.0"
      }
   ],
   "gold": "This statistic shows the construction costs for selected airports ( as of 2012  ) . The construction costs for the Berlin-Brandebug airport amounted to at least 3 billion euros . The costs for the airport Kobe ( Japan ) amounted to approximately 7 billion euros .\n"
}