{
   "title": "Indonesia social media user penetration 2017 to 2023",
   "xAxis": "Year",
   "yAxis": "Share of group",
   "columnType": "two",
   "graphType": "line",
   "summaryType": "nlp",
   "summary": [
      "This statistic shows the change in Indonesia from 2017 to 2023 . ",
      "In 2017 , it is expected that 30 % of the Indonesia will be accessing the social network ."
   ],
   "trends": [
      {
         "10": "6",
         "12": "0"
      },
      {
         "1": "6",
         "7": "5"
      }
   ],
   "data": [
      {
         "Year": "2023",
         "Share of group": "37"
      },
      {
         "Year": "2022",
         "Share of group": "36"
      },
      {
         "Year": "2021",
         "Share of group": "35"
      },
      {
         "Year": "2020",
         "Share of group": "34"
      },
      {
         "Year": "2019",
         "Share of group": "32"
      },
      {
         "Year": "2018 ",
         "Share of group": "30"
      },
      {
         "Year": "2017",
         "Share of group": "28"
      }
   ],
   "gold": "This statistic presents the social networking reach in Indonesia from 2017 to 2023 . In 2017 , 28 percent of the population in the country accessed social media . In 2019 , this share is projected to reach 32 percent .\n"
}