{
   "title": "Gross domestic product ( GDP ) in Vietnam 2024",
   "xAxis": "Year",
   "yAxis": "Gross domestic product in billion U.S. dollars",
   "columnType": "two",
   "graphType": "line",
   "summaryType": "nlp",
   "summary": [
      "The statistic shows Gross domestic product ( GDP ) in Vietnam from 1984 to 2018 , with projections up until 2024 . ",
      "Gross domestic product ( GDP ) denotes the aggregate value of all services and goods produced within a country in any given Year . ",
      "GDP is an important indicator of a country 's economic power ."
   ],
   "trends": [
      {
         "12": "40",
         "14": "6",
         "20": "0"
      },
      {},
      {}
   ],
   "data": [
      {
         "Year": "2024",
         "Gross domestic product in billion U.S. dollars": "394.89"
      },
      {
         "Year": "2023",
         "Gross domestic product in billion U.S. dollars": "363.03"
      },
      {
         "Year": "2022",
         "Gross domestic product in billion U.S. dollars": "334.5"
      },
      {
         "Year": "2021",
         "Gross domestic product in billion U.S. dollars": "308.63"
      },
      {
         "Year": "2020",
         "Gross domestic product in billion U.S. dollars": "284.85"
      },
      {
         "Year": "2019",
         "Gross domestic product in billion U.S. dollars": "261.64"
      },
      {
         "Year": "2018",
         "Gross domestic product in billion U.S. dollars": "241.27"
      },
      {
         "Year": "2017",
         "Gross domestic product in billion U.S. dollars": "220.38"
      },
      {
         "Year": "2016",
         "Gross domestic product in billion U.S. dollars": "201.33"
      },
      {
         "Year": "2015",
         "Gross domestic product in billion U.S. dollars": "191.29"
      },
      {
         "Year": "2014",
         "Gross domestic product in billion U.S. dollars": "185.76"
      },
      {
         "Year": "2013",
         "Gross domestic product in billion U.S. dollars": "170.44"
      },
      {
         "Year": "2012",
         "Gross domestic product in billion U.S. dollars": "155.48"
      },
      {
         "Year": "2011",
         "Gross domestic product in billion U.S. dollars": "136.6"
      },
      {
         "Year": "2010",
         "Gross domestic product in billion U.S. dollars": "112.77"
      },
      {
         "Year": "2009",
         "Gross domestic product in billion U.S. dollars": "101.63"
      },
      {
         "Year": "2008",
         "Gross domestic product in billion U.S. dollars": "98.27"
      },
      {
         "Year": "2007",
         "Gross domestic product in billion U.S. dollars": "77.52"
      },
      {
         "Year": "2006",
         "Gross domestic product in billion U.S. dollars": "66.39"
      },
      {
         "Year": "2005",
         "Gross domestic product in billion U.S. dollars": "57.65"
      },
      {
         "Year": "2004",
         "Gross domestic product in billion U.S. dollars": "49.52"
      },
      {
         "Year": "2003",
         "Gross domestic product in billion U.S. dollars": "39.56"
      },
      {
         "Year": "2002",
         "Gross domestic product in billion U.S. dollars": "35.1"
      },
      {
         "Year": "2001",
         "Gross domestic product in billion U.S. dollars": "32.52"
      },
      {
         "Year": "2000",
         "Gross domestic product in billion U.S. dollars": "31.18"
      },
      {
         "Year": "1999",
         "Gross domestic product in billion U.S. dollars": "28.7"
      },
      {
         "Year": "1998",
         "Gross domestic product in billion U.S. dollars": "27.23"
      },
      {
         "Year": "1997",
         "Gross domestic product in billion U.S. dollars": "26.89"
      },
      {
         "Year": "1996",
         "Gross domestic product in billion U.S. dollars": "24.69"
      },
      {
         "Year": "1995",
         "Gross domestic product in billion U.S. dollars": "20.8"
      },
      {
         "Year": "1994",
         "Gross domestic product in billion U.S. dollars": "16.31"
      },
      {
         "Year": "1993",
         "Gross domestic product in billion U.S. dollars": "13.18"
      },
      {
         "Year": "1992",
         "Gross domestic product in billion U.S. dollars": "9.87"
      },
      {
         "Year": "1991",
         "Gross domestic product in billion U.S. dollars": "7.64"
      },
      {
         "Year": "1990",
         "Gross domestic product in billion U.S. dollars": "6.47"
      },
      {
         "Year": "1989",
         "Gross domestic product in billion U.S. dollars": "6.29"
      },
      {
         "Year": "1988",
         "Gross domestic product in billion U.S. dollars": "23.23"
      },
      {
         "Year": "1987",
         "Gross domestic product in billion U.S. dollars": "42.05"
      },
      {
         "Year": "1986",
         "Gross domestic product in billion U.S. dollars": "33.87"
      },
      {
         "Year": "1985",
         "Gross domestic product in billion U.S. dollars": "15.0"
      },
      {
         "Year": "1984",
         "Gross domestic product in billion U.S. dollars": "48.18"
      }
   ],
   "gold": "In 2018 , Vietnam 's gross domestic product ( GDP ) amounted to around 241.27 billion U.S. dollars , and is expected to increase to almost 395 billion U.S. dollars by 2024 . Gross domestic product denotes the aggregate value of all services and goods produced within a country in any given year , and it is an important indicator of a country 's economic power . Vietnam 's economy Vietnam 's economy has a strong agrarian base , with key agricultural exports of wet rice , coffee , and black pepper .\n"
}