{
   "title": "U.S. motorcycle registrations by state 2017",
   "xAxis": "State",
   "yAxis": "Registrations in units",
   "columnType": "two",
   "graphType": "bar",
   "summaryType": "nlp",
   "summary": [
      "This statistic represents the Registrations units U.S. State , in 2017 . ",
      "In 2017 , the German State with the highest Registrations units on motorcycle and registrations . ",
      "In Florida , the highest Registrations units of U.S. was registered 586267 thousand ."
   ],
   "trends": [
      {},
      {},
      {
         "1": "1",
         "11": "1"
      }
   ],
   "data": [
      {
         "State": "California",
         "Registrations in units": "842543"
      },
      {
         "State": "Florida",
         "Registrations in units": "586267"
      },
      {
         "State": "Ohio",
         "Registrations in units": "410187"
      },
      {
         "State": "New York",
         "Registrations in units": "392178"
      },
      {
         "State": "Pennsylvania",
         "Registrations in units": "377158"
      },
      {
         "State": "Texas",
         "Registrations in units": "364690"
      },
      {
         "State": "Illinois",
         "Registrations in units": "333943"
      },
      {
         "State": "Wisconsin",
         "Registrations in units": "324670"
      },
      {
         "State": "Montana",
         "Registrations in units": "306655"
      },
      {
         "State": "Michigan",
         "Registrations in units": "258487"
      },
      {
         "State": "Indiana",
         "Registrations in units": "250579"
      },
      {
         "State": "Minnesota",
         "Registrations in units": "241556"
      },
      {
         "State": "Washington",
         "Registrations in units": "231401"
      },
      {
         "State": "Georgia",
         "Registrations in units": "203922"
      },
      {
         "State": "Iowa",
         "Registrations in units": "194603"
      },
      {
         "State": "Virginia",
         "Registrations in units": "193951"
      },
      {
         "State": "Colorado",
         "Registrations in units": "190002"
      },
      {
         "State": "North Carolina",
         "Registrations in units": "188843"
      },
      {
         "State": "Massachusetts",
         "Registrations in units": "168931"
      },
      {
         "State": "Tennessee",
         "Registrations in units": "165968"
      },
      {
         "State": "Arizona",
         "Registrations in units": "164055"
      },
      {
         "State": "New Jersey",
         "Registrations in units": "152979"
      },
      {
         "State": "Oregon",
         "Registrations in units": "142738"
      },
      {
         "State": "Missouri",
         "Registrations in units": "138294"
      },
      {
         "State": "Oklahoma",
         "Registrations in units": "136190"
      },
      {
         "State": "Maryland",
         "Registrations in units": "118277"
      },
      {
         "State": "South Carolina",
         "Registrations in units": "118132"
      },
      {
         "State": "South Dakota",
         "Registrations in units": "117461"
      },
      {
         "State": "Louisiana",
         "Registrations in units": "113664"
      },
      {
         "State": "Alabama",
         "Registrations in units": "112185"
      },
      {
         "State": "Kentucky",
         "Registrations in units": "101163"
      },
      {
         "State": "Kansas",
         "Registrations in units": "95892"
      },
      {
         "State": "Connecticut",
         "Registrations in units": "90131"
      },
      {
         "State": "Arkansas",
         "Registrations in units": "89457"
      },
      {
         "State": "Utah",
         "Registrations in units": "83993"
      },
      {
         "State": "New Hampshire",
         "Registrations in units": "78798"
      },
      {
         "State": "Nevada",
         "Registrations in units": "76032"
      },
      {
         "State": "Idaho",
         "Registrations in units": "63297"
      },
      {
         "State": "West Virginia",
         "Registrations in units": "60582"
      },
      {
         "State": "New Mexico",
         "Registrations in units": "57718"
      },
      {
         "State": "Nebraska",
         "Registrations in units": "55736"
      },
      {
         "State": "North Dakota",
         "Registrations in units": "51941"
      },
      {
         "State": "Maine",
         "Registrations in units": "51467"
      },
      {
         "State": "Hawaii",
         "Registrations in units": "35576"
      },
      {
         "State": "Alaska",
         "Registrations in units": "31859"
      },
      {
         "State": "Vermont",
         "Registrations in units": "30955"
      },
      {
         "State": "Rhode Island",
         "Registrations in units": "30914"
      },
      {
         "State": "Wyoming",
         "Registrations in units": "28960"
      },
      {
         "State": "Mississippi",
         "Registrations in units": "28124"
      },
      {
         "State": "Delaware",
         "Registrations in units": "27810"
      },
      {
         "State": "Dist. of Col.",
         "Registrations in units": "4290"
      }
   ],
   "gold": "The statistic shows the number of publicly owned , private and commercial motorcycles registered in U.S. states and the District of Columbia in 2017 . In that year , there were about 27,800 registered motorcycles in Delaware . U.S. motorcycle registrations by state In 2016 , California reported the highest amount of registered private and commercial motorcycles in the country , followed by Florida , Ohio , Pennsylvania and New York ( all of them with over 390,000 registrations that year ) .\n"
}