{
   "title": "Profit of leading mutual property/casualty insurance companies 2018",
   "xAxis": "Insurance Companies",
   "yAxis": "Profit in million U.S. dollars",
   "columnType": "two",
   "graphType": "bar",
   "summaryType": "nlp",
   "summary": [
      "This statistic shows the Profit of the Nationwide with the largest Profit in the world in 2018 . ",
      "According to the survey , it was that the State_Farm_Insurance_Cos. accounted for 8788.4 million of all people ."
   ],
   "trends": [
      {
         "7": "3"
      },
      {
         "9": "0",
         "12": "0"
      }
   ],
   "data": [
      {
         "Insurance Companies": "State Farm Insurance Cos.",
         "Profit in million U.S. dollars": "8788.4"
      },
      {
         "Insurance Companies": "Auto-Owners Insurance",
         "Profit in million U.S. dollars": "754.5"
      },
      {
         "Insurance Companies": "Erie Insurance Group",
         "Profit in million U.S. dollars": "686.3"
      },
      {
         "Insurance Companies": "Nationwide",
         "Profit in million U.S. dollars": "512.6"
      },
      {
         "Insurance Companies": "Sentry Insurance Group",
         "Profit in million U.S. dollars": "250.6"
      },
      {
         "Insurance Companies": "Country Financial",
         "Profit in million U.S. dollars": "215.2"
      },
      {
         "Insurance Companies": "Amica Mutual Insurance",
         "Profit in million U.S. dollars": "147.1"
      },
      {
         "Insurance Companies": "Farmers Insurance Exchange",
         "Profit in million U.S. dollars": "-70.5"
      }
   ],
   "gold": "This statistic displays the profits of leading mutual property and casualty insurance companies in the United States in 2018 . In that year , the profits of Nationwide amounted to approximately 512.6 million U.S. dollars .\n"
}