{
   "title": "Number of Carnival Corporation & plc passengers worldwide 2007 to 2019",
   "xAxis": "Year",
   "yAxis": "Number of passengers in millions",
   "columnType": "two",
   "graphType": "line",
   "summaryType": "nlp",
   "summary": [
      "In 2019 , the total Number of passengers in Carnival Corporation plc amounted to approximately 12.9 millions . ",
      "This figure has increased over the last few years , when the & Number of passengers occurred in the previous Year . ",
      "The average passengers of Carnival Corporation plc is one of the most populous region in the world ."
   ],
   "trends": [
      {
         "1": "0",
         "13": "0"
      },
      {},
      {}
   ],
   "data": [
      {
         "Year": "2019",
         "Number of passengers in millions": "12.9"
      },
      {
         "Year": "2018",
         "Number of passengers in millions": "12.4"
      },
      {
         "Year": "2017",
         "Number of passengers in millions": "12.1"
      },
      {
         "Year": "2016",
         "Number of passengers in millions": "11.52"
      },
      {
         "Year": "2015",
         "Number of passengers in millions": "10.84"
      },
      {
         "Year": "2014",
         "Number of passengers in millions": "10.57"
      },
      {
         "Year": "2013",
         "Number of passengers in millions": "10.06"
      },
      {
         "Year": "2012",
         "Number of passengers in millions": "9.83"
      },
      {
         "Year": "2011",
         "Number of passengers in millions": "9.56"
      },
      {
         "Year": "2010",
         "Number of passengers in millions": "9.15"
      },
      {
         "Year": "2009",
         "Number of passengers in millions": "8.52"
      },
      {
         "Year": "2008",
         "Number of passengers in millions": "8.18"
      },
      {
         "Year": "2007",
         "Number of passengers in millions": "7.67"
      }
   ],
   "gold": "This statistic shows the number of Carnival Corporation & plc passengers worldwide from 2007 to 2019 . In 2019 , the cruise company Carnival Corporation carried approximately 12.9 million passengers on its ships ..\n"
}