{
   "title": "Groupon : TTM gross profit per average active customer 2017 to 2019",
   "xAxis": "Quarter",
   "yAxis": "TTM gross billings per average active customer in U.S. dollars",
   "columnType": "two",
   "graphType": "bar",
   "summaryType": "nlp",
   "summary": [
      "This statistic shows the TTM gross of Groupon employees from the first Quarter of 2017 to the fourth Quarter of 2019 . ",
      "In the fourth Quarter of 2019 , the social network Groupon 's TTM gross amounted to 27.59 billings per ."
   ],
   "trends": [
      {},
      {
         "16": "3"
      }
   ],
   "data": [
      {
         "Quarter": "Q4 '19",
         "TTM gross billings per average active customer in U.S. dollars": "27.19"
      },
      {
         "Quarter": "Q3 '19",
         "TTM gross billings per average active customer in U.S. dollars": "27.45"
      },
      {
         "Quarter": "Q2 '19",
         "TTM gross billings per average active customer in U.S. dollars": "27.51"
      },
      {
         "Quarter": "Q1 '19",
         "TTM gross billings per average active customer in U.S. dollars": "27.59"
      },
      {
         "Quarter": "Q4 '18",
         "TTM gross billings per average active customer in U.S. dollars": "27.42"
      },
      {
         "Quarter": "Q3 '18",
         "TTM gross billings per average active customer in U.S. dollars": "27.51"
      },
      {
         "Quarter": "Q2 '18",
         "TTM gross billings per average active customer in U.S. dollars": "27.27"
      },
      {
         "Quarter": "Q1 '18",
         "TTM gross billings per average active customer in U.S. dollars": "27.16"
      },
      {
         "Quarter": "Q4 '17",
         "TTM gross billings per average active customer in U.S. dollars": "26.93"
      },
      {
         "Quarter": "Q3 '17",
         "TTM gross billings per average active customer in U.S. dollars": "26.43"
      }
   ],
   "gold": "In the fourth quarter of 2019 , the Groupon 's average TTM gross profit per active customer were 27.19 US dollars , down from 27.42 US dollars in the corresponding quarter of the previous year . As of the fourth quarter of 2019 , Groupon had 43.6 million active customers worldwide .\n"
}