{
   "title": "Europe : semiconductor sales 2012 - 2019 , by month",
   "xAxis": "Month",
   "yAxis": "Sales in billion U.S. dollars",
   "columnType": "two",
   "graphType": "bar",
   "summaryType": "nlp",
   "summary": [
      "This graph depicts the Sales of users the Europe and from 12 to 2019 . ",
      "The Europe Europe Sales of billion amounted to 2.77 billion U.S. dollars in 2019 ."
   ],
   "trends": [
      {},
      {
         "8": "0"
      }
   ],
   "data": [
      {
         "Month": "Jan. '12",
         "Sales in billion U.S. dollars": "2.77"
      },
      {
         "Month": "Febr. '12",
         "Sales in billion U.S. dollars": "2.71"
      },
      {
         "Month": "Mar. '12",
         "Sales in billion U.S. dollars": "2.83"
      },
      {
         "Month": "Apr '12",
         "Sales in billion U.S. dollars": "2.82"
      },
      {
         "Month": "May '12",
         "Sales in billion U.S. dollars": "2.84"
      },
      {
         "Month": "Jun. '12",
         "Sales in billion U.S. dollars": "2.82"
      },
      {
         "Month": "Jul. '12",
         "Sales in billion U.S. dollars": "2.82"
      },
      {
         "Month": "Aug '12",
         "Sales in billion U.S. dollars": "2.77"
      },
      {
         "Month": "Sep '12",
         "Sales in billion U.S. dollars": "2.79"
      },
      {
         "Month": "Oct '12",
         "Sales in billion U.S. dollars": "2.79"
      },
      {
         "Month": "Nov '12",
         "Sales in billion U.S. dollars": "2.8"
      },
      {
         "Month": "Dec '12",
         "Sales in billion U.S. dollars": "2.63"
      },
      {
         "Month": "Jan '13",
         "Sales in billion U.S. dollars": "2.65"
      },
      {
         "Month": "Feb '13",
         "Sales in billion U.S. dollars": "2.69"
      },
      {
         "Month": "Mar '13",
         "Sales in billion U.S. dollars": "2.84"
      },
      {
         "Month": "Apr '13",
         "Sales in billion U.S. dollars": "2.83"
      },
      {
         "Month": "May '13",
         "Sales in billion U.S. dollars": "2.84"
      },
      {
         "Month": "Jun '13",
         "Sales in billion U.S. dollars": "2.84"
      },
      {
         "Month": "Jul '13",
         "Sales in billion U.S. dollars": "2.85"
      },
      {
         "Month": "Aug '13",
         "Sales in billion U.S. dollars": "2.91"
      },
      {
         "Month": "Sep '13",
         "Sales in billion U.S. dollars": "2.98"
      },
      {
         "Month": "Oct '13",
         "Sales in billion U.S. dollars": "3.05"
      },
      {
         "Month": "Nov '13",
         "Sales in billion U.S. dollars": "3.08"
      },
      {
         "Month": "Dec '13",
         "Sales in billion U.S. dollars": "2.96"
      },
      {
         "Month": "Jan '14",
         "Sales in billion U.S. dollars": "2.95"
      },
      {
         "Month": "Feb '14",
         "Sales in billion U.S. dollars": "2.96"
      },
      {
         "Month": "Mar '14",
         "Sales in billion U.S. dollars": "3.08"
      },
      {
         "Month": "Apr '14",
         "Sales in billion U.S. dollars": "3.06"
      },
      {
         "Month": "May '14",
         "Sales in billion U.S. dollars": "3.13"
      },
      {
         "Month": "Jun '14",
         "Sales in billion U.S. dollars": "3.18"
      },
      {
         "Month": "Jul '!4",
         "Sales in billion U.S. dollars": "3.27"
      },
      {
         "Month": "Aug '14",
         "Sales in billion U.S. dollars": "3.22"
      },
      {
         "Month": "Sep '14",
         "Sales in billion U.S. dollars": "3.21"
      },
      {
         "Month": "Oct '14",
         "Sales in billion U.S. dollars": "3.21"
      },
      {
         "Month": "Nov '14",
         "Sales in billion U.S. dollars": "3.19"
      },
      {
         "Month": "Dec '14",
         "Sales in billion U.S. dollars": "3.01"
      },
      {
         "Month": "Jan '15",
         "Sales in billion U.S. dollars": "2.95"
      },
      {
         "Month": "Feb '15",
         "Sales in billion U.S. dollars": "2.88"
      },
      {
         "Month": "Mar '15",
         "Sales in billion U.S. dollars": "2.96"
      },
      {
         "Month": "Apr '15",
         "Sales in billion U.S. dollars": "2.89"
      },
      {
         "Month": "May '15",
         "Sales in billion U.S. dollars": "2.87"
      },
      {
         "Month": "Jun '15",
         "Sales in billion U.S. dollars": "2.83"
      },
      {
         "Month": "Jul '15",
         "Sales in billion U.S. dollars": "2.63"
      },
      {
         "Month": "Aug '15",
         "Sales in billion U.S. dollars": "2.81"
      },
      {
         "Month": "Sep '15",
         "Sales in billion U.S. dollars": "2.87"
      },
      {
         "Month": "Oct '15",
         "Sales in billion U.S. dollars": "2.91"
      },
      {
         "Month": "Nov '15",
         "Sales in billion U.S. dollars": "2.93"
      },
      {
         "Month": "Dec '15",
         "Sales in billion U.S. dollars": "2.77"
      },
      {
         "Month": "Jan '16",
         "Sales in billion U.S. dollars": "2.72"
      },
      {
         "Month": "Feb '16",
         "Sales in billion U.S. dollars": "2.66"
      },
      {
         "Month": "Mar '16",
         "Sales in billion U.S. dollars": "2.67"
      },
      {
         "Month": "Apr '16",
         "Sales in billion U.S. dollars": "2.64"
      },
      {
         "Month": "May '16",
         "Sales in billion U.S. dollars": "2.63"
      },
      {
         "Month": "Jun '16",
         "Sales in billion U.S. dollars": "2.68"
      },
      {
         "Month": "Jul '16",
         "Sales in billion U.S. dollars": "2.7"
      },
      {
         "Month": "Aug '16",
         "Sales in billion U.S. dollars": "2.71"
      },
      {
         "Month": "Sep '16",
         "Sales in billion U.S. dollars": "2.76"
      },
      {
         "Month": "Oct '16",
         "Sales in billion U.S. dollars": "2.82"
      },
      {
         "Month": "Nov '16",
         "Sales in billion U.S. dollars": "2.88"
      },
      {
         "Month": "Dec '16",
         "Sales in billion U.S. dollars": "2.8"
      },
      {
         "Month": "Jan '17",
         "Sales in billion U.S. dollars": "2.84"
      },
      {
         "Month": "Feb '17",
         "Sales in billion U.S. dollars": "2.82"
      },
      {
         "Month": "Mar '17",
         "Sales in billion U.S. dollars": "2.96"
      },
      {
         "Month": "Apr '17",
         "Sales in billion U.S. dollars": "2.99"
      },
      {
         "Month": "May '17",
         "Sales in billion U.S. dollars": "3.11"
      },
      {
         "Month": "Jun '17",
         "Sales in billion U.S. dollars": "3.16"
      },
      {
         "Month": "Jul '17",
         "Sales in billion U.S. dollars": "3.2"
      },
      {
         "Month": "Aug '17",
         "Sales in billion U.S. dollars": "3.22"
      },
      {
         "Month": "Sep '17",
         "Sales in billion U.S. dollars": "3.28"
      },
      {
         "Month": "Oct '17",
         "Sales in billion U.S. dollars": "3.36"
      },
      {
         "Month": "Nov '17",
         "Sales in billion U.S. dollars": "3.42"
      },
      {
         "Month": "Dec '17",
         "Sales in billion U.S. dollars": "3.37"
      },
      {
         "Month": "Jan '18",
         "Sales in billion U.S. dollars": "3.41"
      },
      {
         "Month": "Feb '18",
         "Sales in billion U.S. dollars": "3.44"
      },
      {
         "Month": "Mar '18",
         "Sales in billion U.S. dollars": "3.6"
      },
      {
         "Month": "Apr '18",
         "Sales in billion U.S. dollars": "3.65"
      },
      {
         "Month": "May '18",
         "Sales in billion U.S. dollars": "3.7"
      },
      {
         "Month": "Jun '18",
         "Sales in billion U.S. dollars": "3.67"
      },
      {
         "Month": "Jul '18",
         "Sales in billion U.S. dollars": "3.58"
      },
      {
         "Month": "Aug '18",
         "Sales in billion U.S. dollars": "3.53"
      },
      {
         "Month": "Sep '18",
         "Sales in billion U.S. dollars": "3.57"
      },
      {
         "Month": "Oct '18",
         "Sales in billion U.S. dollars": "3.64"
      },
      {
         "Month": "Nov '18",
         "Sales in billion U.S. dollars": "3.64"
      },
      {
         "Month": "Dec '18",
         "Sales in billion U.S. dollars": "3.47"
      },
      {
         "Month": "Jan '19",
         "Sales in billion U.S. dollars": "3.42"
      },
      {
         "Month": "Feb '19",
         "Sales in billion U.S. dollars": "3.34"
      },
      {
         "Month": "Mar '19",
         "Sales in billion U.S. dollars": "3.36"
      },
      {
         "Month": "Apr '19",
         "Sales in billion U.S. dollars": "3.37"
      },
      {
         "Month": "May '19",
         "Sales in billion U.S. dollars": "3.35"
      },
      {
         "Month": "Jun '19",
         "Sales in billion U.S. dollars": "3.27"
      },
      {
         "Month": "Jul '19",
         "Sales in billion U.S. dollars": "3.28"
      },
      {
         "Month": "Aug '19",
         "Sales in billion U.S. dollars": "3.27"
      },
      {
         "Month": "Sep '19",
         "Sales in billion U.S. dollars": "3.36"
      },
      {
         "Month": "Oct '19",
         "Sales in billion U.S. dollars": "3.37"
      },
      {
         "Month": "Nov '19",
         "Sales in billion U.S. dollars": "3.35"
      },
      {
         "Month": "Dec '19",
         "Sales in billion U.S. dollars": "3.2"
      }
   ],
   "gold": "As per recent data , in December 2019 , semiconductor sales in Europe amounted to 3.2 billion U.S. dollars , a fall from the 3.35 billion U.S. dollars seen in the previous month . Semiconductor sales in Europe in December 2019 were also down on the figures seen in the same month of the previous year where 3.47 billion U.S. dollars worth were sold .\n"
}