{
   "title": "Pandora 's advertising revenue 2006 to 2017",
   "xAxis": "Month",
   "yAxis": "Revenue in million U.S. dollars",
   "columnType": "two",
   "graphType": "bar",
   "summaryType": "nlp",
   "summary": [
      "The statistic displays the Revenue of the 's advertising and 2006 2017 in the 2017 from 2006 to 2017 . ",
      "The Pandora 's advertising Revenue of the Pandora 2006 amounted to 1074.93 million U.S. dollars in Feb_2012_to_Jan_2013 ."
   ],
   "trends": [
      {},
      {
         "11": "0",
         "16": "5"
      }
   ],
   "data": [
      {
         "Month": "Jan to Dec 2017",
         "Revenue in million U.S. dollars": "1074.93"
      },
      {
         "Month": "Jan to Dec 2016",
         "Revenue in million U.S. dollars": "1072.49"
      },
      {
         "Month": "Jan to Dec 2015",
         "Revenue in million U.S. dollars": "933.31"
      },
      {
         "Month": "Jan to Dec 2014",
         "Revenue in million U.S. dollars": "732.34"
      },
      {
         "Month": "Feb to Dec 2013",
         "Revenue in million U.S. dollars": "489.34"
      },
      {
         "Month": "Feb 2012 to Jan 2013",
         "Revenue in million U.S. dollars": "375.22"
      },
      {
         "Month": "Feb 2011 to Jan 2012",
         "Revenue in million U.S. dollars": "239.96"
      },
      {
         "Month": "Feb 2010 to Jan 2011",
         "Revenue in million U.S. dollars": "119.33"
      },
      {
         "Month": "Feb 2009 to Jan 2010",
         "Revenue in million U.S. dollars": "50.15"
      },
      {
         "Month": "Feb 2008 to Jan 2009",
         "Revenue in million U.S. dollars": "18.25"
      },
      {
         "Month": "Feb 2007 to Jan 2008",
         "Revenue in million U.S. dollars": "13.31"
      },
      {
         "Month": "Feb 2006 to Jan 2007",
         "Revenue in million U.S. dollars": "3.25"
      }
   ],
   "gold": "The statistic shows data on the advertising revenue generated by Pandora Media , Inc. in the fiscal periods between February 2006 and December 2017 . In the fiscal year which ended December 31 , 2016 , Pandora generated 1.07 billion U.S. dollars in advertising revenue , the first time that the revenue has exceeded one billion U.S. dollars .\n"
}