{
   "title": "Fans of NHL hockey in Canada 2014 , by age group",
   "labels": [
      "Year",
      "Yes",
      "No"
   ],
   "columnType": "multi",
   "graphType": "line",
   "summary": [
      "This statistic shows the percentage of NHL in the NHL hockey Canada ever 2014 by or age group as of 2014 , group . ",
      "It was found that 53 % of those aged 18 - 29 Total Canada 2014 by or group ."
   ],
   "trends": [
      {},
      {
         "4": [
            "0",
            "1"
         ],
         "12": [
            "0",
            "0"
         ]
      }
   ],
   "data": [
      {
         "Year": "Total",
         "Yes": "53",
         "No": "47"
      },
      {
         "Year": "18-34 years",
         "Yes": "60",
         "No": "40"
      },
      {
         "Year": "35-44 years",
         "Yes": "49",
         "No": "51"
      },
      {
         "Year": "45-54 years",
         "Yes": "57",
         "No": "43"
      },
      {
         "Year": "55-64 years",
         "Yes": "48",
         "No": "52"
      },
      {
         "Year": "65+ years",
         "Yes": "47",
         "No": "53"
      }
   ],
   "gold": "The statistic shows the results of a survey which asked people in Canada if they consider themselves NHL hockey fans . During the survey , 60 percent of the respondents aged 18 - 34 years said that they are NHL hockey fans .\n"
}