{
   "title": "Leading 5 selling countries of IKEA products 2018",
   "xAxis": "Country",
   "yAxis": "Sales share",
   "columnType": "two",
   "graphType": "bar",
   "summaryType": "nlp",
   "summary": [
      "This statistic shows the Sales share of the Leading in 2018 , countries IKEA . ",
      "In that year , the Germany was the IKEA people , with a total of 15 share ."
   ],
   "trends": [
      {},
      {
         "5": "0",
         "15": "0"
      }
   ],
   "data": [
      {
         "Country": "Germany",
         "Sales share": "15"
      },
      {
         "Country": "United States",
         "Sales share": "13"
      },
      {
         "Country": "France",
         "Sales share": "8"
      },
      {
         "Country": "United Kingdom",
         "Sales share": "6"
      },
      {
         "Country": "China",
         "Sales share": "6"
      }
   ],
   "gold": "This statistic depicts the leading five selling countries of IKEA products in 2018 . In that year , Germany was the leading selling country of IKEA products , with 15 percent of IKEA 's sales coming from Germany.IKEAIKEA is an internationally known home furnishing retailer . It has grown rapidly since it was founded in 1943 .\n"
}