{
   "title": "Leading Croatian national team players at FIFA World Cup 2018 , by market value",
   "xAxis": "Month",
   "yAxis": "Market value in million euros",
   "columnType": "two",
   "graphType": "bar",
   "summaryType": "nlp",
   "summary": [
      "As of 2019 , Ivan_Rakitic Amsterdam had the highest Market of about 50.0 million euros . ",
      "40.0 million euros of the compared to the Ivan_Perisic before Mateo_Kovacic with a total Market value of 40.0 million euros ."
   ],
   "trends": [
      {
         "4": "0",
         "12": "0"
      },
      {
         "0": "1",
         "8": "1",
         "10": "2",
         "17": "1"
      }
   ],
   "data": [
      {
         "Month": "Ivan Rakitic",
         "Market value in million euros": "50.0"
      },
      {
         "Month": "Ivan Perisic",
         "Market value in million euros": "40.0"
      },
      {
         "Month": "Mateo Kovacic",
         "Market value in million euros": "30.0"
      },
      {
         "Month": "Andrej Kramaric",
         "Market value in million euros": "27.0"
      },
      {
         "Month": "Marcelo Brozovic",
         "Market value in million euros": "27.0"
      },
      {
         "Month": "Luka Modric",
         "Market value in million euros": "25.0"
      },
      {
         "Month": "Sime Vrsaljko",
         "Market value in million euros": "25.0"
      },
      {
         "Month": "Dejan Lovren",
         "Market value in million euros": "20.0"
      },
      {
         "Month": "Mario Mandzukic",
         "Market value in million euros": "18.0"
      },
      {
         "Month": "Milan Badelj",
         "Market value in million euros": "15.0"
      },
      {
         "Month": "Marko Pjaca",
         "Market value in million euros": "15.0"
      },
      {
         "Month": "Nikola Kalinic",
         "Market value in million euros": "14.0"
      },
      {
         "Month": "Ante Rebic",
         "Market value in million euros": "10.0"
      },
      {
         "Month": "Duje Caleta\u2013Car",
         "Market value in million euros": "10.0"
      },
      {
         "Month": "Domagoj Vida",
         "Market value in million euros": "7.0"
      },
      {
         "Month": "Lovre Kalinic",
         "Market value in million euros": "6.5"
      },
      {
         "Month": "Tin Jedvaj",
         "Market value in million euros": "5.0"
      },
      {
         "Month": "Danijel Subasic",
         "Market value in million euros": "4.5"
      },
      {
         "Month": "Vedran Corluka",
         "Market value in million euros": "4.0"
      },
      {
         "Month": "Ivan Strinic",
         "Market value in million euros": "4.0"
      },
      {
         "Month": "Filip Bradaric",
         "Market value in million euros": "3.5"
      },
      {
         "Month": "Josip Pivaric",
         "Market value in million euros": "2.0"
      },
      {
         "Month": "Dominik Livakovic",
         "Market value in million euros": "1.5"
      }
   ],
   "gold": "The statistic displays the leading players of the national football team of Croatia at FIFA World Cup as of June 2018 , by market value . The most valuable player was Ivan Rakitic , with a market value of 50 million euros .\n"
}