{
   "title": "Manchester United total revenue 2009 to 2019",
   "xAxis": "Year",
   "yAxis": "Revenue in million U.S. dollars",
   "columnType": "two",
   "graphType": "line",
   "summaryType": "nlp",
   "summary": [
      "The statistic presents the Revenue of the Manchester worldwide from 2009 to 2019 . ",
      "In 2019 , the 2009 Revenue of the Manchester amounted to 796.4 million U.S. dollars ."
   ],
   "trends": [
      {
         "10": "10",
         "12": "0"
      },
      {
         "1": "0",
         "11": "0"
      }
   ],
   "data": [
      {
         "Year": "2019",
         "Revenue in million U.S. dollars": "796.4"
      },
      {
         "Year": "2018",
         "Revenue in million U.S. dollars": "775.96"
      },
      {
         "Year": "2017",
         "Revenue in million U.S. dollars": "764.36"
      },
      {
         "Year": "2016",
         "Revenue in million U.S. dollars": "677.76"
      },
      {
         "Year": "2015",
         "Revenue in million U.S. dollars": "519.75"
      },
      {
         "Year": "2014",
         "Revenue in million U.S. dollars": "569.72"
      },
      {
         "Year": "2013",
         "Revenue in million U.S. dollars": "477.65"
      },
      {
         "Year": "2012",
         "Revenue in million U.S. dollars": "421.27"
      },
      {
         "Year": "2011",
         "Revenue in million U.S. dollars": "435.89"
      },
      {
         "Year": "2010",
         "Revenue in million U.S. dollars": "376.68"
      },
      {
         "Year": "2009",
         "Revenue in million U.S. dollars": "366.24"
      }
   ],
   "gold": "The statistic depicts the revenue of the Premier League club Manchester United from 2009 to 2019 . In the fiscal year 2019 , Manchester United generated around 796.4 million U.S. dollars in revenue .\n"
}