{
   "title": "Syrian refugees - major hosting countries worldwide in 2018",
   "xAxis": "Country",
   "yAxis": "Number of admitted Syrian refugees",
   "columnType": "two",
   "graphType": "bar",
   "summaryType": "nlp",
   "summary": [
      "This statistic shows the Number of the refugees major hosting countries worldwide 2018 in . ",
      "Turkey had the highest Number of admitted , with nearly 3622366 Syrian refugees ."
   ],
   "trends": [
      {},
      {
         "0": "0",
         "10": "0"
      }
   ],
   "data": [
      {
         "Country": "Turkey",
         "Number of admitted Syrian refugees": "3622366"
      },
      {
         "Country": "Lebanon",
         "Number of admitted Syrian refugees": "944181"
      },
      {
         "Country": "Jordan",
         "Number of admitted Syrian refugees": "676283"
      },
      {
         "Country": "Germany",
         "Number of admitted Syrian refugees": "532065"
      },
      {
         "Country": "Iraq",
         "Number of admitted Syrian refugees": "252526"
      },
      {
         "Country": "Egypt",
         "Number of admitted Syrian refugees": "132871"
      },
      {
         "Country": "Sweden",
         "Number of admitted Syrian refugees": "109343"
      },
      {
         "Country": "Sudan",
         "Number of admitted Syrian refugees": "93502"
      },
      {
         "Country": "Austria",
         "Number of admitted Syrian refugees": "49179"
      },
      {
         "Country": "Netherlands",
         "Number of admitted Syrian refugees": "32092"
      }
   ],
   "gold": "The statistics shows the ten largest Syrian refugee-hosting countries as of 2018 . The data refers to the total number of Syrian refugees in a given country , not considering the date of their application for asylum or the date of their flight . At the end of 2018 , about 3.62 million Syrian refugees were living in Turkey .\n"
}