{
   "title": "Countries with the highest proportion of soccer players 2010",
   "xAxis": "Country",
   "yAxis": "Proportion of soccer players",
   "columnType": "two",
   "graphType": "bar",
   "summaryType": "nlp",
   "summary": [
      "In 2010 , Germany had the highest Proportion of soccer players in the Countries , with 19.8 % . ",
      "Chile was the second highest Proportion of soccer players in the Countries , with 15.7 % . ",
      "The UK soccer players are a popular social 2010 in the Germany ."
   ],
   "trends": [
      {
         "3": "0",
         "16": "0"
      },
      {
         "0": "1",
         "14": "1"
      },
      {
         "11": "0"
      }
   ],
   "data": [
      {
         "Country": "Germany",
         "Proportion of soccer players": "19.8"
      },
      {
         "Country": "Chile",
         "Proportion of soccer players": "15.7"
      },
      {
         "Country": "Paraguay",
         "Proportion of soccer players": "14.8"
      },
      {
         "Country": "Slovakia",
         "Proportion of soccer players": "11.4"
      },
      {
         "Country": "The Netherlands",
         "Proportion of soccer players": "10.4"
      }
   ],
   "gold": "This table shows the countries with the highest proportion of soccer players in the population . 19.8 percent of the German population are soccer players .\n"
}