{
   "title": "Tea market : major importing countries worldwide 2018",
   "xAxis": "Country",
   "yAxis": "Trade value in million U.S. dollars",
   "columnType": "two",
   "graphType": "bar",
   "summaryType": "nlp",
   "summary": [
      "This statistic shows the Trade of the market major Tea countries worldwide in 2018 , Country . ",
      "In that year , the Pakistan had the largest Trade of U.S. with a total of 571.33 million U.S. ."
   ],
   "trends": [
      {},
      {
         "5": "0",
         "16": "0"
      }
   ],
   "data": [
      {
         "Country": "Pakistan",
         "Trade value in million U.S. dollars": "571.33"
      },
      {
         "Country": "Russian Federation",
         "Trade value in million U.S. dollars": "497.07"
      },
      {
         "Country": "USA",
         "Trade value in million U.S. dollars": "487.29"
      },
      {
         "Country": "United Kingdom",
         "Trade value in million U.S. dollars": "397.68"
      },
      {
         "Country": "United Arab Emirates",
         "Trade value in million U.S. dollars": "323.16"
      },
      {
         "Country": "Egypt",
         "Trade value in million U.S. dollars": "318.11"
      },
      {
         "Country": "Saudi Arabia",
         "Trade value in million U.S. dollars": "252.52"
      },
      {
         "Country": "Germany",
         "Trade value in million U.S. dollars": "237.39"
      },
      {
         "Country": "Morocco",
         "Trade value in million U.S. dollars": "220.28"
      },
      {
         "Country": "Japan",
         "Trade value in million U.S. dollars": "182.18"
      },
      {
         "Country": "France",
         "Trade value in million U.S. dollars": "180.85"
      },
      {
         "Country": "China",
         "Trade value in million U.S. dollars": "177.82"
      },
      {
         "Country": "China Hong Kong SAR",
         "Trade value in million U.S. dollars": "151.85"
      },
      {
         "Country": "Afghanistan",
         "Trade value in million U.S. dollars": "146.11"
      },
      {
         "Country": "Canada",
         "Trade value in million U.S. dollars": "145.55"
      }
   ],
   "gold": "This statistic shows the leading tea importing countries worldwide in 2018 . That year , the Russian federation was the second leading importer of tea worldwide , with imports valued at approximately 497.07 million U.S. dollars .\n"
}