{
   "title": "U.S. online shopping frequency 2014 to 2017",
   "xAxis": "Response",
   "yAxis": "Share of respondents",
   "columnType": "two",
   "graphType": "bar",
   "summaryType": "nlp",
   "summary": [
      "This statistic gives information on the online of 2014 in the 2017 in 2014 . ",
      "During the survey , it was found that 32 % of respondents stated that they ate shopping frequency 7-12_times_per_year ."
   ],
   "trends": [
      {},
      {
         "8": "1",
         "18": "2"
      }
   ],
   "data": [
      {
         "Response": "At least once a week",
         "Share of respondents": "29"
      },
      {
         "Response": "Once or more per month",
         "Share of respondents": "32"
      },
      {
         "Response": "7-12 times per year",
         "Share of respondents": "13"
      },
      {
         "Response": "4-6 times per year",
         "Share of respondents": "12"
      },
      {
         "Response": "1-3 times per year",
         "Share of respondents": "10"
      },
      {
         "Response": "Never",
         "Share of respondents": "4"
      }
   ],
   "gold": "This statistic presents the online shopping frequency of internet users in the United States as of March 2017 . During the most recent survey period , 29 percent of respondents stated they purchased goods online at least once a week .\n"
}