{
   "title": "Personal income in New York - income per capita 2000 to 2018",
   "xAxis": "Fiscal years",
   "yAxis": "Income in U.S. dollars",
   "columnType": "two",
   "graphType": "bar",
   "summaryType": "nlp",
   "summary": [
      "This statistic shows the income of the Personal income New ( New York ) per in 2000 and 2018 . ",
      "In 2018 , the income per of the Personal income New stood at 36028 % ."
   ],
   "trends": [
      {},
      {
         "13": "18"
      }
   ],
   "data": [
      {
         "Fiscal years": "'18",
         "Income in U.S. dollars": "68668"
      },
      {
         "Fiscal years": "'17",
         "Income in U.S. dollars": "65644"
      },
      {
         "Fiscal years": "'16",
         "Income in U.S. dollars": "61226"
      },
      {
         "Fiscal years": "'15",
         "Income in U.S. dollars": "59141"
      },
      {
         "Fiscal years": "'14",
         "Income in U.S. dollars": "56743"
      },
      {
         "Fiscal years": "'13",
         "Income in U.S. dollars": "54491"
      },
      {
         "Fiscal years": "'12",
         "Income in U.S. dollars": "53982"
      },
      {
         "Fiscal years": "'11",
         "Income in U.S. dollars": "51498"
      },
      {
         "Fiscal years": "'10",
         "Income in U.S. dollars": "48972"
      },
      {
         "Fiscal years": "'09",
         "Income in U.S. dollars": "47277"
      },
      {
         "Fiscal years": "'08",
         "Income in U.S. dollars": "48328"
      },
      {
         "Fiscal years": "'07",
         "Income in U.S. dollars": "47520"
      },
      {
         "Fiscal years": "'06",
         "Income in U.S. dollars": "44179"
      },
      {
         "Fiscal years": "'05",
         "Income in U.S. dollars": "40905"
      },
      {
         "Fiscal years": "'04",
         "Income in U.S. dollars": "39185"
      },
      {
         "Fiscal years": "'03",
         "Income in U.S. dollars": "37459"
      },
      {
         "Fiscal years": "'02",
         "Income in U.S. dollars": "37008"
      },
      {
         "Fiscal years": "'01",
         "Income in U.S. dollars": "37194"
      },
      {
         "Fiscal years": "'00",
         "Income in U.S. dollars": "36028"
      }
   ],
   "gold": "This statistic shows the per capita personal income in New York from 2000 to 2018 . In 2018 , the per capita personal income in New York was 68,668 U.S. dollars . Personal income is the income that is received by persons from all sources .\n"
}