{
   "title": "Alphabet : number of full-time employees 2016 , by department",
   "labels": [
      "Year",
      "Research and development",
      "Sales and marketing",
      "General and administrative",
      "Operations"
   ],
   "columnType": "multi",
   "graphType": "line",
   "summary": [
      "This statistic gives information on the Alphabet number full-time in the Alphabet from 2008 to 2016 , sorted by department . ",
      "In 2016 , the number of full-time in the Alphabet amounted to 27169 % , up from 7254 % of the previous Year ."
   ],
   "trends": [
      {
         "13": [
            "8",
            "0"
         ],
         "15": [
            "0",
            "0"
         ]
      },
      {
         "1": [
            "0",
            "0"
         ],
         "12": [
            "0",
            "1"
         ],
         "19": [
            "8",
            "1"
         ]
      }
   ],
   "data": [
      {
         "Year": "2016",
         "Research and development": "27169",
         "Sales and marketing": "20902",
         "General and administrative": "9695",
         "Operations": "14287"
      },
      {
         "Year": "2015",
         "Research and development": "23336",
         "Sales and marketing": "19082",
         "General and administrative": "8452",
         "Operations": "10944"
      },
      {
         "Year": "2014",
         "Research and development": "20832",
         "Sales and marketing": "17621",
         "General and administrative": "7510",
         "Operations": "7637"
      },
      {
         "Year": "2013",
         "Research and development": "18593",
         "Sales and marketing": "15348",
         "General and administrative": "6563",
         "Operations": "7252"
      },
      {
         "Year": "2012",
         "Research and development": "19746",
         "Sales and marketing": "15306",
         "General and administrative": "6214",
         "Operations": "12595"
      },
      {
         "Year": "2011",
         "Research and development": "11665",
         "Sales and marketing": "11933",
         "General and administrative": "4651",
         "Operations": "4218"
      },
      {
         "Year": "2010",
         "Research and development": "9508",
         "Sales and marketing": "8778",
         "General and administrative": "3346",
         "Operations": "2768"
      },
      {
         "Year": "2009",
         "Research and development": "7443",
         "Sales and marketing": "7338",
         "General and administrative": "2941",
         "Operations": "2113"
      },
      {
         "Year": "2008",
         "Research and development": "7254",
         "Sales and marketing": "8002",
         "General and administrative": "3109",
         "Operations": "1857"
      }
   ],
   "gold": "This statistic shows the number of Alphabet employees between 2008 and 2016 . As of that year , out of Alphabet 's total number of employees , 27,169 were working in the research and development department . Up until Alphabet 's creation in 2015 , these figures were reported as Google employees .\n"
}