{
   "title": "Live Nation Entertainment 's artist management revenue from 2008 to 2016",
   "xAxis": "Year",
   "yAxis": "Revenue in million U.S. dollars",
   "columnType": "two",
   "graphType": "line",
   "summaryType": "nlp",
   "summary": [
      "The statistic depicts the Revenue of the Live Nation Entertainment , a franchise of the National Football League , from 2008 to 2016 . ",
      "In 2016 , the Revenue of the Live Nation Entertainment was 434.2 421.71 U.S. dollars ."
   ],
   "trends": [
      {
         "18": "8",
         "20": "0"
      },
      {
         "1": "0",
         "9": "1",
         "10": "0"
      }
   ],
   "data": [
      {
         "Year": "2016",
         "Revenue in million U.S. dollars": "421.71"
      },
      {
         "Year": "2015",
         "Revenue in million U.S. dollars": "434.2"
      },
      {
         "Year": "2014",
         "Revenue in million U.S. dollars": "389.44"
      },
      {
         "Year": "2013",
         "Revenue in million U.S. dollars": "352.95"
      },
      {
         "Year": "2012",
         "Revenue in million U.S. dollars": "399.94"
      },
      {
         "Year": "2011",
         "Revenue in million U.S. dollars": "393.13"
      },
      {
         "Year": "2010",
         "Revenue in million U.S. dollars": "362.16"
      },
      {
         "Year": "2009",
         "Revenue in million U.S. dollars": "251.5"
      },
      {
         "Year": "2008",
         "Revenue in million U.S. dollars": "228.83"
      }
   ],
   "gold": "This statistic presents the revenue Live Nation generated with artist management business ( Artist Nation ) from 2008 to 2016 . In 2014 , the U.S. live event specialist generated a total revenue of 389.44 million US dollars managing its signed artists , up from 352.95 million a year earlier .\n"
}