{
   "title": "Online share of retail trade in selected countries 2014 to 2018",
   "labels": [
      "Country",
      "2014",
      "2015",
      "2016",
      "2017",
      "2018"
   ],
   "columnType": "multi",
   "graphType": "bar",
   "summary": [
      "This statistic shows the Online share in the Online from 2014 to 2018 , countries 2014 . ",
      "In 2018 , the highest share retail in the Switzerland was at 17.8 % ."
   ],
   "trends": [
      {},
      {
         "9": [
            "6",
            "0"
         ]
      }
   ],
   "data": [
      {
         "Country": "United Kingdom",
         "2014": "13.5",
         "2015": "15.2",
         "2016": "16.8",
         "2017": "17.8",
         "2018": "17.8"
      },
      {
         "Country": "Germany",
         "2014": "10",
         "2015": "11.6",
         "2016": "13.5",
         "2017": "15.1",
         "2018": "15.1"
      },
      {
         "Country": "France",
         "2014": "6.9",
         "2015": "8",
         "2016": "9.2",
         "2017": "10",
         "2018": "10.1"
      },
      {
         "Country": "Sweden",
         "2014": "7.6",
         "2015": "7.7",
         "2016": "8.6",
         "2017": "9.5",
         "2018": "9.7"
      },
      {
         "Country": "Netherlands",
         "2014": "7.1",
         "2015": "7.4",
         "2016": "8.5",
         "2017": "9.5",
         "2018": "9.1"
      },
      {
         "Country": "Europe average",
         "2014": "7.2",
         "2015": "7",
         "2016": "8",
         "2017": "8.8",
         "2018": "8.8"
      },
      {
         "Country": "Switzerland",
         "2014": "0",
         "2015": "6.3",
         "2016": "6.9",
         "2017": "7.5",
         "2018": "7.3"
      },
      {
         "Country": "Austria",
         "2014": "0",
         "2015": "6.1",
         "2016": "6.7",
         "2017": "7.4",
         "2018": "7.4"
      },
      {
         "Country": "Belgium",
         "2014": "0",
         "2015": "5.7",
         "2016": "6.4",
         "2017": "7.3",
         "2018": "7.3"
      },
      {
         "Country": "Spain",
         "2014": "3",
         "2015": "3.5",
         "2016": "4.1",
         "2017": "4.8",
         "2018": "4.8"
      },
      {
         "Country": "Poland",
         "2014": "2.8",
         "2015": "3.3",
         "2016": "3.7",
         "2017": "4.3",
         "2018": "4.3"
      },
      {
         "Country": "Italy",
         "2014": "2.1",
         "2015": "2.5",
         "2016": "3",
         "2017": "3.4",
         "2018": "3.4"
      }
   ],
   "gold": "This statistic provides information on the online share of retail trade in selected European countries from 2014 to 2018 . In 2018 , approximately 17.8 percent of retail sales in the United Kingdom were generated online . The United Kingdom led the country comparison in each year .\n"
}