{
   "title": "Urbanization in Jamaica 2018",
   "xAxis": "Year",
   "yAxis": "Share of urban population in total population",
   "columnType": "two",
   "graphType": "line",
   "summaryType": "nlp",
   "summary": [
      "This statistic shows the degree of Urbanization in Jamaica from 2008 to 2018 . ",
      "Urbanization means the Share of urban population in the total population of a country . ",
      "In 2018 , 55.67 % of Jamaica 's total population lived in urban areas and cities ."
   ],
   "trends": [
      {
         "10": "10",
         "12": "0"
      },
      {},
      {
         "1": "0",
         "3": "0"
      }
   ],
   "data": [
      {
         "Year": "2018",
         "Share of urban population in total population": "55.67"
      },
      {
         "Year": "2017",
         "Share of urban population in total population": "55.38"
      },
      {
         "Year": "2016",
         "Share of urban population in total population": "55.1"
      },
      {
         "Year": "2015",
         "Share of urban population in total population": "54.83"
      },
      {
         "Year": "2014",
         "Share of urban population in total population": "54.58"
      },
      {
         "Year": "2013",
         "Share of urban population in total population": "54.35"
      },
      {
         "Year": "2012",
         "Share of urban population in total population": "54.13"
      },
      {
         "Year": "2011",
         "Share of urban population in total population": "53.93"
      },
      {
         "Year": "2010",
         "Share of urban population in total population": "53.74"
      },
      {
         "Year": "2009",
         "Share of urban population in total population": "53.56"
      },
      {
         "Year": "2008",
         "Share of urban population in total population": "53.37"
      }
   ],
   "gold": "This statistic shows the degree of urbanization in Jamaica from 2008 to 2018 . Urbanization means the share of urban population in the total population of a country . In 2018 , 55.67 percent of Jamaica 's total population lived in urban areas and cities .\n"
}