{
   "title": "United States : retail e-commerce sales 2017 to 2024",
   "xAxis": "Year",
   "yAxis": "Revenue in million U.S. dollars",
   "columnType": "two",
   "graphType": "line",
   "summaryType": "nlp",
   "summary": [
      "The statistic shows the Revenue of the States retail United States sales from 2017 to 2024 . ",
      "In 2017 , the United States States retail Revenue amounted to 274755 million U.S. dollars ."
   ],
   "trends": [
      {
         "12": "7",
         "14": "0"
      },
      {
         "1": "7",
         "10": "7"
      }
   ],
   "data": [
      {
         "Year": "2024",
         "Revenue in million U.S. dollars": "599186"
      },
      {
         "Year": "2023",
         "Revenue in million U.S. dollars": "565696"
      },
      {
         "Year": "2022",
         "Revenue in million U.S. dollars": "524091"
      },
      {
         "Year": "2021",
         "Revenue in million U.S. dollars": "474540"
      },
      {
         "Year": "2020",
         "Revenue in million U.S. dollars": "419879"
      },
      {
         "Year": "2019",
         "Revenue in million U.S. dollars": "365207"
      },
      {
         "Year": "2018",
         "Revenue in million U.S. dollars": "315629"
      },
      {
         "Year": "2017",
         "Revenue in million U.S. dollars": "274755"
      }
   ],
   "gold": "In 2019 , U.S. online retail sales of physical goods amounted to 365.2 billion US dollars and are projected to reach close to 600 billion US dollars in 2024 . Apparel and accessories retail e-commerce in the U.S. is projected to generate 194.4 billion U.S. dollars in revenue by 2024 .\n"
}