{
   "title": "Global lemon and lime production 2000 to 2017",
   "xAxis": "Year",
   "yAxis": "Production in million metric tons",
   "columnType": "two",
   "graphType": "line",
   "summaryType": "nlp",
   "summary": [
      "This statistic represents the total Production of lime in the Global between 2000 and 2017 . ",
      "In 2017 , lime produced approximately 17.22 million metric tons of lemon were produced worldwide ."
   ],
   "trends": [
      {
         "12": "17",
         "14": "0"
      },
      {
         "1": "0",
         "6": "0"
      }
   ],
   "data": [
      {
         "Year": "2017",
         "Production in million metric tons": "17.22"
      },
      {
         "Year": "2016",
         "Production in million metric tons": "17.35"
      },
      {
         "Year": "2015",
         "Production in million metric tons": "16.99"
      },
      {
         "Year": "2014",
         "Production in million metric tons": "16.25"
      },
      {
         "Year": "2013",
         "Production in million metric tons": "15.23"
      },
      {
         "Year": "2012",
         "Production in million metric tons": "15.01"
      },
      {
         "Year": "2011",
         "Production in million metric tons": "15.07"
      },
      {
         "Year": "2010",
         "Production in million metric tons": "14.85"
      },
      {
         "Year": "2009",
         "Production in million metric tons": "17.23"
      },
      {
         "Year": "2008",
         "Production in million metric tons": "17.18"
      },
      {
         "Year": "2007",
         "Production in million metric tons": "16.25"
      },
      {
         "Year": "2006",
         "Production in million metric tons": "13.66"
      },
      {
         "Year": "2005",
         "Production in million metric tons": "12.33"
      },
      {
         "Year": "2004",
         "Production in million metric tons": "12.3"
      },
      {
         "Year": "2003",
         "Production in million metric tons": "12.62"
      },
      {
         "Year": "2002",
         "Production in million metric tons": "12.3"
      },
      {
         "Year": "2001",
         "Production in million metric tons": "12.16"
      },
      {
         "Year": "2000",
         "Production in million metric tons": "11.38"
      }
   ],
   "gold": "This statistic depicts the production of lemons and limes worldwide from 2000 to 2017 . According to the report , global lemon and lime production amounted to approximately 17.22 million metric tons in 2017 .\n"
}