{
   "title": "Inflation rate in Dominican Republic 2024",
   "xAxis": "Year",
   "yAxis": "Inflation rate compared to previous year",
   "columnType": "two",
   "graphType": "line",
   "summaryType": "nlp",
   "summary": [
      "This statistic shows the average Inflation rate in Dominican Republic from 1984 to 2018 , with projections up until 2024 . ",
      "In 2018 , the average Inflation rate in Dominican Republic amounted to about 3.56 % compared to the previous Year ."
   ],
   "trends": [
      {
         "10": "40",
         "12": "6",
         "18": "0"
      },
      {
         "1": "6",
         "12": "6"
      }
   ],
   "data": [
      {
         "Year": "2024",
         "Inflation rate compared to previous year": "3.97"
      },
      {
         "Year": "2023",
         "Inflation rate compared to previous year": "3.97"
      },
      {
         "Year": "2022",
         "Inflation rate compared to previous year": "3.97"
      },
      {
         "Year": "2021",
         "Inflation rate compared to previous year": "3.95"
      },
      {
         "Year": "2020",
         "Inflation rate compared to previous year": "4.12"
      },
      {
         "Year": "2019",
         "Inflation rate compared to previous year": "1.85"
      },
      {
         "Year": "2018",
         "Inflation rate compared to previous year": "3.56"
      },
      {
         "Year": "2017",
         "Inflation rate compared to previous year": "3.28"
      },
      {
         "Year": "2016",
         "Inflation rate compared to previous year": "1.61"
      },
      {
         "Year": "2015",
         "Inflation rate compared to previous year": "0.84"
      },
      {
         "Year": "2014",
         "Inflation rate compared to previous year": "3"
      },
      {
         "Year": "2013",
         "Inflation rate compared to previous year": "4.83"
      },
      {
         "Year": "2012",
         "Inflation rate compared to previous year": "3.7"
      },
      {
         "Year": "2011",
         "Inflation rate compared to previous year": "8.46"
      },
      {
         "Year": "2010",
         "Inflation rate compared to previous year": "6.33"
      },
      {
         "Year": "2009",
         "Inflation rate compared to previous year": "1.44"
      },
      {
         "Year": "2008",
         "Inflation rate compared to previous year": "10.64"
      },
      {
         "Year": "2007",
         "Inflation rate compared to previous year": "6.14"
      },
      {
         "Year": "2006",
         "Inflation rate compared to previous year": "7.57"
      },
      {
         "Year": "2005",
         "Inflation rate compared to previous year": "4.19"
      },
      {
         "Year": "2004",
         "Inflation rate compared to previous year": "51.46"
      },
      {
         "Year": "2003",
         "Inflation rate compared to previous year": "27.45"
      },
      {
         "Year": "2002",
         "Inflation rate compared to previous year": "5.22"
      },
      {
         "Year": "2001",
         "Inflation rate compared to previous year": "8.88"
      },
      {
         "Year": "2000",
         "Inflation rate compared to previous year": "7.22"
      },
      {
         "Year": "1999",
         "Inflation rate compared to previous year": "6.97"
      },
      {
         "Year": "1998",
         "Inflation rate compared to previous year": "4.83"
      },
      {
         "Year": "1997",
         "Inflation rate compared to previous year": "8.3"
      },
      {
         "Year": "1996",
         "Inflation rate compared to previous year": "5.4"
      },
      {
         "Year": "1995",
         "Inflation rate compared to previous year": "12.54"
      },
      {
         "Year": "1994",
         "Inflation rate compared to previous year": "8.26"
      },
      {
         "Year": "1993",
         "Inflation rate compared to previous year": "5.25"
      },
      {
         "Year": "1992",
         "Inflation rate compared to previous year": "4.26"
      },
      {
         "Year": "1991",
         "Inflation rate compared to previous year": "47.08"
      },
      {
         "Year": "1990",
         "Inflation rate compared to previous year": "50.46"
      },
      {
         "Year": "1989",
         "Inflation rate compared to previous year": "40.66"
      },
      {
         "Year": "1988",
         "Inflation rate compared to previous year": "43.86"
      },
      {
         "Year": "1987",
         "Inflation rate compared to previous year": "13.55"
      },
      {
         "Year": "1986",
         "Inflation rate compared to previous year": "7.64"
      },
      {
         "Year": "1985",
         "Inflation rate compared to previous year": "45.34"
      },
      {
         "Year": "1984",
         "Inflation rate compared to previous year": "20.15"
      }
   ],
   "gold": "This statistic shows the average inflation rate in Dominican Republic from1984 to 2018 , with projections up until 2024 . In 2018 , the average inflation rate in Dominican Republic amounted to about 3.56 percent compared to the previous year .\n"
}