{
   "title": "Number of physicians in Vietnam 2017 , by region",
   "xAxis": "Vietnamese Region",
   "yAxis": "Number of physicians",
   "columnType": "two",
   "graphType": "bar",
   "summaryType": "nlp",
   "summary": [
      "The graph shows the Number of physicians in the Number in 2017 , region Vietnamese . ",
      "In Northern_Central_area_and_Central_coastal_area , there were 11747 physicians in the Vietnam ."
   ],
   "trends": [
      {},
      {
         "1": "0",
         "5": "0"
      }
   ],
   "data": [
      {
         "Vietnamese Region": "Northern Central area and Central coastal area",
         "Number of physicians": "11747"
      },
      {
         "Vietnamese Region": "Northern midlands and mountain areas",
         "Number of physicians": "11511"
      },
      {
         "Vietnamese Region": "Mekong River Delta",
         "Number of physicians": "11307"
      },
      {
         "Vietnamese Region": "Red River Delta",
         "Number of physicians": "9406"
      },
      {
         "Vietnamese Region": "South East",
         "Number of physicians": "5090"
      },
      {
         "Vietnamese Region": "Thanh Hoa",
         "Number of physicians": "3016"
      },
      {
         "Vietnamese Region": "Ha Noi",
         "Number of physicians": "2721"
      },
      {
         "Vietnamese Region": "Central Highlands",
         "Number of physicians": "2656"
      },
      {
         "Vietnamese Region": "Ho Chi Minh city",
         "Number of physicians": "1660"
      },
      {
         "Vietnamese Region": "Nghe An",
         "Number of physicians": "1443"
      },
      {
         "Vietnamese Region": "Kien Giang",
         "Number of physicians": "1413"
      },
      {
         "Vietnamese Region": "Dong Thap",
         "Number of physicians": "1189"
      },
      {
         "Vietnamese Region": "Ha Giang",
         "Number of physicians": "1174"
      },
      {
         "Vietnamese Region": "Phu Tho",
         "Number of physicians": "1162"
      },
      {
         "Vietnamese Region": "Quang Nam",
         "Number of physicians": "1110"
      },
      {
         "Vietnamese Region": "Bac Giang",
         "Number of physicians": "1075"
      },
      {
         "Vietnamese Region": "An Giang",
         "Number of physicians": "1071"
      },
      {
         "Vietnamese Region": "Hai Duong",
         "Number of physicians": "1061"
      },
      {
         "Vietnamese Region": "Long An",
         "Number of physicians": "1055"
      },
      {
         "Vietnamese Region": "Lai Chau",
         "Number of physicians": "1004"
      },
      {
         "Vietnamese Region": "Tien Giang",
         "Number of physicians": "972"
      },
      {
         "Vietnamese Region": "Hoa Binh",
         "Number of physicians": "924"
      },
      {
         "Vietnamese Region": "Dien Bien",
         "Number of physicians": "920"
      },
      {
         "Vietnamese Region": "Dong Nai",
         "Number of physicians": "916"
      },
      {
         "Vietnamese Region": "Ha Tinh",
         "Number of physicians": "915"
      },
      {
         "Vietnamese Region": "Son La",
         "Number of physicians": "900"
      },
      {
         "Vietnamese Region": "Ben Tre",
         "Number of physicians": "897"
      },
      {
         "Vietnamese Region": "Ca Mau",
         "Number of physicians": "873"
      },
      {
         "Vietnamese Region": "Binh Thuan",
         "Number of physicians": "854"
      },
      {
         "Vietnamese Region": "Lao Cai",
         "Number of physicians": "797"
      },
      {
         "Vietnamese Region": "Dak Lak",
         "Number of physicians": "793"
      },
      {
         "Vietnamese Region": "Hung Yen",
         "Number of physicians": "777"
      },
      {
         "Vietnamese Region": "Binh Duong",
         "Number of physicians": "776"
      },
      {
         "Vietnamese Region": "Thai Binh",
         "Number of physicians": "775"
      },
      {
         "Vietnamese Region": "Lang Son",
         "Number of physicians": "743"
      },
      {
         "Vietnamese Region": "Cao Bang",
         "Number of physicians": "722"
      },
      {
         "Vietnamese Region": "Khanh Hoa",
         "Number of physicians": "718"
      },
      {
         "Vietnamese Region": "Bac Ninh",
         "Number of physicians": "697"
      },
      {
         "Vietnamese Region": "Binh Dinh",
         "Number of physicians": "695"
      },
      {
         "Vietnamese Region": "Quang Ngai",
         "Number of physicians": "695"
      },
      {
         "Vietnamese Region": "Soc Trang",
         "Number of physicians": "687"
      },
      {
         "Vietnamese Region": "Tuyen Quang",
         "Number of physicians": "687"
      },
      {
         "Vietnamese Region": "Vinh Long",
         "Number of physicians": "680"
      },
      {
         "Vietnamese Region": "Tay Ninh",
         "Number of physicians": "671"
      },
      {
         "Vietnamese Region": "Bac Lieu",
         "Number of physicians": "663"
      },
      {
         "Vietnamese Region": "Gia Lai",
         "Number of physicians": "662"
      },
      {
         "Vietnamese Region": "Binh Phuoc",
         "Number of physicians": "651"
      },
      {
         "Vietnamese Region": "Vinh Phuc",
         "Number of physicians": "647"
      },
      {
         "Vietnamese Region": "Hai Phong",
         "Number of physicians": "642"
      },
      {
         "Vietnamese Region": "Can Tho",
         "Number of physicians": "641"
      },
      {
         "Vietnamese Region": "Tra Vinh",
         "Number of physicians": "615"
      },
      {
         "Vietnamese Region": "Yen Bai",
         "Number of physicians": "602"
      },
      {
         "Vietnamese Region": "Lam Dong",
         "Number of physicians": "601"
      },
      {
         "Vietnamese Region": "Nam Dinh",
         "Number of physicians": "596"
      },
      {
         "Vietnamese Region": "Ninh Binh",
         "Number of physicians": "589"
      },
      {
         "Vietnamese Region": "Quang Ninh",
         "Number of physicians": "554"
      },
      {
         "Vietnamese Region": "Hau Giang",
         "Number of physicians": "551"
      },
      {
         "Vietnamese Region": "Quang Binh",
         "Number of physicians": "502"
      },
      {
         "Vietnamese Region": "Thai Nguyen",
         "Number of physicians": "444"
      },
      {
         "Vietnamese Region": "Phu Yen",
         "Number of physicians": "420"
      },
      {
         "Vietnamese Region": "Ba Ria - Vung Tau",
         "Number of physicians": "416"
      },
      {
         "Vietnamese Region": "Ninh Thuan",
         "Number of physicians": "414"
      },
      {
         "Vietnamese Region": "Bac Kan",
         "Number of physicians": "357"
      },
      {
         "Vietnamese Region": "Ha Nam",
         "Number of physicians": "347"
      },
      {
         "Vietnamese Region": "Quang Tri",
         "Number of physicians": "345"
      },
      {
         "Vietnamese Region": "Da Nang",
         "Number of physicians": "340"
      },
      {
         "Vietnamese Region": "Kon Tum",
         "Number of physicians": "331"
      },
      {
         "Vietnamese Region": "Thua Thien-Hue",
         "Number of physicians": "280"
      },
      {
         "Vietnamese Region": "Dak Nong",
         "Number of physicians": "269"
      }
   ],
   "gold": "In 2017 , there were over three thousand physicians in Thanh Hoa . In that year , the total number of physicians amounted to approximately 51.72 thousand in the country .\n"
}