{
   "title": "Chemical fibers global production 2000 to 2018",
   "labels": [
      "Fiber Type",
      "2000",
      "2010",
      "2011",
      "2012",
      "2013",
      "2014",
      "2015",
      "2016",
      "2017",
      "2018"
   ],
   "columnType": "multi",
   "graphType": "bar",
   "summary": [
      "This statistic shows the 2000 of the Chemical fibers global in the United Kingdom ( Chemical ) from 2000 to 2018 , . ",
      "As of 2019 , Chemical fibers global in the 2000 was 52700 % of 2000 ."
   ],
   "trends": [
      {},
      {
         "11": [
            "2",
            "3"
         ]
      }
   ],
   "data": [
      {
         "Fiber Type": "Cellulose fibers",
         "2000": "2640",
         "2010": "4400",
         "2011": "4743",
         "2012": "5040",
         "2013": "5900",
         "2014": "6200",
         "2015": "6100",
         "2016": "6400",
         "2017": "6700",
         "2018": "6800"
      },
      {
         "Fiber Type": "Synthetic fibers",
         "2000": "28400",
         "2010": "45200",
         "2011": "47957",
         "2012": "50960",
         "2013": "54400",
         "2014": "57100",
         "2015": "60700",
         "2016": "64800",
         "2017": "64900",
         "2018": "66600"
      },
      {
         "Fiber Type": "Total",
         "2000": "31040",
         "2010": "49600",
         "2011": "52700",
         "2012": "56000",
         "2013": "60300",
         "2014": "63300",
         "2015": "66800",
         "2016": "71200",
         "2017": "71600",
         "2018": "73400"
      }
   ],
   "gold": "In 2018 , the total global production output of the chemical fiber industry amounted to 73.4 million metric tons . Chemical fibers are made from organic ( `` natural '' ) and synthetic polymers . Chemical fibers are manufactured industrially for various purposes .\n"
}