{
   "title": "Annual Hang Seng index performance 1986 to 2019",
   "xAxis": "Year",
   "yAxis": "Index points",
   "columnType": "two",
   "graphType": "line",
   "summaryType": "nlp",
   "summary": [
      "This statistic shows the value of the Hang Seng Index performance from 1986 to 2019 . ",
      "The Index from points dropped from 2568.3 % in 2019 ."
   ],
   "trends": [
      {},
      {
         "6": "33"
      }
   ],
   "data": [
      {
         "Year": "'19",
         "Index points": "28189.75"
      },
      {
         "Year": "'18",
         "Index points": "25845.7"
      },
      {
         "Year": "'17",
         "Index points": "29919.15"
      },
      {
         "Year": "'16",
         "Index points": "22000.56"
      },
      {
         "Year": "'15",
         "Index points": "21914.4"
      },
      {
         "Year": "'14",
         "Index points": "23605.04"
      },
      {
         "Year": "'13",
         "Index points": "23306.4"
      },
      {
         "Year": "'12",
         "Index points": "22656.9"
      },
      {
         "Year": "'11",
         "Index points": "18434.4"
      },
      {
         "Year": "'10",
         "Index points": "23035.4"
      },
      {
         "Year": "'09",
         "Index points": "21872.5"
      },
      {
         "Year": "'08",
         "Index points": "14387.5"
      },
      {
         "Year": "'07",
         "Index points": "27812.7"
      },
      {
         "Year": "'06",
         "Index points": "19964.7"
      },
      {
         "Year": "'05",
         "Index points": "14876.4"
      },
      {
         "Year": "'04",
         "Index points": "14230.1"
      },
      {
         "Year": "'03",
         "Index points": "12575.9"
      },
      {
         "Year": "'02",
         "Index points": "9321.29"
      },
      {
         "Year": "'01",
         "Index points": "11397.2"
      },
      {
         "Year": "'00",
         "Index points": "15095.5"
      },
      {
         "Year": "'99",
         "Index points": "16962.1"
      },
      {
         "Year": "'98",
         "Index points": "10048.6"
      },
      {
         "Year": "'97",
         "Index points": "10722.8"
      },
      {
         "Year": "'96",
         "Index points": "13451.5"
      },
      {
         "Year": "'95",
         "Index points": "10073.0"
      },
      {
         "Year": "'94",
         "Index points": "8191.04"
      },
      {
         "Year": "'93",
         "Index points": "11888.4"
      },
      {
         "Year": "'92",
         "Index points": "5512.39"
      },
      {
         "Year": "'91",
         "Index points": "4297.33"
      },
      {
         "Year": "'90",
         "Index points": "3024.55"
      },
      {
         "Year": "'89",
         "Index points": "2836.57"
      },
      {
         "Year": "'88",
         "Index points": "2687.44"
      },
      {
         "Year": "'87",
         "Index points": "2302.75"
      },
      {
         "Year": "'86",
         "Index points": "2568.3"
      }
   ],
   "gold": "The statistic shows the annual development of the Hang Seng index from 1986 to 2019 . The Hang Seng index reflects the performance of the largest stocks traded on the Hong Kong Stock Exchange . The year value of the Hang Seng index amounted to 28,189.75 by the end of 2019 .\n"
}