{
   "title": "Facebook : number of followers of popular beauty brands 2020",
   "xAxis": "Month",
   "yAxis": "Brand fans in millions",
   "columnType": "two",
   "graphType": "bar",
   "summaryType": "nlp",
   "summary": [
      "This statistic gives information on the most popular number followers on Facebook , ranked by number of followers on the social network . ",
      "As of 2018 , Sony 's Bath_&_Body_Works was ranked first with 9.8 millions Facebook on the social network ."
   ],
   "trends": [
      {},
      {
         "6": "0",
         "11": "0"
      }
   ],
   "data": [
      {
         "Month": "Bath & Body Works",
         "Brand fans in millions": "9.8"
      },
      {
         "Month": "Risqu\u00e9",
         "Brand fans in millions": "7.23"
      },
      {
         "Month": "Mary Kay Brasil",
         "Brand fans in millions": "6.26"
      },
      {
         "Month": "Eudora",
         "Brand fans in millions": "5.56"
      },
      {
         "Month": "Pantene Brasil",
         "Brand fans in millions": "4.92"
      },
      {
         "Month": "Doce Pel\u00edcula",
         "Brand fans in millions": "4.88"
      },
      {
         "Month": "Nature Republic Myanmar",
         "Brand fans in millions": "4.87"
      },
      {
         "Month": "COVERGIRL",
         "Brand fans in millions": "4.64"
      },
      {
         "Month": "Dailus",
         "Brand fans in millions": "4.21"
      },
      {
         "Month": "Embelleze",
         "Brand fans in millions": "4.01"
      }
   ],
   "gold": "This statistic gives information on the most popular beauty brands on Facebook , ranked by number of followers on the social network . As of February 2020 , personal care brand Bath & Body Works was ranked first with close to 9.8 million Facebook followers .\n"
}