{
   "title": "Smartphone penetration as share of connections in Pakistan 2014 to 2020",
   "xAxis": "Year",
   "yAxis": "Percentage of connections",
   "columnType": "two",
   "graphType": "line",
   "summaryType": "nlp",
   "summary": [
      "This statistic shows the Percentage of connections the penetration share connections Pakistan in from 2014 to 2020 . ",
      "The average Smartphone penetration share connections Pakistan was 51 connections in 2020 ."
   ],
   "trends": [
      {
         "16": "6",
         "18": "0"
      },
      {
         "10": "0",
         "14": "0"
      }
   ],
   "data": [
      {
         "Year": "2020",
         "Percentage of connections": "51"
      },
      {
         "Year": "2019",
         "Percentage of connections": "43"
      },
      {
         "Year": "2018",
         "Percentage of connections": "34"
      },
      {
         "Year": "2017",
         "Percentage of connections": "26"
      },
      {
         "Year": "2016",
         "Percentage of connections": "19"
      },
      {
         "Year": "2015",
         "Percentage of connections": "14"
      },
      {
         "Year": "2014",
         "Percentage of connections": "10"
      }
   ],
   "gold": "The smartphone penetration rate as share of population in Pakistan was forecasted at 51 percent for 2020 , five times higher than in 2014 . This prediction was based on the assumption that the continuing declining of mobile device prices will support the increase of smartphones . Telecommunications market As of 2017 , the cellular subscription growth rate in Pakistan was 3.8 percent , ranking it in the middle field of Asia Pacific countries for this development .\n"
}