{
   "title": "Gate revenues in sports worldwide by region 2015",
   "labels": [
      "Year",
      "North America",
      "EMEA",
      "Asia Pacific",
      "Latin America"
   ],
   "columnType": "multi",
   "graphType": "line",
   "summary": [
      "This statistic shows the Gate revenues sports worldwide by region in the 2015 from 2006 to 2015 . ",
      "In 2015 , the Gate revenues sports of the North America by in the region was 17.84 U.S. dollars ."
   ],
   "trends": [
      {
         "14": [
            "9",
            "0"
         ],
         "16": [
            "0",
            "0"
         ]
      },
      {
         "1": [
            "0",
            "0"
         ],
         "16": [
            "0",
            "1"
         ]
      }
   ],
   "data": [
      {
         "Year": "2015",
         "North America": "17.84",
         "EMEA": "18.31",
         "Asia Pacific": "6.59",
         "Latin America": "2.01"
      },
      {
         "Year": "2014",
         "North America": "17.21",
         "EMEA": "17.78",
         "Asia Pacific": "6.19",
         "Latin America": "2.36"
      },
      {
         "Year": "2013",
         "North America": "16.63",
         "EMEA": "16.96",
         "Asia Pacific": "5.91",
         "Latin America": "1.81"
      },
      {
         "Year": "2012",
         "North America": "15.86",
         "EMEA": "17.26",
         "Asia Pacific": "5.74",
         "Latin America": "1.75"
      },
      {
         "Year": "2011",
         "North America": "15.33",
         "EMEA": "16.1",
         "Asia Pacific": "5.89",
         "Latin America": "1.72"
      },
      {
         "Year": "2010",
         "North America": "15.71",
         "EMEA": "16.54",
         "Asia Pacific": "5.68",
         "Latin America": "1.64"
      },
      {
         "Year": "2009",
         "North America": "15.55",
         "EMEA": "16.13",
         "Asia Pacific": "5.56",
         "Latin America": "1.63"
      },
      {
         "Year": "2008",
         "North America": "15.98",
         "EMEA": "16.54",
         "Asia Pacific": "5.81",
         "Latin America": "1.67"
      },
      {
         "Year": "2007",
         "North America": "15.6",
         "EMEA": "16.03",
         "Asia Pacific": "5.06",
         "Latin America": "1.7"
      },
      {
         "Year": "2006",
         "North America": "14.51",
         "EMEA": "15.95",
         "Asia Pacific": "4.97",
         "Latin America": "1.62"
      }
   ],
   "gold": "This graph depicts the total worldwide gate revenue earned in sports from 2006 to 2010 and forecasts for the years 2011 to 2015 by region . In 2010 , a revenue of 15.71 billion U.S. dollars was generated through gate revenue in North America . Game day revenue in sports Revenue from ticket sales ( gate receipts ) and other game-day related revenue is an important stream of revenue in sports .\n"
}