{
   "title": "Wearable technology market share in the United Kingdom ( UK ) 2014 , by product",
   "xAxis": "Wearable technology products",
   "yAxis": "Share of market",
   "columnType": "two",
   "graphType": "bar",
   "summaryType": "nlp",
   "summary": [
      "This statistic provides information on the Share of market in the Wearable in 2014 , United technology . ",
      "During the survey period , it was found that 11 % of the Health_and_fitness_trackers were technology market ."
   ],
   "trends": [
      {},
      {
         "9": "3",
         "13": "0"
      }
   ],
   "data": [
      {
         "Wearable technology products": "Health and fitness trackers",
         "Share of market": "39"
      },
      {
         "Wearable technology products": "Wrist sport computers",
         "Share of market": "26"
      },
      {
         "Wearable technology products": "Action cameras headsets and glasses",
         "Share of market": "24"
      },
      {
         "Wearable technology products": "Smart watches",
         "Share of market": "11"
      }
   ],
   "gold": "This statistic shows the market share of wearable technology products in the United Kingdom ( UK ) between January and September 2014 . Health and fitness trackers held the largest share of the wearables market at 39 percent , following by wrist sport computers with a 26 percent share .\n"
}