{
   "title": "Most googled online dating keywords in the United Kingdom ( UK ) in February 2016",
   "xAxis": "Online Dating Keyword",
   "yAxis": "Searches in thousands",
   "columnType": "two",
   "graphType": "bar",
   "summaryType": "nlp",
   "summary": [
      "This statistic displays the Most googled ohter_keywords related to first_dates thousands Searches in the United Kingdom in 2016 . ",
      "The Most googled online the keywords stood at 60.5 thousands of Searches ."
   ],
   "trends": [
      {
         "6": "10",
         "9": "0"
      },
      {
         "8": "2"
      }
   ],
   "data": [
      {
         "Online Dating Keyword": "first dates",
         "Searches in thousands": "110.0"
      },
      {
         "Online Dating Keyword": "dating sites",
         "Searches in thousands": "74.0"
      },
      {
         "Online Dating Keyword": "free dating sites",
         "Searches in thousands": "60.5"
      },
      {
         "Online Dating Keyword": "dating",
         "Searches in thousands": "33.1"
      },
      {
         "Online Dating Keyword": "free dating",
         "Searches in thousands": "27.1"
      },
      {
         "Online Dating Keyword": "polish dating",
         "Searches in thousands": "14.8"
      },
      {
         "Online Dating Keyword": "dating websites",
         "Searches in thousands": "12.1"
      },
      {
         "Online Dating Keyword": "online dating",
         "Searches in thousands": "12.1"
      },
      {
         "Online Dating Keyword": "speed dating",
         "Searches in thousands": "9.9"
      },
      {
         "Online Dating Keyword": "free online dating",
         "Searches in thousands": "8.1"
      },
      {
         "Online Dating Keyword": "ohter keywords",
         "Searches in thousands": "379.03"
      }
   ],
   "gold": "This statistic displays the most googled online dating keywords on Google UK during February 2016 . Most googled was the term `` first dates '' , which was searched 110 thousand times in the United Kingdom that month .\n"
}