{
   "title": "Leading mobile messengers in the U.S. 2019 , by users",
   "xAxis": "Platform",
   "yAxis": "Number of monthly unique users in millions",
   "columnType": "two",
   "graphType": "bar",
   "summaryType": "nlp",
   "summary": [
      "This statistic gives information on the Leading mobile messengers Platform in U.S. as of 2019 . ",
      "During the survey period , Facebook_Messenger was ranked first with an average of 106.4 millions copies ."
   ],
   "trends": [
      {},
      {
         "5": "0",
         "13": "0"
      }
   ],
   "data": [
      {
         "Platform": "Facebook Messenger",
         "Number of monthly unique users in millions": "106.4"
      },
      {
         "Platform": "Snapchat",
         "Number of monthly unique users in millions": "45.98"
      },
      {
         "Platform": "WhatsApp",
         "Number of monthly unique users in millions": "25.58"
      },
      {
         "Platform": "Messenger by Google",
         "Number of monthly unique users in millions": "17.46"
      },
      {
         "Platform": "Discord - Chat for Games",
         "Number of monthly unique users in millions": "15.01"
      },
      {
         "Platform": "Google Hangouts (main)",
         "Number of monthly unique users in millions": "14.19"
      },
      {
         "Platform": "GroupMe",
         "Number of monthly unique users in millions": "10.75"
      },
      {
         "Platform": "Kik",
         "Number of monthly unique users in millions": "7.72"
      },
      {
         "Platform": "Skype (main)",
         "Number of monthly unique users in millions": "5.53"
      },
      {
         "Platform": "Telegram",
         "Number of monthly unique users in millions": "3.47"
      },
      {
         "Platform": "LINE",
         "Number of monthly unique users in millions": "3.15"
      },
      {
         "Platform": "WeChat",
         "Number of monthly unique users in millions": "1.48"
      }
   ],
   "gold": "As of September 2019 , Facebook Messenger was the most popular mobile messenger app in the United States with 106.4 million unique U.S. users . Snapchat ranked second with an audience of almost 45.98 million users . As of that period , Facebook Messenger had a 57 percent mobile audience reach in the United States .\n"
}