{
   "title": "YouTube : most watched Latin artists ' music videos 2019",
   "xAxis": "Music Video",
   "yAxis": "Number of views in billions",
   "columnType": "two",
   "graphType": "bar",
   "summaryType": "nlp",
   "summary": [
      "Luis_Fonsi_-_Despacito_ft._Daddy_Yankee had the highest Number of billions any Music in the world in 2019 with a total of 6.33 billions . ",
      "This was followed by J_Balvin_Willy_William_-_Mi_Gente_(Official_Video) Shakira_-_Chantaje_(Official_Video)_ft._Maluma with 2.44 billions of 2.41 billions ."
   ],
   "trends": [
      {
         "0": "0",
         "20": "0"
      },
      {
         "4": "1",
         "5": "2",
         "7": "1",
         "10": "2"
      }
   ],
   "data": [
      {
         "Music Video": "Luis Fonsi - Despacito ft. Daddy Yankee",
         "Number of views in billions": "6.33"
      },
      {
         "Music Video": "J Balvin Willy William - Mi Gente (Official Video)",
         "Number of views in billions": "2.44"
      },
      {
         "Music Video": "Shakira - Chantaje (Official Video) ft. Maluma",
         "Number of views in billions": "2.41"
      },
      {
         "Music Video": "Shakira - Waka Waka (This Time for Africa) (The Official 2010 FIFA World Cup\u2122 Song)",
         "Number of views in billions": "2.28"
      },
      {
         "Music Video": "Te Bote Remix - Casper Nio Garc\u00eda Darell Nicky Jam Bad Bunny Ozuna  Video Oficial",
         "Number of views in billions": "1.88"
      },
      {
         "Music Video": "Luis Fonsi Demi Lovato - \u00c9chame La Culpa (Video Oficial)",
         "Number of views in billions": "1.87"
      },
      {
         "Music Video": "Natti Natasha \u274c Ozuna - Criminal [Official Video]",
         "Number of views in billions": "1.84"
      },
      {
         "Music Video": "Nicky Jam x J. Balvin - X (EQUIS)  Video Oficial  Prod. Afro Bros & Jeon",
         "Number of views in billions": "1.68"
      }
   ],
   "gold": "This year , the music video of the song from Luis Fonsi and Daddy Yankee `` Despacito '' became the first video in the history of YouTube to surpass six billion views . Despacito set a global record as the most-watched music video from Latin American artists on the platform , followed by `` Mi Gente '' , another worldwide Reggaeton hit , this time by Colombian artist J Balvin featuring French producer Willy William , with approximately 2.44 billion views .\n"
}