{
   "title": "Sexism in advertising in the U.S. 2016",
   "xAxis": "Share of...",
   "yAxis": "Unnamed: 1",
   "columnType": "two",
   "graphType": "bar",
   "summaryType": "nlp",
   "summary": [
      "This statistic gives information on the percentage of the total Unnamed: of people living in the U.S. as of 2018 . ",
      "During the survey period , it was found that 76 % of all ...respondents_who_have_seen_advertising_they_deem_\"offensive\"_to_women were living in ...respondents_who_have_seen_ads_that_portay_women_as_dumb_helpless_or_incompetent ."
   ],
   "trends": [
      {},
      {
         "9": "7",
         "13": "3",
         "17": "0"
      }
   ],
   "data": [
      {
         "Share of...": "...respondents who have seen ads that portay women as dumb helpless or incompetent",
         "Unnamed: 1": "85"
      },
      {
         "Share of...": "...female respondents who have been offended by sexism in advertising",
         "Unnamed: 1": "84"
      },
      {
         "Share of...": "...respondents who have seen ads they find ridiculous in how they portray women",
         "Unnamed: 1": "82"
      },
      {
         "Share of...": "...respondents who have seen advertising they deem \"offensive\" to women",
         "Unnamed: 1": "76"
      }
   ],
   "gold": "The statistic shows data on sexism in advertising in the United States as of July 2016 . During a survey , 76 percent of respondents stated they had seen advertising they deemed `` offensive '' to women .\n"
}