{
   "title": "Global mine production of asbestos 2007 to 2019",
   "xAxis": "Year",
   "yAxis": "Production in thousand metric tons",
   "columnType": "two",
   "graphType": "line",
   "summaryType": "nlp",
   "summary": [
      "This statistic shows the total amount of production mined in the Global from 2007 to 2019 . ",
      "In 2007 , mine production amounted to 2200 thousand metric tons ."
   ],
   "trends": [
      {
         "13": "12",
         "15": "0"
      },
      {
         "1": "12",
         "8": "12"
      }
   ],
   "data": [
      {
         "Year": "2019",
         "Production in thousand metric tons": "1100"
      },
      {
         "Year": "2018",
         "Production in thousand metric tons": "1150"
      },
      {
         "Year": "2017",
         "Production in thousand metric tons": "1170"
      },
      {
         "Year": "2016",
         "Production in thousand metric tons": "1280"
      },
      {
         "Year": "2015",
         "Production in thousand metric tons": "2000"
      },
      {
         "Year": "2014",
         "Production in thousand metric tons": "2020"
      },
      {
         "Year": "2013",
         "Production in thousand metric tons": "2020"
      },
      {
         "Year": "2012",
         "Production in thousand metric tons": "1970"
      },
      {
         "Year": "2011",
         "Production in thousand metric tons": "2030"
      },
      {
         "Year": "2010",
         "Production in thousand metric tons": "2010"
      },
      {
         "Year": "2009",
         "Production in thousand metric tons": "2070"
      },
      {
         "Year": "2008",
         "Production in thousand metric tons": "2090"
      },
      {
         "Year": "2007",
         "Production in thousand metric tons": "2200"
      }
   ],
   "gold": "This statistic depicts the total world mine production of asbestos from 2007 to 2019 . The world mine production of asbestos amounted to approximately 2.2 million metric tons in 2007 . In 2019 , total production dropped just above 1.1 million metric tons .\n"
}