{
   "title": "Population of the Netherlands 2019 , by age",
   "xAxis": "Year",
   "yAxis": "Number of inhabitants",
   "columnType": "two",
   "graphType": "line",
   "summaryType": "nlp",
   "summary": [
      "This statistic shows the Population of the Netherlands 2019 in the Netherlands from 0_-_20_years to 65_-_80_years . ",
      "According to the source , there were over 5866334 million inhabitants living in the Netherlands ."
   ],
   "trends": [
      {
         "13": "0",
         "15": "3"
      },
      {
         "8": "2"
      }
   ],
   "data": [
      {
         "Year": "0 - 20 years",
         "Number of inhabitants": "3791838"
      },
      {
         "Year": "20 - 40 years",
         "Number of inhabitants": "4309987"
      },
      {
         "Year": "40 - 65 years",
         "Number of inhabitants": "5866334"
      },
      {
         "Year": "65 - 80 years",
         "Number of inhabitants": "2515184"
      },
      {
         "Year": "80 years and older",
         "Number of inhabitants": "798820"
      }
   ],
   "gold": "This statistic shows the population of the Netherlands in 2019 , by age . On January 1 , 2019 there were approximately 3.8 million people younger than 20 years living in the Netherlands . The largest age group was formed by those between 40 and 65 years old .\n"
}