{
   "title": "Value of the leading merchandise exporters worldwide 2018 , by exporting nation",
   "xAxis": "Exporting nation",
   "yAxis": "Export value in billion U.S. dollars",
   "columnType": "two",
   "graphType": "bar",
   "summaryType": "nlp",
   "summary": [
      "This graph shows the estimated Export of value billion in the exporters in 2018 , by Exporting . ",
      "In this year , the China generated approximately 2487 billion U.S. dollars of value billion ."
   ],
   "trends": [
      {},
      {
         "5": "0",
         "8": "0"
      }
   ],
   "data": [
      {
         "Exporting nation": "China",
         "Export value in billion U.S. dollars": "2487"
      },
      {
         "Exporting nation": "Extra-EU (28)",
         "Export value in billion U.S. dollars": "2309"
      },
      {
         "Exporting nation": "United States",
         "Export value in billion U.S. dollars": "1664"
      },
      {
         "Exporting nation": "Japan",
         "Export value in billion U.S. dollars": "738"
      },
      {
         "Exporting nation": "Republic of Korea",
         "Export value in billion U.S. dollars": "605"
      },
      {
         "Exporting nation": "Hong Kong China",
         "Export value in billion U.S. dollars": "569"
      },
      {
         "Exporting nation": "Mexico",
         "Export value in billion U.S. dollars": "451"
      },
      {
         "Exporting nation": "Canada",
         "Export value in billion U.S. dollars": "450"
      },
      {
         "Exporting nation": "Russian Federation",
         "Export value in billion U.S. dollars": "444"
      },
      {
         "Exporting nation": "Singapore",
         "Export value in billion U.S. dollars": "413"
      },
      {
         "Exporting nation": "United Arab Emirates",
         "Export value in billion U.S. dollars": "346"
      },
      {
         "Exporting nation": "Chinese Taipei",
         "Export value in billion U.S. dollars": "336"
      },
      {
         "Exporting nation": "India",
         "Export value in billion U.S. dollars": "326"
      },
      {
         "Exporting nation": "Switzerland",
         "Export value in billion U.S. dollars": "311"
      },
      {
         "Exporting nation": "Kingdom of Saudi Arabia",
         "Export value in billion U.S. dollars": "299"
      }
   ],
   "gold": "This statistic shows the value of the leading merchandise exporters worldwide in 2018 , by exporting nation . In that year , the United States was the third largest merchandise exporting nation in the world , with a value amounting to about 1.66 trillion U.S. dollars .\n"
}