{
   "title": "Monsanto 's number of regular and temporary workers worldwide 2013 to 2017",
   "labels": [
      "Worker Type",
      "2013",
      "2014",
      "2015",
      "2016",
      "2017"
   ],
   "columnType": "multi",
   "graphType": "bar",
   "summary": [
      "The statistic shows the Monsanto of 's number regular temporary , 2013 2017 . ",
      "According to the source , 21900 % of those who were sold in Monsanto ."
   ],
   "trends": [
      {},
      {
         "5": [
            "0",
            "1"
         ]
      }
   ],
   "data": [
      {
         "Worker Type": "Regular workers",
         "2013": "21900",
         "2014": "22400",
         "2015": "22500",
         "2016": "20800",
         "2017": "20500"
      },
      {
         "Worker Type": "Temporary workers",
         "2013": "4300",
         "2014": "4600",
         "2015": "3000",
         "2016": "3300",
         "2017": "2800"
      }
   ],
   "gold": "This statistic depicts the number of regular and temporary employees working for Monsanto as of August 2013 to August 2017 . The agrochemical company employed 2,800 temporary workers worldwide as of August 2017 . Monsanto was an agricultural company specialized on genetically engineered seeds .\n"
}