{
   "title": "Average ticket price Golden State Warriors ( NBA ) games 2015/16",
   "xAxis": "Year",
   "yAxis": "Average ticket price in U.S. dollars",
   "columnType": "two",
   "graphType": "line",
   "summaryType": "nlp",
   "summary": [
      "This graph depicts the Average ticket price for Golden State Warriors games of the National Basketball Association from 2006/07 to 2015/16 . ",
      "In the 2006/07 season , the Average ticket price was 26.63 U.S. dollars ."
   ],
   "trends": [
      {
         "16": "9",
         "18": "0"
      },
      {
         "2": "9",
         "10": "9"
      }
   ],
   "data": [
      {
         "Year": "2015/16",
         "Average ticket price in U.S. dollars": "79.84"
      },
      {
         "Year": "2014/15",
         "Average ticket price in U.S. dollars": "47.38"
      },
      {
         "Year": "2013/14",
         "Average ticket price in U.S. dollars": "44.27"
      },
      {
         "Year": "2012/13",
         "Average ticket price in U.S. dollars": "35.7"
      },
      {
         "Year": "2011/12",
         "Average ticket price in U.S. dollars": "34.13"
      },
      {
         "Year": "2010/11",
         "Average ticket price in U.S. dollars": "34.13"
      },
      {
         "Year": "2009/10",
         "Average ticket price in U.S. dollars": "37.5"
      },
      {
         "Year": "2008/09",
         "Average ticket price in U.S. dollars": "39.0"
      },
      {
         "Year": "2007/08",
         "Average ticket price in U.S. dollars": "31.13"
      },
      {
         "Year": "2006/07",
         "Average ticket price in U.S. dollars": "26.63"
      }
   ],
   "gold": "This graph depicts the average ticket price for Golden State Warriors games of the National Basketball Association from 2006/07 to 2015/16 . In the 2006/07 season , the average ticket price was 26.63 U.S. dollars . Golden State Warriors The Golden State Warriors are a professional basketball team that is part of the Western Conference in the National Basketball Association ( NBA ) .\n"
}