{
   "title": "World ranking of Sweden 's national football team 1993 to 2018",
   "xAxis": "Year",
   "yAxis": "FIFA World Ranking position",
   "columnType": "two",
   "graphType": "line",
   "summaryType": "nlp",
   "summary": [
      "This statistic shows the FIFA World Ranking of the Norwegian national football team from 1993 to 2018 . ",
      "The highest position ever reached was 3 in 1994 . ",
      "Rank 44 was the lowest result of the team , which was reached in 2014 ."
   ],
   "trends": [
      {
         "14": "0",
         "16": "25"
      },
      {
         "6": "1",
         "8": "1"
      },
      {
         "1": "21",
         "14": "21"
      }
   ],
   "data": [
      {
         "Year": "1993",
         "FIFA World Ranking position": "9"
      },
      {
         "Year": "1994",
         "FIFA World Ranking position": "3"
      },
      {
         "Year": "1995",
         "FIFA World Ranking position": "13"
      },
      {
         "Year": "1996",
         "FIFA World Ranking position": "17"
      },
      {
         "Year": "1997",
         "FIFA World Ranking position": "18"
      },
      {
         "Year": "1998",
         "FIFA World Ranking position": "18"
      },
      {
         "Year": "1999",
         "FIFA World Ranking position": "16"
      },
      {
         "Year": "2000",
         "FIFA World Ranking position": "23"
      },
      {
         "Year": "2001",
         "FIFA World Ranking position": "16"
      },
      {
         "Year": "2002",
         "FIFA World Ranking position": "25"
      },
      {
         "Year": "2003",
         "FIFA World Ranking position": "19"
      },
      {
         "Year": "2004",
         "FIFA World Ranking position": "13"
      },
      {
         "Year": "2005",
         "FIFA World Ranking position": "14"
      },
      {
         "Year": "2006",
         "FIFA World Ranking position": "14"
      },
      {
         "Year": "2007",
         "FIFA World Ranking position": "24"
      },
      {
         "Year": "2008",
         "FIFA World Ranking position": "32"
      },
      {
         "Year": "2009",
         "FIFA World Ranking position": "42"
      },
      {
         "Year": "2010",
         "FIFA World Ranking position": "33"
      },
      {
         "Year": "2011",
         "FIFA World Ranking position": "18"
      },
      {
         "Year": "2012",
         "FIFA World Ranking position": "20"
      },
      {
         "Year": "2013",
         "FIFA World Ranking position": "27"
      },
      {
         "Year": "2014",
         "FIFA World Ranking position": "44"
      },
      {
         "Year": "2015",
         "FIFA World Ranking position": "35"
      },
      {
         "Year": "2016",
         "FIFA World Ranking position": "41"
      },
      {
         "Year": "2017",
         "FIFA World Ranking position": "18"
      },
      {
         "Year": "2018",
         "FIFA World Ranking position": "23"
      }
   ],
   "gold": "The highest position of Sweden 's national football team in the FIFA World Ranking ever reached was in 1994 , when they came at fourth place . In this year , Sweden was in the play-off for the third place in the 1994 FIFA World Cup . The teams lowest rank was 44 , which was reached in 2014 .\n"
}