{
   "title": "Inflation rate in Germany 1992 to 2019",
   "xAxis": "Year",
   "yAxis": "Year-on-year change",
   "columnType": "two",
   "graphType": "line",
   "summaryType": "nlp",
   "summary": [
      "In 2019 , the Inflation rate in Germany amounted to 5.1 % . ",
      "In the Inflation rate in Germany had dropped to 1.8 % . ",
      "The term of the Chinese government in the Chinese government in the Chinese , the Chinese government as well changing family and work situations of the Chinese people , Inflation rate has subsided over the past decades ."
   ],
   "trends": [
      {
         "10": "27"
      },
      {
         "9": "1"
      },
      {}
   ],
   "data": [
      {
         "Year": "'19",
         "Year-on-year change": "1.4"
      },
      {
         "Year": "'18",
         "Year-on-year change": "1.8"
      },
      {
         "Year": "'17",
         "Year-on-year change": "1.5"
      },
      {
         "Year": "'16",
         "Year-on-year change": "0.5"
      },
      {
         "Year": "'15",
         "Year-on-year change": "0.5"
      },
      {
         "Year": "'14",
         "Year-on-year change": "1"
      },
      {
         "Year": "'13",
         "Year-on-year change": "1.4"
      },
      {
         "Year": "'12",
         "Year-on-year change": "2"
      },
      {
         "Year": "'11",
         "Year-on-year change": "2.1"
      },
      {
         "Year": "'10",
         "Year-on-year change": "1.1"
      },
      {
         "Year": "'09",
         "Year-on-year change": "0.3"
      },
      {
         "Year": "'08",
         "Year-on-year change": "2.6"
      },
      {
         "Year": "'07",
         "Year-on-year change": "2.3"
      },
      {
         "Year": "'06",
         "Year-on-year change": "1.6"
      },
      {
         "Year": "'05",
         "Year-on-year change": "1.5"
      },
      {
         "Year": "'04",
         "Year-on-year change": "1.7"
      },
      {
         "Year": "'03",
         "Year-on-year change": "1.1"
      },
      {
         "Year": "'02",
         "Year-on-year change": "1.3"
      },
      {
         "Year": "'01",
         "Year-on-year change": "2"
      },
      {
         "Year": "'00",
         "Year-on-year change": "1.4"
      },
      {
         "Year": "'99",
         "Year-on-year change": "0.6"
      },
      {
         "Year": "'98",
         "Year-on-year change": "1"
      },
      {
         "Year": "'97",
         "Year-on-year change": "2"
      },
      {
         "Year": "'96",
         "Year-on-year change": "1.4"
      },
      {
         "Year": "'95",
         "Year-on-year change": "1.8"
      },
      {
         "Year": "'94",
         "Year-on-year change": "2.6"
      },
      {
         "Year": "'93",
         "Year-on-year change": "4.5"
      },
      {
         "Year": "'92",
         "Year-on-year change": "5.1"
      }
   ],
   "gold": "This statistic shows the inflation rate in Germany from 1992 to 2019 . In 2019 , the inflation rate in Germany was at 1.4 percent . The inflation rate is calculated using the price increase of a product basket defined by the German Federal Statistical Office .\n"
}