{
   "title": "Celanese 's revenue 2007 to 2018",
   "xAxis": "Year",
   "yAxis": "Revenue in million U.S. dollars",
   "columnType": "two",
   "graphType": "line",
   "summaryType": "nlp",
   "summary": [
      "The statistic shows the Revenue of the Celanese , a franchise of the National Football League , from 2007 to 2018 . ",
      "In 2018 , the Revenue of the Celanese was 7155 U.S. dollars ."
   ],
   "trends": [
      {
         "18": "11",
         "20": "0"
      },
      {
         "1": "0",
         "9": "0",
         "10": "0"
      }
   ],
   "data": [
      {
         "Year": "2018",
         "Revenue in million U.S. dollars": "7155"
      },
      {
         "Year": "2017",
         "Revenue in million U.S. dollars": "6140"
      },
      {
         "Year": "2016",
         "Revenue in million U.S. dollars": "5389"
      },
      {
         "Year": "2015",
         "Revenue in million U.S. dollars": "5674"
      },
      {
         "Year": "2014",
         "Revenue in million U.S. dollars": "6802"
      },
      {
         "Year": "2013",
         "Revenue in million U.S. dollars": "6510"
      },
      {
         "Year": "2012",
         "Revenue in million U.S. dollars": "6418"
      },
      {
         "Year": "2011",
         "Revenue in million U.S. dollars": "6763"
      },
      {
         "Year": "2010",
         "Revenue in million U.S. dollars": "5918"
      },
      {
         "Year": "2009",
         "Revenue in million U.S. dollars": "5082"
      },
      {
         "Year": "2008",
         "Revenue in million U.S. dollars": "6823"
      },
      {
         "Year": "2007",
         "Revenue in million U.S. dollars": "6444"
      }
   ],
   "gold": "This statistic shows Celanese 's revenue between 2007 and 2018 . Celanese Corporation is a U.S.-based technology and specialty materials company . In 2018 , the corporation made some 7.15 billion U.S. dollars of revenue .\n"
}