{
   "title": "Latin America : minimum monthly wages in 2019 , by country",
   "xAxis": "Country",
   "yAxis": "Monthly minimum wage in U.S. dollars",
   "columnType": "two",
   "graphType": "bar",
   "summaryType": "nlp",
   "summary": [
      "This statistic shows the Monthly of the America minimum monthly wages 2019 in country 2019 , country . ",
      "In that year , Uruguay had the largest Monthly of 462.3 wage U.S. ."
   ],
   "trends": [
      {},
      {
         "4": "0",
         "10": "0"
      }
   ],
   "data": [
      {
         "Country": "Uruguay",
         "Monthly minimum wage in U.S. dollars": "462.3"
      },
      {
         "Country": "Chile",
         "Monthly minimum wage in U.S. dollars": "431.7"
      },
      {
         "Country": "Ecuador",
         "Monthly minimum wage in U.S. dollars": "394.0"
      },
      {
         "Country": "Paraguay",
         "Monthly minimum wage in U.S. dollars": "355.6"
      },
      {
         "Country": "Bolivia",
         "Monthly minimum wage in U.S. dollars": "298.0"
      },
      {
         "Country": "Argentina",
         "Monthly minimum wage in U.S. dollars": "297.9"
      },
      {
         "Country": "Peru",
         "Monthly minimum wage in U.S. dollars": "275.7"
      },
      {
         "Country": "Brazil",
         "Monthly minimum wage in U.S. dollars": "257.3"
      },
      {
         "Country": "Colombia",
         "Monthly minimum wage in U.S. dollars": "254.7"
      },
      {
         "Country": "Mexico",
         "Monthly minimum wage in U.S. dollars": "156.9"
      },
      {
         "Country": "Venezuela",
         "Monthly minimum wage in U.S. dollars": "7.0"
      }
   ],
   "gold": "This statistic displays the minimum monthly wage in selected Latin American countries for 2019 . According to the source , Uruguay is the country with the highest basic salary in the region , with a minimum wage of 462.3 U.S. dollars per month . On the other side of the spectrum is Venezuela , with a minimum monthly salary of only seven dollars .\n"
}