{
   "title": "Gross domestic product ( GDP ) per capita in Turkey 2024",
   "xAxis": "Year",
   "yAxis": "GDP per capita in U.S. dollars",
   "columnType": "two",
   "graphType": "line",
   "summaryType": "nlp",
   "summary": [
      "The statistic shows the GDP of the total capita in the Turkey from 1984 to 2017 , with projections up until 2024 . ",
      "According to the total market value of all goods and services produced in a country in a Year . ",
      "It is considered to be a very important indicator of the economic strength of a country and a positive change is an indicator of economic growth ."
   ],
   "trends": [
      {
         "13": "40",
         "15": "7",
         "21": "0"
      },
      {},
      {}
   ],
   "data": [
      {
         "Year": "2024",
         "GDP per capita in U.S. dollars": "12489.9"
      },
      {
         "Year": "2023",
         "GDP per capita in U.S. dollars": "11901.69"
      },
      {
         "Year": "2022",
         "GDP per capita in U.S. dollars": "11373.64"
      },
      {
         "Year": "2021",
         "GDP per capita in U.S. dollars": "10635.82"
      },
      {
         "Year": "2020",
         "GDP per capita in U.S. dollars": "9683.57"
      },
      {
         "Year": "2019",
         "GDP per capita in U.S. dollars": "8957.89"
      },
      {
         "Year": "2018",
         "GDP per capita in U.S. dollars": "9405.32"
      },
      {
         "Year": "2017",
         "GDP per capita in U.S. dollars": "10551.14"
      },
      {
         "Year": "2016",
         "GDP per capita in U.S. dollars": "10817.39"
      },
      {
         "Year": "2015",
         "GDP per capita in U.S. dollars": "10914.89"
      },
      {
         "Year": "2014",
         "GDP per capita in U.S. dollars": "12022.18"
      },
      {
         "Year": "2013",
         "GDP per capita in U.S. dollars": "12395.37"
      },
      {
         "Year": "2012",
         "GDP per capita in U.S. dollars": "11552.69"
      },
      {
         "Year": "2011",
         "GDP per capita in U.S. dollars": "11140.95"
      },
      {
         "Year": "2010",
         "GDP per capita in U.S. dollars": "10475.57"
      },
      {
         "Year": "2009",
         "GDP per capita in U.S. dollars": "8881.76"
      },
      {
         "Year": "2008",
         "GDP per capita in U.S. dollars": "10691.76"
      },
      {
         "Year": "2007",
         "GDP per capita in U.S. dollars": "9562.94"
      },
      {
         "Year": "2006",
         "GDP per capita in U.S. dollars": "7898.99"
      },
      {
         "Year": "2005",
         "GDP per capita in U.S. dollars": "7277.94"
      },
      {
         "Year": "2004",
         "GDP per capita in U.S. dollars": "5952.83"
      },
      {
         "Year": "2003",
         "GDP per capita in U.S. dollars": "4642.9"
      },
      {
         "Year": "2002",
         "GDP per capita in U.S. dollars": "3589.39"
      },
      {
         "Year": "2001",
         "GDP per capita in U.S. dollars": "3053.28"
      },
      {
         "Year": "2000",
         "GDP per capita in U.S. dollars": "4218.86"
      },
      {
         "Year": "1999",
         "GDP per capita in U.S. dollars": "4019.0"
      },
      {
         "Year": "1998",
         "GDP per capita in U.S. dollars": "4387.31"
      },
      {
         "Year": "1997",
         "GDP per capita in U.S. dollars": "4220.6"
      },
      {
         "Year": "1996",
         "GDP per capita in U.S. dollars": "4095.58"
      },
      {
         "Year": "1995",
         "GDP per capita in U.S. dollars": "3877.1"
      },
      {
         "Year": "1994",
         "GDP per capita in U.S. dollars": "3024.16"
      },
      {
         "Year": "1993",
         "GDP per capita in U.S. dollars": "4259.48"
      },
      {
         "Year": "1992",
         "GDP per capita in U.S. dollars": "3817.29"
      },
      {
         "Year": "1991",
         "GDP per capita in U.S. dollars": "3686.18"
      },
      {
         "Year": "1990",
         "GDP per capita in U.S. dollars": "3735.77"
      },
      {
         "Year": "1989",
         "GDP per capita in U.S. dollars": "2707.19"
      },
      {
         "Year": "1988",
         "GDP per capita in U.S. dollars": "2335.49"
      },
      {
         "Year": "1987",
         "GDP per capita in U.S. dollars": "2259.89"
      },
      {
         "Year": "1986",
         "GDP per capita in U.S. dollars": "1982.41"
      },
      {
         "Year": "1985",
         "GDP per capita in U.S. dollars": "1833.86"
      },
      {
         "Year": "1984",
         "GDP per capita in U.S. dollars": "1667.26"
      }
   ],
   "gold": "The statistic shows the gross domestic product ( GDP ) per capita in Turkey from 1984 to 2018 , with projections up until 2024 . GDP is the total value of all goods and services produced in a country in a year . It is considered to be a very important indicator of the economic strength of a country and a change in it is a sign of economic growth .\n"
}