{
   "title": "American Airlines and US Airways - key figures 2015",
   "xAxis": "Key area",
   "yAxis": "Unnamed: 1",
   "columnType": "two",
   "graphType": "bar",
   "summaryType": "nlp",
   "summary": [
      "This statistic shows the American Airlines US in the United Kingdom ( American Airlines ) as of 2019 , sorted figures Key . ",
      "During that period of time , it was found that 55.0 % of all Passenger_load_factor_(in_percent) were ."
   ],
   "trends": [
      {},
      {
         "10": "0",
         "14": "6",
         "16": "6"
      }
   ],
   "data": [
      {
         "Key area": "Number of countries served",
         "Unnamed: 1": "55.0"
      },
      {
         "Key area": "Number of daily departures",
         "Unnamed: 1": "6985.0"
      },
      {
         "Key area": "Number of aircraft in fleet",
         "Unnamed: 1": "1549.0"
      },
      {
         "Key area": "Number of passengers (in millions)",
         "Unnamed: 1": "197.3"
      },
      {
         "Key area": "Revenue passenger kilometers (in millions)",
         "Unnamed: 1": "350627.0"
      },
      {
         "Key area": "Available seat kilometres (in millions)",
         "Unnamed: 1": "427533.0"
      },
      {
         "Key area": "Passenger load factor (in percent)",
         "Unnamed: 1": "82.0"
      }
   ],
   "gold": "This statistic represents combined key figures for American Airlines and US Airways ( as of June 2015 ) . American Airlines and US Airways had passenger traffic amounting to around 351 billion revenue passenger kilometers .\n"
}