{
   "title": "2012 election : support for Romney and Obama , by ethnic group",
   "labels": [
      "Race",
      "Obama",
      "Romney"
   ],
   "columnType": "multi",
   "graphType": "bar",
   "summary": [
      "The statistic shows the results of a survey concerning the country in 2012 , Obama by . ",
      "According to the survey findings , 37 % of Romney respondents stated that they were Obama old ."
   ],
   "trends": [
      {},
      {
         "6": [
            "0",
            "1"
         ]
      }
   ],
   "data": [
      {
         "Race": "White (non-Hispanic)",
         "Obama": "37",
         "Romney": "59"
      },
      {
         "Race": "Nonwhite",
         "Obama": "79",
         "Romney": "15"
      },
      {
         "Race": "Black",
         "Obama": "90",
         "Romney": "5"
      },
      {
         "Race": "Hispanic",
         "Obama": "69",
         "Romney": "25"
      }
   ],
   "gold": "This survey shows the voter support for Barack Obama and Mitt Romney in the 2012 election as of October 28 , by ethnic group . If the elections were held that day , about 90 percent of Black or African American voters would vote for Barack Obama .\n"
}