{
   "title": "FedEx 's revenue 2009 to 2019",
   "xAxis": "Year",
   "yAxis": "Revenue in billion U.S. dollars",
   "columnType": "two",
   "graphType": "line",
   "summaryType": "nlp",
   "summary": [
      "The statistic shows the total Revenue of FedEx from 2009 to 2019 . ",
      "In 2018 , FedEx generated approximately 65.45 billion U.S. dollars in Revenue ."
   ],
   "trends": [
      {
         "9": "10",
         "11": "0"
      },
      {
         "1": "1",
         "6": "1"
      }
   ],
   "data": [
      {
         "Year": "2019",
         "Revenue in billion U.S. dollars": "69.69"
      },
      {
         "Year": "2018",
         "Revenue in billion U.S. dollars": "65.45"
      },
      {
         "Year": "2017",
         "Revenue in billion U.S. dollars": "60.32"
      },
      {
         "Year": "2016",
         "Revenue in billion U.S. dollars": "50.37"
      },
      {
         "Year": "2015",
         "Revenue in billion U.S. dollars": "47.45"
      },
      {
         "Year": "2014",
         "Revenue in billion U.S. dollars": "45.57"
      },
      {
         "Year": "2013",
         "Revenue in billion U.S. dollars": "44.29"
      },
      {
         "Year": "2012",
         "Revenue in billion U.S. dollars": "42.68"
      },
      {
         "Year": "2011",
         "Revenue in billion U.S. dollars": "39.3"
      },
      {
         "Year": "2010",
         "Revenue in billion U.S. dollars": "34.73"
      },
      {
         "Year": "2009",
         "Revenue in billion U.S. dollars": "35.5"
      }
   ],
   "gold": "The timeline depicts the FedEx Corporation 's revenue from the fiscal year of 2008 to the fiscal year of 2018 . In the fiscal year of 2018 , the company generated some 69.69 billion U.S. dollars in revenue . FedEx is ranked among the leading logistics companies in the United States .\n"
}