{
   "title": "Inflation rate in Saint Lucia 2024",
   "xAxis": "Year",
   "yAxis": "Inflation rate compared to previous year",
   "columnType": "two",
   "graphType": "line",
   "summaryType": "nlp",
   "summary": [
      "The statistic shows the average Inflation rate in Saint Lucia from 1984 to 2018 , with projections up until 2024 . ",
      "In 2018 , the average Inflation rate in Saint Lucia amounted to about 1.99 % compared to the previous Year ."
   ],
   "trends": [
      {
         "10": "40",
         "12": "6",
         "18": "0"
      },
      {
         "1": "6",
         "12": "6"
      }
   ],
   "data": [
      {
         "Year": "2024",
         "Inflation rate compared to previous year": "2"
      },
      {
         "Year": "2023",
         "Inflation rate compared to previous year": "2"
      },
      {
         "Year": "2022",
         "Inflation rate compared to previous year": "2"
      },
      {
         "Year": "2021",
         "Inflation rate compared to previous year": "2.08"
      },
      {
         "Year": "2020",
         "Inflation rate compared to previous year": "2.28"
      },
      {
         "Year": "2019",
         "Inflation rate compared to previous year": "2.09"
      },
      {
         "Year": "2018",
         "Inflation rate compared to previous year": "1.99"
      },
      {
         "Year": "2017",
         "Inflation rate compared to previous year": "0.11"
      },
      {
         "Year": "2016",
         "Inflation rate compared to previous year": "-3.08"
      },
      {
         "Year": "2015",
         "Inflation rate compared to previous year": "-0.98"
      },
      {
         "Year": "2014",
         "Inflation rate compared to previous year": "3.52"
      },
      {
         "Year": "2013",
         "Inflation rate compared to previous year": "1.47"
      },
      {
         "Year": "2012",
         "Inflation rate compared to previous year": "4.18"
      },
      {
         "Year": "2011",
         "Inflation rate compared to previous year": "2.77"
      },
      {
         "Year": "2010",
         "Inflation rate compared to previous year": "3.25"
      },
      {
         "Year": "2009",
         "Inflation rate compared to previous year": "-0.16"
      },
      {
         "Year": "2008",
         "Inflation rate compared to previous year": "5.55"
      },
      {
         "Year": "2007",
         "Inflation rate compared to previous year": "2.82"
      },
      {
         "Year": "2006",
         "Inflation rate compared to previous year": "3.56"
      },
      {
         "Year": "2005",
         "Inflation rate compared to previous year": "3.91"
      },
      {
         "Year": "2004",
         "Inflation rate compared to previous year": "1.46"
      },
      {
         "Year": "2003",
         "Inflation rate compared to previous year": "1.03"
      },
      {
         "Year": "2002",
         "Inflation rate compared to previous year": "-0.26"
      },
      {
         "Year": "2001",
         "Inflation rate compared to previous year": "5.27"
      },
      {
         "Year": "2000",
         "Inflation rate compared to previous year": "4.85"
      },
      {
         "Year": "1999",
         "Inflation rate compared to previous year": "2.42"
      },
      {
         "Year": "1998",
         "Inflation rate compared to previous year": "3.2"
      },
      {
         "Year": "1997",
         "Inflation rate compared to previous year": "-0.01"
      },
      {
         "Year": "1996",
         "Inflation rate compared to previous year": "0.93"
      },
      {
         "Year": "1995",
         "Inflation rate compared to previous year": "5.86"
      },
      {
         "Year": "1994",
         "Inflation rate compared to previous year": "2.66"
      },
      {
         "Year": "1993",
         "Inflation rate compared to previous year": "0.78"
      },
      {
         "Year": "1992",
         "Inflation rate compared to previous year": "5.66"
      },
      {
         "Year": "1991",
         "Inflation rate compared to previous year": "5.54"
      },
      {
         "Year": "1990",
         "Inflation rate compared to previous year": "4.33"
      },
      {
         "Year": "1989",
         "Inflation rate compared to previous year": "4.4"
      },
      {
         "Year": "1988",
         "Inflation rate compared to previous year": "0.83"
      },
      {
         "Year": "1987",
         "Inflation rate compared to previous year": "7.04"
      },
      {
         "Year": "1986",
         "Inflation rate compared to previous year": "2.17"
      },
      {
         "Year": "1985",
         "Inflation rate compared to previous year": "0.5"
      },
      {
         "Year": "1984",
         "Inflation rate compared to previous year": "2.05"
      }
   ],
   "gold": "This statistic shows the average inflation rate in Saint Lucia from 1984 to 2018 , with projections up until 2024 . In 2018 , the average inflation rate in Saint Lucia amounted to about 1.99 percent compared to the previous year .\n"
}