{
   "title": "Percentage of childless women , by age U.S. 2018",
   "xAxis": "Year",
   "yAxis": "Percentage of childless women",
   "columnType": "two",
   "graphType": "line",
   "summaryType": "nlp",
   "summary": [
      "This graph shows the average Percentage of childless women in the U.S. in 2018 . ",
      "In 15_to_19_years_old , there were a total of 96.9 percentage childless women 45_to_50_years_old 15_to_19_years_old ."
   ],
   "trends": [
      {},
      {
         "1": "0",
         "8": "0",
         "12": "6",
         "13": "0"
      }
   ],
   "data": [
      {
         "Year": "15 to 19 years old",
         "Percentage of childless women": "96.9"
      },
      {
         "Year": "20 to 24 years old",
         "Percentage of childless women": "78.6"
      },
      {
         "Year": "25 to 29 years old",
         "Percentage of childless women": "54.2"
      },
      {
         "Year": "30 to 34 years old",
         "Percentage of childless women": "33.6"
      },
      {
         "Year": "35 to 39 years old",
         "Percentage of childless women": "20"
      },
      {
         "Year": "40 to 44 years old",
         "Percentage of childless women": "15"
      },
      {
         "Year": "45 to 50 years old",
         "Percentage of childless women": "15.4"
      }
   ],
   "gold": "In 2018 , 96.9 percent of women between the ages of 15 and 19 years old in the United States were childless -- the most out of any age group . In the same year , 15 percent of women between the ages of 40 and 44 years old were childless . Demographics of women without children As of 2018 , a little less than half of all women in the U.S. were childless .\n"
}