{
   "title": "Laptop penetration in the United Kingdom ( UK ) 2009 to 2019",
   "xAxis": "Year",
   "yAxis": "Percentage of population",
   "columnType": "two",
   "graphType": "line",
   "summaryType": "nlp",
   "summary": [
      "This statistic shows the penetration United in United Kingdom from 2009 to 2019 . ",
      "In 2019 , about 60 percentage of United Kingdom 's population lived below the penetration line ."
   ],
   "trends": [
      {
         "9": "10",
         "11": "0"
      },
      {
         "1": "0",
         "4": "0"
      }
   ],
   "data": [
      {
         "Year": "2019",
         "Percentage of population": "60"
      },
      {
         "Year": "2018",
         "Percentage of population": "63"
      },
      {
         "Year": "2017",
         "Percentage of population": "64"
      },
      {
         "Year": "2016",
         "Percentage of population": "64"
      },
      {
         "Year": "2015",
         "Percentage of population": "65"
      },
      {
         "Year": "2014",
         "Percentage of population": "63"
      },
      {
         "Year": "2013",
         "Percentage of population": "66"
      },
      {
         "Year": "2012",
         "Percentage of population": "62"
      },
      {
         "Year": "2011",
         "Percentage of population": "59"
      },
      {
         "Year": "2010",
         "Percentage of population": "52"
      },
      {
         "Year": "2009",
         "Percentage of population": "47"
      }
   ],
   "gold": "Laptop computing has come a long way in the past decade , with increased power , battery life , portability and display quality all enhancing the attractiveness of a portable computer over a desktop computer . The penetration rate of the laptop in the United Kingdom reflects this , increasing from 47 percent in 2009 , to 60 percent in 2019 . Laptops penetration highest among 35 - 54 year olds Laptop penetration rates are above 50 percent across each of the main age groups , and highest among those aged 35 - 54 years .\n"
}