{
   "title": "Argentina : poverty headcount ratio at 3.20 U.S. dollars per day 2005 to 2017",
   "xAxis": "Year",
   "yAxis": "Percentage of population",
   "columnType": "two",
   "graphType": "line",
   "summaryType": "nlp",
   "summary": [
      "The poverty rate in Argentina has been decreasing lately . ",
      "In 2017 , approximately 2 percentage of the population of the South American country was living on less than 3.20 U.S. dollars per , down from 10 percentage observed in 2006.Furthermore , the percentages of Chileans with credit card have increased throughout recent years ."
   ],
   "trends": [
      {},
      {
         "1": "0",
         "4": "0",
         "27": "11"
      }
   ],
   "data": [
      {
         "Year": "2017",
         "Percentage of population": "2"
      },
      {
         "Year": "2016",
         "Percentage of population": "2.4"
      },
      {
         "Year": "2014",
         "Percentage of population": "2.8"
      },
      {
         "Year": "2013",
         "Percentage of population": "2.4"
      },
      {
         "Year": "2012",
         "Percentage of population": "2.7"
      },
      {
         "Year": "2011",
         "Percentage of population": "2.6"
      },
      {
         "Year": "2010",
         "Percentage of population": "3.7"
      },
      {
         "Year": "2009",
         "Percentage of population": "6"
      },
      {
         "Year": "2008",
         "Percentage of population": "6.2"
      },
      {
         "Year": "2007",
         "Percentage of population": "6.9"
      },
      {
         "Year": "2006",
         "Percentage of population": "8"
      },
      {
         "Year": "2005",
         "Percentage of population": "10"
      }
   ],
   "gold": "The poverty rate in Argentina has been oscillating throughout recent years . In 2017 , two percent of the Argentine population were living on less than 3.20 U.S. dollars per day , down from ten percent of the population in 2005.In nominal terms , household income per capita in Argentina has shown a significant improvement in 2017 .\n"
}