{
   "title": "Metropolitan areas with the highest birth rate in the U.S. in 2018",
   "xAxis": "City",
   "yAxis": "Birth rate (births per 1,000 population)",
   "columnType": "two",
   "graphType": "bar",
   "summaryType": "nlp",
   "summary": [
      "This statistic shows the Metropolitan areas highest birth of Hinesville_GA in the United Kingdom ( U.S. ) in 2018 , ranked by the Birth rate of Hinesville_GA with over 20.36 % per . ",
      "The ranking ranking was followed by Jacksonville_NC with 19.77 % per ."
   ],
   "trends": [
      {
         "9": "0",
         "26": "0",
         "29": "0"
      },
      {
         "6": "1",
         "8": "1"
      }
   ],
   "data": [
      {
         "City": "Hinesville GA",
         "Birth rate (births per 1,000 population)": "20.36"
      },
      {
         "City": "Jacksonville NC",
         "Birth rate (births per 1,000 population)": "19.77"
      },
      {
         "City": "Provo-Orem UT",
         "Birth rate (births per 1,000 population)": "19.43"
      },
      {
         "City": "Laredo TX",
         "Birth rate (births per 1,000 population)": "18.22"
      },
      {
         "City": "Logan UT-ID",
         "Birth rate (births per 1,000 population)": "17.42"
      },
      {
         "City": "Clarksville TN-KY",
         "Birth rate (births per 1,000 population)": "17.05"
      },
      {
         "City": "McAllen-Edinburg-Mission TX",
         "Birth rate (births per 1,000 population)": "16.82"
      },
      {
         "City": "Odessa TX",
         "Birth rate (births per 1,000 population)": "16.73"
      },
      {
         "City": "Watertown-Fort Drum NY",
         "Birth rate (births per 1,000 population)": "16.63"
      },
      {
         "City": "Midland TX",
         "Birth rate (births per 1,000 population)": "16.46"
      },
      {
         "City": "Idaho Falls ID",
         "Birth rate (births per 1,000 population)": "16.16"
      },
      {
         "City": "Fayetteville NC",
         "Birth rate (births per 1,000 population)": "15.99"
      },
      {
         "City": "Fairbanks AK",
         "Birth rate (births per 1,000 population)": "15.96"
      },
      {
         "City": "Killeen-Temple TX",
         "Birth rate (births per 1,000 population)": "15.92"
      },
      {
         "City": "El Centro CA",
         "Birth rate (births per 1,000 population)": "15.68"
      },
      {
         "City": "Ogden-Clearfield UT",
         "Birth rate (births per 1,000 population)": "15.57"
      },
      {
         "City": "Brownsville-Harlingen TX",
         "Birth rate (births per 1,000 population)": "15.44"
      },
      {
         "City": "Yakima WA",
         "Birth rate (births per 1,000 population)": "15.38"
      },
      {
         "City": "Visalia-Porterville CA",
         "Birth rate (births per 1,000 population)": "14.96"
      },
      {
         "City": "Bakersfield CA",
         "Birth rate (births per 1,000 population)": "14.96"
      },
      {
         "City": "Salt Lake City UT",
         "Birth rate (births per 1,000 population)": "14.96"
      },
      {
         "City": "Fresno CA",
         "Birth rate (births per 1,000 population)": "14.9"
      },
      {
         "City": "Elkhart-Goshen IN",
         "Birth rate (births per 1,000 population)": "14.86"
      },
      {
         "City": "Madera CA",
         "Birth rate (births per 1,000 population)": "14.82"
      },
      {
         "City": "Yuba City CA",
         "Birth rate (births per 1,000 population)": "14.78"
      },
      {
         "City": "El Paso TX",
         "Birth rate (births per 1,000 population)": "14.74"
      },
      {
         "City": "Merced CA",
         "Birth rate (births per 1,000 population)": "14.71"
      },
      {
         "City": "Hanford-Corcoran CA",
         "Birth rate (births per 1,000 population)": "14.7"
      },
      {
         "City": "Twin Falls ID",
         "Birth rate (births per 1,000 population)": "14.68"
      },
      {
         "City": "Kennewick-Richland WA",
         "Birth rate (births per 1,000 population)": "14.66"
      },
      {
         "City": "Sioux Falls SD",
         "Birth rate (births per 1,000 population)": "14.49"
      },
      {
         "City": "Enid OK",
         "Birth rate (births per 1,000 population)": "14.48"
      },
      {
         "City": "Hammond LA",
         "Birth rate (births per 1,000 population)": "14.45"
      },
      {
         "City": "Anchorage AK",
         "Birth rate (births per 1,000 population)": "14.4"
      },
      {
         "City": "Lake Charles LA",
         "Birth rate (births per 1,000 population)": "14.38"
      },
      {
         "City": "Fargo ND-MN",
         "Birth rate (births per 1,000 population)": "14.3"
      },
      {
         "City": "Grand Island NE",
         "Birth rate (births per 1,000 population)": "14.2"
      },
      {
         "City": "Houston-The Woodlands-Sugar Land TX",
         "Birth rate (births per 1,000 population)": "14.15"
      },
      {
         "City": "Greeley CO",
         "Birth rate (births per 1,000 population)": "14.09"
      },
      {
         "City": "Yuma AZ",
         "Birth rate (births per 1,000 population)": "14.05"
      },
      {
         "City": "Modesto CA",
         "Birth rate (births per 1,000 population)": "14.04"
      },
      {
         "City": "Omaha-Council Bluffs NE-IA",
         "Birth rate (births per 1,000 population)": "14.02"
      },
      {
         "City": "Lawton OK",
         "Birth rate (births per 1,000 population)": "14.01"
      },
      {
         "City": "Bismarck ND",
         "Birth rate (births per 1,000 population)": "13.91"
      },
      {
         "City": "Abilene TX",
         "Birth rate (births per 1,000 population)": "13.89"
      },
      {
         "City": "Grand Forks ND-MN",
         "Birth rate (births per 1,000 population)": "13.87"
      },
      {
         "City": "Sioux City IA-NE-SD",
         "Birth rate (births per 1,000 population)": "13.86"
      },
      {
         "City": "Salinas CA",
         "Birth rate (births per 1,000 population)": "13.79"
      },
      {
         "City": "Des Moines-West Des Moines IA",
         "Birth rate (births per 1,000 population)": "13.77"
      },
      {
         "City": "Fayetteville-Springdale-Rogers AR-MO",
         "Birth rate (births per 1,000 population)": "13.73"
      }
   ],
   "gold": "This statistic shows the top 50 metropolitan areas with the highest birth rate in the United States in 2018 . Birth rate is the total number of live births per 1,000 of a population in a particular year . Hinesville metro area in Georgia was ranked first with 20.36 births per 1,000 population in 2018 .\n"
}