{
   "title": "Growth of U.S. beauty product face mask online searches 2016",
   "xAxis": "Beauty Product",
   "yAxis": "Year-on-year growth of search phrase volume",
   "columnType": "two",
   "graphType": "bar",
   "summaryType": "nlp",
   "summary": [
      "This statistic shows the results of a survey among the Growth Product searches 2016 in U.S. 2016 . ",
      "According to the source , carbonated_clay_mask generated 2188 million phrase of growth search phrase volume ."
   ],
   "trends": [
      {},
      {
         "5": "0",
         "7": "1"
      }
   ],
   "data": [
      {
         "Beauty Product": "carbonated clay mask",
         "Year-on-year growth of search phrase volume": "5030"
      },
      {
         "Beauty Product": "carbonated bubble clay mask",
         "Year-on-year growth of search phrase volume": "2188"
      },
      {
         "Beauty Product": "bubble clay mask",
         "Year-on-year growth of search phrase volume": "1899"
      },
      {
         "Beauty Product": "blackhead mask",
         "Year-on-year growth of search phrase volume": "756"
      },
      {
         "Beauty Product": "dead sea mud mask",
         "Year-on-year growth of search phrase volume": "329"
      },
      {
         "Beauty Product": "charcoal mask",
         "Year-on-year growth of search phrase volume": "274"
      },
      {
         "Beauty Product": "sheet mask",
         "Year-on-year growth of search phrase volume": "184"
      },
      {
         "Beauty Product": "korean face mask",
         "Year-on-year growth of search phrase volume": "173"
      },
      {
         "Beauty Product": "charcoal face mask",
         "Year-on-year growth of search phrase volume": "151"
      },
      {
         "Beauty Product": "peel-off face mask",
         "Year-on-year growth of search phrase volume": "117"
      },
      {
         "Beauty Product": "black face mask",
         "Year-on-year growth of search phrase volume": "100"
      },
      {
         "Beauty Product": "turmeric mask",
         "Year-on-year growth of search phrase volume": "80"
      },
      {
         "Beauty Product": "indian clay mask",
         "Year-on-year growth of search phrase volume": "79"
      },
      {
         "Beauty Product": "aztec clay mask",
         "Year-on-year growth of search phrase volume": "72"
      },
      {
         "Beauty Product": "egg white mask",
         "Year-on-year growth of search phrase volume": "67"
      },
      {
         "Beauty Product": "best face masks",
         "Year-on-year growth of search phrase volume": "66"
      },
      {
         "Beauty Product": "best face mask",
         "Year-on-year growth of search phrase volume": "62"
      },
      {
         "Beauty Product": "DIY face mask",
         "Year-on-year growth of search phrase volume": "48"
      },
      {
         "Beauty Product": "mud mask",
         "Year-on-year growth of search phrase volume": "45"
      },
      {
         "Beauty Product": "bentonite clay mask",
         "Year-on-year growth of search phrase volume": "35"
      },
      {
         "Beauty Product": "face mask for acne",
         "Year-on-year growth of search phrase volume": "33"
      },
      {
         "Beauty Product": "clay mask",
         "Year-on-year growth of search phrase volume": "28"
      },
      {
         "Beauty Product": "face mask",
         "Year-on-year growth of search phrase volume": "26"
      },
      {
         "Beauty Product": "turmeric face mask",
         "Year-on-year growth of search phrase volume": "16"
      },
      {
         "Beauty Product": "baking soda face mask",
         "Year-on-year growth of search phrase volume": "15"
      },
      {
         "Beauty Product": "DIY hair mask",
         "Year-on-year growth of search phrase volume": "4"
      },
      {
         "Beauty Product": "face masks for acne",
         "Year-on-year growth of search phrase volume": "1"
      },
      {
         "Beauty Product": "avocado mask",
         "Year-on-year growth of search phrase volume": "-6"
      },
      {
         "Beauty Product": "avocado face mask",
         "Year-on-year growth of search phrase volume": "-14"
      },
      {
         "Beauty Product": "honey face mask",
         "Year-on-year growth of search phrase volume": "-15"
      },
      {
         "Beauty Product": "homemade face mask",
         "Year-on-year growth of search phrase volume": "-19"
      },
      {
         "Beauty Product": "oatmeal face mask",
         "Year-on-year growth of search phrase volume": "-20"
      },
      {
         "Beauty Product": "winter face mask",
         "Year-on-year growth of search phrase volume": "-36"
      }
   ],
   "gold": "This statistic shows the year-on-year growth of the top volume U.S. beauty product search queries related to face masks on Google as of September 2016 . During the measured period , the search query `` homemade face mask '' decreased by 26 percent in over-year search volume . The fastest-growing face mask trends search query was `` carbonated clay mask '' with a 5,030 percent year-on-year growth in volume .\n"
}