{
   "title": "Japan : number of internet users 2017 to 2023",
   "xAxis": "Year",
   "yAxis": "Number of internet users in millions",
   "columnType": "two",
   "graphType": "line",
   "summaryType": "nlp",
   "summary": [
      "In 2018 , Japan had 117.6 millions internet users . ",
      "This figure is projected to grow 117.9 millions internet users in 2021 . ",
      "The internet penetration amounted to 47.1 millions of the population in Japan and is set to reach 84.5 millions in 2023 ."
   ],
   "trends": [
      {
         "1": "5",
         "5": "5"
      },
      {
         "7": "2",
         "12": "2"
      },
      {
         "20": "0"
      }
   ],
   "data": [
      {
         "Year": "2023",
         "Number of internet users in millions": "117.5"
      },
      {
         "Year": "2022",
         "Number of internet users in millions": "117.7"
      },
      {
         "Year": "2021",
         "Number of internet users in millions": "117.9"
      },
      {
         "Year": "2020",
         "Number of internet users in millions": "117.9"
      },
      {
         "Year": "2019",
         "Number of internet users in millions": "117.9"
      },
      {
         "Year": "2018",
         "Number of internet users in millions": "117.6"
      },
      {
         "Year": "2017",
         "Number of internet users in millions": "115.8"
      }
   ],
   "gold": "This statistic provides information on the number of internet users in Japan from 2017 to 2023 . In 2018 , Japan had approximately 117.6 million internet users . This figure is projected to decrease to about 117.5 million internet users in 2023 .\n"
}