{
   "title": "World ranking of professional golf players 2020",
   "xAxis": "Golfer",
   "yAxis": "Average points",
   "columnType": "two",
   "graphType": "bar",
   "summaryType": "nlp",
   "summary": [
      "This statistic shows the World ranking professional golf players World in the 2020 as of 2019 . ",
      "It was Rory_McIlroy_(NIR) , the World ranking Jon_Rahm_(ESP) with a points of 9.48 million points ."
   ],
   "trends": [
      {},
      {
         "2": "0",
         "7": "1",
         "12": "0"
      }
   ],
   "data": [
      {
         "Golfer": "Rory McIlroy (NIR)",
         "Average points": "9.48"
      },
      {
         "Golfer": "Jon Rahm (ESP)",
         "Average points": "8.68"
      },
      {
         "Golfer": "Brooks Koepka (USA)",
         "Average points": "8.62"
      },
      {
         "Golfer": "Justin Thomas (USA)",
         "Average points": "7.62"
      },
      {
         "Golfer": "Dustin Johnson (USA)",
         "Average points": "6.72"
      },
      {
         "Golfer": "Adam Scott (AUS)",
         "Average points": "6.06"
      },
      {
         "Golfer": "Patrick Cantley (USA)",
         "Average points": "6.04"
      },
      {
         "Golfer": "Patrick Reed (USA)",
         "Average points": "5.93"
      },
      {
         "Golfer": "Webb Simpson (USA)",
         "Average points": "5.88"
      },
      {
         "Golfer": "Tiger Woods (USA)",
         "Average points": "5.81"
      },
      {
         "Golfer": "Xander Schauffele (USA)",
         "Average points": "5.62"
      },
      {
         "Golfer": "Tommy Fleetwood (ENG)",
         "Average points": "5.52"
      },
      {
         "Golfer": "Justin Rose (ENG)",
         "Average points": "5.3"
      },
      {
         "Golfer": "Bryson DeChambeau (USA)",
         "Average points": "5.1"
      },
      {
         "Golfer": "Tony Finau (USA)",
         "Average points": "4.88"
      },
      {
         "Golfer": "Matt Kuchar (USA)",
         "Average points": "4.63"
      },
      {
         "Golfer": "Louis Oosthuizen (RSA)",
         "Average points": "4.38"
      },
      {
         "Golfer": "Gary Woodland (USA)",
         "Average points": "4.36"
      },
      {
         "Golfer": "Shane Lowry (IRE)",
         "Average points": "4.33"
      },
      {
         "Golfer": "Hideki Matsuyama (JPN)",
         "Average points": "4.31"
      }
   ],
   "gold": "This graph depicts the top golf players in the official world ranking as of February 2020 , by average points . Top of the list was the British golfer , Rory McIlroy , who had an average of 9.48 points as of February 2020 .\n"
}