{
   "title": "United Kingdom ( UK ) : Live births 1931 to 1960",
   "xAxis": "Years 1931-1960",
   "yAxis": "Number of live births",
   "columnType": "two",
   "graphType": "bar",
   "summaryType": "nlp",
   "summary": [
      "This statistic shows the results of a survey among the United employees making it the largest group of employees births . ",
      "According to the source , a education employees ."
   ],
   "trends": [
      {},
      {}
   ],
   "data": [
      {
         "Years 1931-1960": "'60",
         "Number of live births": "918286"
      },
      {
         "Years 1931-1960": "'59",
         "Number of live births": "878561"
      },
      {
         "Years 1931-1960": "'58",
         "Number of live births": "870497"
      },
      {
         "Years 1931-1960": "'57",
         "Number of live births": "851466"
      },
      {
         "Years 1931-1960": "'56",
         "Number of live births": "825137"
      },
      {
         "Years 1931-1960": "'55",
         "Number of live births": "789315"
      },
      {
         "Years 1931-1960": "'54",
         "Number of live births": "794769"
      },
      {
         "Years 1931-1960": "'53",
         "Number of live births": "804269"
      },
      {
         "Years 1931-1960": "'52",
         "Number of live births": "792917"
      },
      {
         "Years 1931-1960": "'51",
         "Number of live births": "796645"
      },
      {
         "Years 1931-1960": "'50",
         "Number of live births": "818421"
      },
      {
         "Years 1931-1960": "'49",
         "Number of live births": "855298"
      },
      {
         "Years 1931-1960": "'48",
         "Number of live births": "905182"
      },
      {
         "Years 1931-1960": "'47",
         "Number of live births": "1025427"
      },
      {
         "Years 1931-1960": "'46",
         "Number of live births": "955266"
      },
      {
         "Years 1931-1960": "'45",
         "Number of live births": "795868"
      },
      {
         "Years 1931-1960": "'44",
         "Number of live births": "878298"
      },
      {
         "Years 1931-1960": "'43",
         "Number of live births": "810524"
      },
      {
         "Years 1931-1960": "'42",
         "Number of live births": "771851"
      },
      {
         "Years 1931-1960": "'41",
         "Number of live births": "695726"
      },
      {
         "Years 1931-1960": "'40",
         "Number of live births": "701875"
      },
      {
         "Years 1931-1960": "'39",
         "Number of live births": "726632"
      },
      {
         "Years 1931-1960": "'38",
         "Number of live births": "735573"
      },
      {
         "Years 1931-1960": "'37",
         "Number of live births": "723779"
      },
      {
         "Years 1931-1960": "'36",
         "Number of live births": "720129"
      },
      {
         "Years 1931-1960": "'35",
         "Number of live births": "711426"
      },
      {
         "Years 1931-1960": "'34",
         "Number of live births": "711843"
      },
      {
         "Years 1931-1960": "'33",
         "Number of live births": "691560"
      },
      {
         "Years 1931-1960": "'32",
         "Number of live births": "730079"
      },
      {
         "Years 1931-1960": "'31",
         "Number of live births": "749974"
      }
   ],
   "gold": "During the period between 1931 and 1960 , the number of live births in the United Kingdom peaked in 1947 , where there were estimated to have been over one million births . By contrast , the year with the least births was 1941 when there were just 695 thousand births . These two figures are undoubtedly linked to the Second World War , with 1941 coming just after the Battle of Britain and 1947 being two years after the end of the war .\n"
}