{
   "title": "Total player salaries in the sports industry by league 2018/19",
   "xAxis": "Sports League",
   "yAxis": "Total player salaries in billion U.S. dollars",
   "columnType": "two",
   "graphType": "bar",
   "summaryType": "nlp",
   "summary": [
      "With each player taking home a handsome 4.94 billion U.S. every year , the NFL is the professional Sports League with the highest player wages worldwide . ",
      "In second place is the Indian Premier League , there were over 4.94 thousand billion U.S. dollars in NFL ."
   ],
   "trends": [
      {
         "7": "0",
         "15": "0"
      },
      {
         "12": "0",
         "18": "0"
      }
   ],
   "data": [
      {
         "Sports League": "NFL",
         "Total player salaries in billion U.S. dollars": "4.94"
      },
      {
         "Sports League": "MLB",
         "Total player salaries in billion U.S. dollars": "3.96"
      },
      {
         "Sports League": "NBA",
         "Total player salaries in billion U.S. dollars": "3.41"
      },
      {
         "Sports League": "EPL",
         "Total player salaries in billion U.S. dollars": "2.14"
      },
      {
         "Sports League": "NHL",
         "Total player salaries in billion U.S. dollars": "1.98"
      },
      {
         "Sports League": "La Liga",
         "Total player salaries in billion U.S. dollars": "1.38"
      },
      {
         "Sports League": "Serie A",
         "Total player salaries in billion U.S. dollars": "1.09"
      },
      {
         "Sports League": "Bundesliga",
         "Total player salaries in billion U.S. dollars": "0.94"
      },
      {
         "Sports League": "Ligue 1",
         "Total player salaries in billion U.S. dollars": "0.72"
      },
      {
         "Sports League": "CSL",
         "Total player salaries in billion U.S. dollars": "0.51"
      },
      {
         "Sports League": "NPB",
         "Total player salaries in billion U.S. dollars": "0.32"
      },
      {
         "Sports League": "MLS",
         "Total player salaries in billion U.S. dollars": "0.26"
      },
      {
         "Sports League": "AFL",
         "Total player salaries in billion U.S. dollars": "0.18"
      },
      {
         "Sports League": "J-League",
         "Total player salaries in billion U.S. dollars": "0.16"
      },
      {
         "Sports League": "IPL",
         "Total player salaries in billion U.S. dollars": "0.09"
      },
      {
         "Sports League": "SPFL",
         "Total player salaries in billion U.S. dollars": "0.07"
      },
      {
         "Sports League": "CFL",
         "Total player salaries in billion U.S. dollars": "0.04"
      }
   ],
   "gold": "The statistic shows total professional sports player salaries by league in 2018/19 . Total salaries paid to NFL players amounted to 4.94 billion U.S. dollars for the 2018/19 season .\n"
}