{
   "title": "Made-In Country Index : country ranking 2017",
   "xAxis": "Index rate",
   "yAxis": "Unnamed: 1",
   "columnType": "two",
   "graphType": "bar",
   "summaryType": "nlp",
   "summary": [
      "This statistic shows the percentage of the total rate living in Index with the highest Unnamed: in 2017 . ",
      "In this year , 100 % of the total of the Germany was living in Index with ."
   ],
   "trends": [
      {},
      {
         "4": "0",
         "11": "0"
      }
   ],
   "data": [
      {
         "Index rate": "Germany",
         "Unnamed: 1": "100"
      },
      {
         "Index rate": "Switzerland",
         "Unnamed: 1": "98"
      },
      {
         "Index rate": "European Union",
         "Unnamed: 1": "92"
      },
      {
         "Index rate": "United Kingdom",
         "Unnamed: 1": "91"
      },
      {
         "Index rate": "Sweden",
         "Unnamed: 1": "90"
      },
      {
         "Index rate": "Canada",
         "Unnamed: 1": "85"
      },
      {
         "Index rate": "Italy",
         "Unnamed: 1": "84"
      },
      {
         "Index rate": "Japan",
         "Unnamed: 1": "81"
      },
      {
         "Index rate": "France",
         "Unnamed: 1": "81"
      },
      {
         "Index rate": "United States",
         "Unnamed: 1": "81"
      },
      {
         "Index rate": "Finland",
         "Unnamed: 1": "77"
      },
      {
         "Index rate": "Norway",
         "Unnamed: 1": "77"
      },
      {
         "Index rate": "Netherlands",
         "Unnamed: 1": "76"
      },
      {
         "Index rate": "Australia",
         "Unnamed: 1": "75"
      },
      {
         "Index rate": "New Zealand",
         "Unnamed: 1": "73"
      },
      {
         "Index rate": "Denmark",
         "Unnamed: 1": "73"
      },
      {
         "Index rate": "Austria",
         "Unnamed: 1": "72"
      },
      {
         "Index rate": "Belgium",
         "Unnamed: 1": "71"
      },
      {
         "Index rate": "Ireland",
         "Unnamed: 1": "65"
      },
      {
         "Index rate": "Spain",
         "Unnamed: 1": "64"
      },
      {
         "Index rate": "South Korea",
         "Unnamed: 1": "56"
      },
      {
         "Index rate": "Singapore",
         "Unnamed: 1": "56"
      },
      {
         "Index rate": "Portugal",
         "Unnamed: 1": "54"
      },
      {
         "Index rate": "Poland",
         "Unnamed: 1": "51"
      },
      {
         "Index rate": "Greece",
         "Unnamed: 1": "48"
      },
      {
         "Index rate": "Russia",
         "Unnamed: 1": "46"
      },
      {
         "Index rate": "Taiwan",
         "Unnamed: 1": "46"
      },
      {
         "Index rate": "Hungary",
         "Unnamed: 1": "45"
      },
      {
         "Index rate": "Czech Republic",
         "Unnamed: 1": "43"
      },
      {
         "Index rate": "Argentina",
         "Unnamed: 1": "42"
      },
      {
         "Index rate": "Brazil",
         "Unnamed: 1": "42"
      },
      {
         "Index rate": "Malaysia",
         "Unnamed: 1": "41"
      },
      {
         "Index rate": "Slovakia",
         "Unnamed: 1": "40"
      },
      {
         "Index rate": "Thailand",
         "Unnamed: 1": "40"
      },
      {
         "Index rate": "Chile",
         "Unnamed: 1": "39"
      },
      {
         "Index rate": "Colombia",
         "Unnamed: 1": "39"
      },
      {
         "Index rate": "Turkey",
         "Unnamed: 1": "37"
      },
      {
         "Index rate": "Peru",
         "Unnamed: 1": "37"
      },
      {
         "Index rate": "South Africa",
         "Unnamed: 1": "37"
      },
      {
         "Index rate": "Mexico",
         "Unnamed: 1": "37"
      },
      {
         "Index rate": "Romania",
         "Unnamed: 1": "37"
      },
      {
         "Index rate": "Israel",
         "Unnamed: 1": "36"
      },
      {
         "Index rate": "India",
         "Unnamed: 1": "36"
      },
      {
         "Index rate": "Indonesia",
         "Unnamed: 1": "36"
      },
      {
         "Index rate": "Ukraine",
         "Unnamed: 1": "35"
      },
      {
         "Index rate": "Vietnam",
         "Unnamed: 1": "34"
      },
      {
         "Index rate": "Philippines",
         "Unnamed: 1": "32"
      },
      {
         "Index rate": "Bangladesh",
         "Unnamed: 1": "29"
      },
      {
         "Index rate": "China",
         "Unnamed: 1": "28"
      },
      {
         "Index rate": "Iran",
         "Unnamed: 1": "27"
      }
   ],
   "gold": "Quality of products is always an important factor when it comes to consumption and spending , and many consumers define a certain product 's quality standard by applying specific characteristics - one of those being its origin . Nowadays , Germany is synonymous with high-quality cars , for example , while Switzerland would be known for high-quality clocks or chocolate , and Italy for fine wine . Quality measured In order to make these preferences among consumers visible , the global Made-In-Country Index was conducted - to show how positively products `` made in ... '' are perceived in various countries all over the world .\n"
}