{
   "title": "Market capitalization of leading 100 banks worldwide 2016 to 2019",
   "xAxis": "Quarter",
   "yAxis": "Market capitalization in trillion Euros",
   "columnType": "two",
   "graphType": "bar",
   "summaryType": "nlp",
   "summary": [
      "This statistic shows the capitalization of the Market Euros of Market from the first Quarter of 2016 to the first Quarter of 2019 . ",
      "As of the fourth Quarter of 2019 , the Market of Euros was 5.6 trillion Euros ."
   ],
   "trends": [
      {},
      {
         "14": "7"
      }
   ],
   "data": [
      {
         "Quarter": "Q3 '19",
         "Market capitalization in trillion Euros": "5.3"
      },
      {
         "Quarter": "Q2 '19",
         "Market capitalization in trillion Euros": "5.2"
      },
      {
         "Quarter": "Q1 '19",
         "Market capitalization in trillion Euros": "5.2"
      },
      {
         "Quarter": "Q4 '18",
         "Market capitalization in trillion Euros": "4.8"
      },
      {
         "Quarter": "Q3 '18",
         "Market capitalization in trillion Euros": "5.3"
      },
      {
         "Quarter": "Q2 '18",
         "Market capitalization in trillion Euros": "5.2"
      },
      {
         "Quarter": "Q1 '18",
         "Market capitalization in trillion Euros": "5.4"
      },
      {
         "Quarter": "Q4 '17",
         "Market capitalization in trillion Euros": "5.6"
      },
      {
         "Quarter": "Q3 '17",
         "Market capitalization in trillion Euros": "5.4"
      },
      {
         "Quarter": "Q2 '17",
         "Market capitalization in trillion Euros": "5.3"
      },
      {
         "Quarter": "Q1 '17",
         "Market capitalization in trillion Euros": "5.4"
      },
      {
         "Quarter": "Q4 '16",
         "Market capitalization in trillion Euros": "5.2"
      },
      {
         "Quarter": "Q3 '16",
         "Market capitalization in trillion Euros": "4.4"
      },
      {
         "Quarter": "Q2 '16",
         "Market capitalization in trillion Euros": "4.1"
      },
      {
         "Quarter": "Q1 '16",
         "Market capitalization in trillion Euros": "4.2"
      }
   ],
   "gold": "This statistic presents the market capitalization of leading 100 banks worldwide from the first quarter 2016 to the third quarter 2019 . The market cap of top 100 global banks amounted to 5.3 trillion Euros in the third quarter of 2019 .\n"
}