{
   "title": "Gross domestic product ( GDP ) growth rate in Pakistan 2024",
   "xAxis": "Year",
   "yAxis": "GDP growth compared to previous year",
   "columnType": "two",
   "graphType": "line",
   "summaryType": "nlp",
   "summary": [
      "The statistic shows the growth in real GDP in Pakistan from 2014 to 2018 , with projections up until 2024 . ",
      "In 2018 , Pakistan 's real Gross domestic product increased by around 5.53 % compared to the previous Year ."
   ],
   "trends": [
      {
         "11": "10",
         "13": "6",
         "19": "0"
      },
      {
         "1": "6",
         "12": "6"
      }
   ],
   "data": [
      {
         "Year": "2024",
         "GDP growth compared to previous year": "5.02"
      },
      {
         "Year": "2023",
         "GDP growth compared to previous year": "5.02"
      },
      {
         "Year": "2022",
         "GDP growth compared to previous year": "4.53"
      },
      {
         "Year": "2021",
         "GDP growth compared to previous year": "3"
      },
      {
         "Year": "2020",
         "GDP growth compared to previous year": "2.35"
      },
      {
         "Year": "2019",
         "GDP growth compared to previous year": "3.29"
      },
      {
         "Year": "2018",
         "GDP growth compared to previous year": "5.53"
      },
      {
         "Year": "2017",
         "GDP growth compared to previous year": "5.22"
      },
      {
         "Year": "2016",
         "GDP growth compared to previous year": "4.56"
      },
      {
         "Year": "2015",
         "GDP growth compared to previous year": "4.06"
      },
      {
         "Year": "2014",
         "GDP growth compared to previous year": "4.05"
      }
   ],
   "gold": "Pakistan 's gross domestic product ( GDP ) growth was 5.53 percent in 2018 after adjusting for inflation . However , projections for the coming years predict that GDP will grow at a rate around 5 percent in the coming years . GDP in developing nations Gross domestic product measures value of all final goods and services produced within a country 's borders during a certain period of time .\n"
}