{
   "title": "Detroit Tigers average ticket price 2006 to 2019",
   "xAxis": "Year",
   "yAxis": "Average ticket price in U.S. dollars",
   "columnType": "two",
   "graphType": "line",
   "summaryType": "nlp",
   "summary": [
      "This graph depicts the Average ticket price for Detroit Tigers games in Major League Baseball from 2006 to 2019 . ",
      "In 2019 , the Average ticket price was at 28.31 U.S. dollars ."
   ],
   "trends": [
      {
         "15": "12",
         "17": "0"
      },
      {
         "1": "0",
         "9": "0"
      }
   ],
   "data": [
      {
         "Year": "2019",
         "Average ticket price in U.S. dollars": "28.31"
      },
      {
         "Year": "2018",
         "Average ticket price in U.S. dollars": "28.15"
      },
      {
         "Year": "2016",
         "Average ticket price in U.S. dollars": "28.88"
      },
      {
         "Year": "2015",
         "Average ticket price in U.S. dollars": "29.01"
      },
      {
         "Year": "2014",
         "Average ticket price in U.S. dollars": "28.22"
      },
      {
         "Year": "2013",
         "Average ticket price in U.S. dollars": "26.36"
      },
      {
         "Year": "2012",
         "Average ticket price in U.S. dollars": "31.0"
      },
      {
         "Year": "2011",
         "Average ticket price in U.S. dollars": "29.32"
      },
      {
         "Year": "2010",
         "Average ticket price in U.S. dollars": "23.48"
      },
      {
         "Year": "2009",
         "Average ticket price in U.S. dollars": "27.38"
      },
      {
         "Year": "2008",
         "Average ticket price in U.S. dollars": "25.28"
      },
      {
         "Year": "2007",
         "Average ticket price in U.S. dollars": "19.45"
      },
      {
         "Year": "2006",
         "Average ticket price in U.S. dollars": "18.48"
      }
   ],
   "gold": "This graph depicts the average ticket price for Detroit Tigers games in Major League Baseball from 2006 to 2019 . In 2019 , the average ticket price was at 28.31 U.S. dollars . Detroit Tigers The Detroit Tigers are a franchise of Major League Baseball founded in 1894 .\n"
}