{
   "title": "Inflation rate in Nicaragua 2024",
   "xAxis": "Year",
   "yAxis": "Inflation rate compared to previous year",
   "columnType": "two",
   "graphType": "line",
   "summaryType": "nlp",
   "summary": [
      "This statistic shows the average Inflation rate in Nicaragua from 1984 to 2018 , with projections up until 2024 . ",
      "In 2018 , the average Inflation rate in Nicaragua amounted to about 4.97 % compared to the previous Year ."
   ],
   "trends": [
      {
         "10": "40",
         "12": "6",
         "18": "0"
      },
      {
         "1": "6",
         "12": "6"
      }
   ],
   "data": [
      {
         "Year": "2024",
         "Inflation rate compared to previous year": "5.04"
      },
      {
         "Year": "2023",
         "Inflation rate compared to previous year": "4.94"
      },
      {
         "Year": "2022",
         "Inflation rate compared to previous year": "4.79"
      },
      {
         "Year": "2021",
         "Inflation rate compared to previous year": "4.67"
      },
      {
         "Year": "2020",
         "Inflation rate compared to previous year": "4.19"
      },
      {
         "Year": "2019",
         "Inflation rate compared to previous year": "5.63"
      },
      {
         "Year": "2018",
         "Inflation rate compared to previous year": "4.97"
      },
      {
         "Year": "2017",
         "Inflation rate compared to previous year": "3.85"
      },
      {
         "Year": "2016",
         "Inflation rate compared to previous year": "3.52"
      },
      {
         "Year": "2015",
         "Inflation rate compared to previous year": "4"
      },
      {
         "Year": "2014",
         "Inflation rate compared to previous year": "6.04"
      },
      {
         "Year": "2013",
         "Inflation rate compared to previous year": "7.14"
      },
      {
         "Year": "2012",
         "Inflation rate compared to previous year": "7.19"
      },
      {
         "Year": "2011",
         "Inflation rate compared to previous year": "8.08"
      },
      {
         "Year": "2010",
         "Inflation rate compared to previous year": "5.46"
      },
      {
         "Year": "2009",
         "Inflation rate compared to previous year": "3.69"
      },
      {
         "Year": "2008",
         "Inflation rate compared to previous year": "19.83"
      },
      {
         "Year": "2007",
         "Inflation rate compared to previous year": "11.13"
      },
      {
         "Year": "2006",
         "Inflation rate compared to previous year": "9.14"
      },
      {
         "Year": "2005",
         "Inflation rate compared to previous year": "9.6"
      },
      {
         "Year": "2004",
         "Inflation rate compared to previous year": "8.47"
      },
      {
         "Year": "2003",
         "Inflation rate compared to previous year": "5.3"
      },
      {
         "Year": "2002",
         "Inflation rate compared to previous year": "3.75"
      },
      {
         "Year": "2001",
         "Inflation rate compared to previous year": "7.36"
      },
      {
         "Year": "2000",
         "Inflation rate compared to previous year": "11.55"
      },
      {
         "Year": "1999",
         "Inflation rate compared to previous year": "11.21"
      },
      {
         "Year": "1998",
         "Inflation rate compared to previous year": "13.05"
      },
      {
         "Year": "1997",
         "Inflation rate compared to previous year": "9.19"
      },
      {
         "Year": "1996",
         "Inflation rate compared to previous year": "11.65"
      },
      {
         "Year": "1995",
         "Inflation rate compared to previous year": "11.12"
      },
      {
         "Year": "1994",
         "Inflation rate compared to previous year": "3.7"
      },
      {
         "Year": "1993",
         "Inflation rate compared to previous year": "13.5"
      },
      {
         "Year": "1992",
         "Inflation rate compared to previous year": "21.9"
      },
      {
         "Year": "1991",
         "Inflation rate compared to previous year": "116.6"
      },
      {
         "Year": "1990",
         "Inflation rate compared to previous year": "3004.1"
      },
      {
         "Year": "1989",
         "Inflation rate compared to previous year": "7428.7"
      },
      {
         "Year": "1988",
         "Inflation rate compared to previous year": "4775.2"
      },
      {
         "Year": "1987",
         "Inflation rate compared to previous year": "13109.5"
      },
      {
         "Year": "1986",
         "Inflation rate compared to previous year": "885.2"
      },
      {
         "Year": "1985",
         "Inflation rate compared to previous year": "571.4"
      },
      {
         "Year": "1984",
         "Inflation rate compared to previous year": "141.3"
      }
   ],
   "gold": "This statistic shows the average inflation rate in Nicaragua from 1984 to 2018 , with projections up until 2024 . In 2018 , the average inflation rate in Nicaragua amounted to about 4.97 percent compared to the previous year . Nicaragua 's economy Nicaragua 's inflation rate has been on the decline since 2011 , but it is expected to rise again in 2016 .\n"
}