{
   "title": "Edmonton Oilers ' revenue 2005 to 2019",
   "xAxis": "Year",
   "yAxis": "Revenue in million U.S. dollars",
   "columnType": "two",
   "graphType": "line",
   "summaryType": "nlp",
   "summary": [
      "This graph depicts the annual National Hockey League Revenue of the Edmonton Oilers from the 2005/06 season to the 2018/19 season . ",
      "The Revenue of the Edmonton Oilers amounted to 154 million U.S. dollars in the 2018/19 season ."
   ],
   "trends": [
      {
         "14": "13",
         "18": "0"
      },
      {
         "7": "0",
         "13": "0"
      }
   ],
   "data": [
      {
         "Year": "2018/19",
         "Revenue in million U.S. dollars": "154"
      },
      {
         "Year": "2017/18",
         "Revenue in million U.S. dollars": "145"
      },
      {
         "Year": "2016/17",
         "Revenue in million U.S. dollars": "151"
      },
      {
         "Year": "2015/16",
         "Revenue in million U.S. dollars": "117"
      },
      {
         "Year": "2014/15",
         "Revenue in million U.S. dollars": "119"
      },
      {
         "Year": "2013/14",
         "Revenue in million U.S. dollars": "119"
      },
      {
         "Year": "2012/13",
         "Revenue in million U.S. dollars": "80"
      },
      {
         "Year": "2011/12",
         "Revenue in million U.S. dollars": "106"
      },
      {
         "Year": "2010/11",
         "Revenue in million U.S. dollars": "96"
      },
      {
         "Year": "2009/10",
         "Revenue in million U.S. dollars": "87"
      },
      {
         "Year": "2008/09",
         "Revenue in million U.S. dollars": "83"
      },
      {
         "Year": "2007/08",
         "Revenue in million U.S. dollars": "85"
      },
      {
         "Year": "2006/07",
         "Revenue in million U.S. dollars": "71"
      },
      {
         "Year": "2005/06",
         "Revenue in million U.S. dollars": "75"
      }
   ],
   "gold": "This graph depicts the annual National Hockey League revenue of the Edmonton Oilers from the 2005/06 season to the 2018/19 season . The revenue of the Edmonton Oilers amounted to 154 million U.S. dollars in the 2018/19 season .\n"
}