{
   "title": "Leading eSports games worldwide 2019 , by tournament prize pool",
   "xAxis": "Game Name",
   "yAxis": "Total prize pool in million U.S. dollars",
   "columnType": "two",
   "graphType": "bar",
   "summaryType": "nlp",
   "summary": [
      "This statistic shows the Leading eSports games worldwide of the United Kingdom ( Leading ) in 2019 , prize pool . ",
      "The Leading Total of Leading amounted to over 64.37 million U.S. that year ."
   ],
   "trends": [
      {},
      {
         "8": "0"
      }
   ],
   "data": [
      {
         "Game Name": "Fortnite",
         "Total prize pool in million U.S. dollars": "64.37"
      },
      {
         "Game Name": "DOTA 2",
         "Total prize pool in million U.S. dollars": "46.15"
      },
      {
         "Game Name": "Counter-Strike: Global Offensive",
         "Total prize pool in million U.S. dollars": "18.22"
      },
      {
         "Game Name": "PlayerUnknown\u2019s Battlegrounds",
         "Total prize pool in million U.S. dollars": "12.41"
      },
      {
         "Game Name": "Overwatch",
         "Total prize pool in million U.S. dollars": "9.09"
      },
      {
         "Game Name": "League of Legends",
         "Total prize pool in million U.S. dollars": "8.95"
      },
      {
         "Game Name": "Call of Duty: Black Ops 4",
         "Total prize pool in million U.S. dollars": "6.52"
      },
      {
         "Game Name": "Arena of Valor",
         "Total prize pool in million U.S. dollars": "5.8"
      },
      {
         "Game Name": "Hearthstone",
         "Total prize pool in million U.S. dollars": "4.07"
      },
      {
         "Game Name": "Rainbow Six Siege",
         "Total prize pool in million U.S. dollars": "3.88"
      }
   ],
   "gold": "The statistic presents the leading eSports games worldwide in 2019 , ranked by cumulative tournament prize pool . According to the source , League of Legends took sixth spot on the list , with a prize pool worth 8.95 million U.S. dollars that year . Fortnite ranked first , owing to a prize pool valued at 64.37 million U.S. dollars in 2019 .\n"
}