{
   "title": "Leading hair conditioner brands in the U.S. 2018",
   "xAxis": "Brand",
   "yAxis": "Sales in million U.S. dollars",
   "columnType": "two",
   "graphType": "bar",
   "summaryType": "nlp",
   "summary": [
      "This statistic gives information on the Sales of the Leading conditioner brands in the U.S. as of 2019 . ",
      "During the survey period , it was found that Organix accounted for 133.7 million U.S. dollars of the Leading U.S. Sales . ",
      "Shea_Moisture was ranked second with 77.1 million U.S. dollars in Sales ."
   ],
   "trends": [
      {},
      {
         "9": "0",
         "12": "0"
      },
      {
         "0": "1",
         "5": "1"
      }
   ],
   "data": [
      {
         "Brand": "Organix",
         "Sales in million U.S. dollars": "133.7"
      },
      {
         "Brand": "Shea Moisture",
         "Sales in million U.S. dollars": "77.1"
      },
      {
         "Brand": "Garnier Whole Blends",
         "Sales in million U.S. dollars": "63.0"
      },
      {
         "Brand": "It's A 10 Miracle",
         "Sales in million U.S. dollars": "59.8"
      },
      {
         "Brand": "Garnier Fructis Sleek And Shine",
         "Sales in million U.S. dollars": "52.0"
      },
      {
         "Brand": "TRESemm\u00e9 Moisture Rich",
         "Sales in million U.S. dollars": "37.0"
      },
      {
         "Brand": "Dove Nutritive Solutions",
         "Sales in million U.S. dollars": "36.9"
      },
      {
         "Brand": "Suave Professionals",
         "Sales in million U.S. dollars": "35.6"
      },
      {
         "Brand": "Herbal Essences Bio Renew",
         "Sales in million U.S. dollars": "34.6"
      },
      {
         "Brand": "L'Or\u00e9al EverPure",
         "Sales in million U.S. dollars": "29.0"
      }
   ],
   "gold": "This statistic shows the sales of the leading hair conditioner/creme rinse brands in the United States in 2018 . In that year , the leading hair conditioner brand of the United States was OGX with sales that amounted to approximately 133.7 million U.S. dollars .\n"
}