{
   "title": "Bolivia : internet penetration 2000 to 2017",
   "xAxis": "Year",
   "yAxis": "Percentage of individuals using internet",
   "columnType": "two",
   "graphType": "line",
   "summaryType": "nlp",
   "summary": [
      "This statistic gives information on the internet penetration in Bolivia from 2000 to 2017 . ",
      "In 2017 , 43.83 percentage of the Brazilian population accessed the internet , up from 3.12 percentage in 2002 . ",
      "Bolivia is one of the biggest online markets worldwide ."
   ],
   "trends": [
      {
         "11": "17",
         "13": "0"
      },
      {
         "1": "0",
         "3": "0",
         "15": "15",
         "18": "15"
      },
      {}
   ],
   "data": [
      {
         "Year": "2017",
         "Percentage of individuals using internet": "43.83"
      },
      {
         "Year": "2016",
         "Percentage of individuals using internet": "39.7"
      },
      {
         "Year": "2015",
         "Percentage of individuals using internet": "35.56"
      },
      {
         "Year": "2014",
         "Percentage of individuals using internet": "34.6"
      },
      {
         "Year": "2013",
         "Percentage of individuals using internet": "36.99"
      },
      {
         "Year": "2012",
         "Percentage of individuals using internet": "35.34"
      },
      {
         "Year": "2011",
         "Percentage of individuals using internet": "30"
      },
      {
         "Year": "2010",
         "Percentage of individuals using internet": "22.4"
      },
      {
         "Year": "2009",
         "Percentage of individuals using internet": "16.8"
      },
      {
         "Year": "2008",
         "Percentage of individuals using internet": "12.5"
      },
      {
         "Year": "2007",
         "Percentage of individuals using internet": "10.5"
      },
      {
         "Year": "2006",
         "Percentage of individuals using internet": "6.2"
      },
      {
         "Year": "2005",
         "Percentage of individuals using internet": "5.23"
      },
      {
         "Year": "2004",
         "Percentage of individuals using internet": "4.44"
      },
      {
         "Year": "2003",
         "Percentage of individuals using internet": "3.51"
      },
      {
         "Year": "2002",
         "Percentage of individuals using internet": "3.12"
      },
      {
         "Year": "2001",
         "Percentage of individuals using internet": "2.12"
      },
      {
         "Year": "2000",
         "Percentage of individuals using internet": "1.44"
      }
   ],
   "gold": "This statistic gives information on the internet penetration in Bolivia from 2000 to 2017 . In 2017 , 43.83 percent of the Bolivian population accessed the internet , up from 6.2 percent in 2006 .\n"
}