{
   "title": "Facebook usage reach in the United States 2019 , by gender",
   "xAxis": "Response",
   "yAxis": "Share of respondents",
   "columnType": "two",
   "graphType": "bar",
   "summaryType": "nlp",
   "summary": [
      "This statistic shows the Share of adults in the usage United were United States users as of 2019 , sorted gender and group . ",
      "During that period of time , 75 % of the respondents stated that they used the social networking site ."
   ],
   "trends": [
      {},
      {
         "6": "1"
      }
   ],
   "data": [
      {
         "Response": "Men",
         "Share of respondents": "63"
      },
      {
         "Response": "Women",
         "Share of respondents": "75"
      }
   ],
   "gold": "This statistic shows the share of adults in the United States who were using Facebook as of February 2019 , sorted by gender . During that period of time , 75 percent of female respondents stated that they used the social networking site .\n"
}