{
   "title": "World rankings of Men 's World Handball Championships 1938 to 2013",
   "labels": [
      "Year",
      "World Champion",
      "2nd",
      "3rd"
   ],
   "columnType": "multi",
   "graphType": "line",
   "summary": [
      "This statistic shows the World of rankings Men 's World in Men World Handball Championships from 2013 to . ",
      "In Sweden , 4 % of the rankings Men 's World of the World Champion were World Champion ."
   ],
   "trends": [
      {},
      {
         "1": [
            "0",
            "0"
         ],
         "3": [
            "0",
            "1"
         ]
      }
   ],
   "data": [
      {
         "Year": "Sweden",
         "World Champion": "4",
         "2nd": "3",
         "3rd": "4"
      },
      {
         "Year": "France",
         "World Champion": "4",
         "2nd": "1",
         "3rd": "3"
      },
      {
         "Year": "Romania",
         "World Champion": "4",
         "2nd": "0",
         "3rd": "2"
      },
      {
         "Year": "Germany/GDR",
         "World Champion": "3",
         "2nd": "4",
         "3rd": "3"
      },
      {
         "Year": "Russia/USSR",
         "World Champion": "3",
         "2nd": "3",
         "3rd": "0"
      },
      {
         "Year": "Spain",
         "World Champion": "2",
         "2nd": "0",
         "3rd": "1"
      },
      {
         "Year": "Croatia",
         "World Champion": "1",
         "2nd": "3",
         "3rd": "1"
      },
      {
         "Year": "Czechoslovakia",
         "World Champion": "1",
         "2nd": "2",
         "3rd": "2"
      },
      {
         "Year": "Yugoslavia",
         "World Champion": "1",
         "2nd": "1",
         "3rd": "4"
      },
      {
         "Year": "Denmark",
         "World Champion": "0",
         "2nd": "3",
         "3rd": "1"
      },
      {
         "Year": "Poland",
         "World Champion": "0",
         "2nd": "1",
         "3rd": "2"
      },
      {
         "Year": "Hungary",
         "World Champion": "0",
         "2nd": "1",
         "3rd": "0"
      },
      {
         "Year": "Austria",
         "World Champion": "0",
         "2nd": "1",
         "3rd": "0"
      }
   ],
   "gold": "This statistic diplays world rankings of Men 's World Handball Championships from 1938 to 2013 , sorted by first three places . Croatia ranked sixth , with one World Championship won and three second places .\n"
}