{
   "title": "Penetration rate of bottled water brands in Turkey 2012 to 2013",
   "labels": [
      "Response",
      "2012",
      "2013"
   ],
   "columnType": "multi",
   "graphType": "bar",
   "summary": [
      "This statistic illustrates the Penetration rate bottled of water brands in Turkey 2012 and 2013 . ",
      "The survey revealed that 33 % of respondents purchased Erikli compared with a Erikli compared to 28 % of 26 % in 2013 ."
   ],
   "trends": [
      {},
      {
         "4": [
            "0",
            "1"
         ],
         "9": [
            "0",
            "0"
         ],
         "13": [
            "0",
            "0"
         ],
         "16": [
            "0",
            "2"
         ],
         "19": [
            "2",
            "1"
         ]
      }
   ],
   "data": [
      {
         "Response": "Erikli",
         "2012": "33",
         "2013": "28"
      },
      {
         "Response": "Hayat",
         "2012": "48",
         "2013": "27"
      },
      {
         "Response": "Pinar",
         "2012": "26",
         "2013": "17"
      },
      {
         "Response": "Damla",
         "2012": "18",
         "2013": "14"
      },
      {
         "Response": "Ayta\u00e7",
         "2012": "9",
         "2013": "11"
      },
      {
         "Response": "Saka",
         "2012": "10",
         "2013": "10"
      },
      {
         "Response": "Sirma",
         "2012": "20",
         "2013": "9"
      },
      {
         "Response": "G\u00fczelpinar",
         "2012": "1",
         "2013": "2"
      },
      {
         "Response": "Pure Life",
         "2012": "0",
         "2013": "2"
      },
      {
         "Response": "Abant",
         "2012": "2",
         "2013": "1"
      },
      {
         "Response": "Aqua",
         "2012": "1",
         "2013": "1"
      },
      {
         "Response": "NAYA",
         "2012": "0",
         "2013": "1"
      },
      {
         "Response": "Aquafina",
         "2012": "1",
         "2013": "1"
      },
      {
         "Response": "Buxton",
         "2012": "0",
         "2013": "0"
      },
      {
         "Response": "Dasani",
         "2012": "0",
         "2013": "0"
      },
      {
         "Response": "Evian",
         "2012": "1",
         "2013": "0"
      },
      {
         "Response": "Perrier",
         "2012": "1",
         "2013": "0"
      },
      {
         "Response": "SPA",
         "2012": "2",
         "2013": "0"
      },
      {
         "Response": "Vittel",
         "2012": "1",
         "2013": "0"
      },
      {
         "Response": "Volvic",
         "2012": "0",
         "2013": "0"
      }
   ],
   "gold": "This statistic illustrates the average penetration rate of bottled water brands in Turkey in 2012 and 2013 . The survey revealed that 14 percent of respondents purchased Damla brand bottled water within the last three to twelve months of 2013 .\n"
}