{
   "title": "Indonesia : number of internet users 2017 to 2023",
   "xAxis": "Year",
   "yAxis": "Number of users in millions",
   "columnType": "two",
   "graphType": "line",
   "summaryType": "nlp",
   "summary": [
      "This statistic shows the Number of internet users in Indonesia from 2017 to 2023 . ",
      "In 2018 , there were around 95.2 millions internet users in the internet users in the Indonesia , up from 84.0 millions in 2017 ."
   ],
   "trends": [
      {
         "12": "6",
         "14": "0"
      },
      {
         "1": "5",
         "6": "5",
         "22": "6",
         "25": "6"
      }
   ],
   "data": [
      {
         "Year": "2023",
         "Number of users in millions": "149.9"
      },
      {
         "Year": "2022",
         "Number of users in millions": "141.3"
      },
      {
         "Year": "2021",
         "Number of users in millions": "131.0"
      },
      {
         "Year": "2020",
         "Number of users in millions": "119.4"
      },
      {
         "Year": "2019",
         "Number of users in millions": "107.2"
      },
      {
         "Year": "2018",
         "Number of users in millions": "95.2"
      },
      {
         "Year": "2017",
         "Number of users in millions": "84.0"
      }
   ],
   "gold": "In 2018 , 95.2 million people were accessing the internet in Indonesia . This figure is projected to grow to almost 150 million in 2023 . Internet usage in Indonesia With over 143.26 million internet users , Indonesia is one of the biggest online markets worldwide .\n"
}