{
   "title": "Most important export partner countries for Brazil in 2017",
   "xAxis": "Country",
   "yAxis": "Share in total export",
   "columnType": "two",
   "graphType": "bar",
   "summaryType": "nlp",
   "summary": [
      "This statistic shows the 20 Most important the export partner in 2017 , countries Country . ",
      "In China , the largest number of partner Brazil stood at 21.8 export of ."
   ],
   "trends": [
      {},
      {
         "1": "0",
         "11": "0"
      }
   ],
   "data": [
      {
         "Country": "China",
         "Share in total export": "21.8"
      },
      {
         "Country": "United States",
         "Share in total export": "12.5"
      },
      {
         "Country": "Argentina",
         "Share in total export": "8.1"
      },
      {
         "Country": "Netherlands",
         "Share in total export": "4.3"
      }
   ],
   "gold": "This statistic shows the most important export partner countries for Brazil in 2017 . In 20167 the main export partner country of Brazil was China with a share of 21.8 percent in exports .\n"
}