{
   "title": "U.S. public schools - average expenditure per pupil 1980 to 2016",
   "xAxis": "Year",
   "yAxis": "Expenditures per pupil in U.S. dollars",
   "columnType": "two",
   "graphType": "line",
   "summaryType": "nlp",
   "summary": [
      "This statistic shows the Expenditures per of the expenditure from 1980 to 2016 . ",
      "According to the source , the U.S. Expenditures per of the U.S. amounted to over 11819 million U.S. dollars in 2016 ."
   ],
   "trends": [
      {
         "10": "32",
         "12": "0"
      },
      {
         "15": "2",
         "20": "0"
      }
   ],
   "data": [
      {
         "Year": "2016",
         "Expenditures per pupil in U.S. dollars": "12617"
      },
      {
         "Year": "2015",
         "Expenditures per pupil in U.S. dollars": "12224"
      },
      {
         "Year": "2014",
         "Expenditures per pupil in U.S. dollars": "11819"
      },
      {
         "Year": "2013",
         "Expenditures per pupil in U.S. dollars": "11509"
      },
      {
         "Year": "2012",
         "Expenditures per pupil in U.S. dollars": "11362"
      },
      {
         "Year": "2011",
         "Expenditures per pupil in U.S. dollars": "11433"
      },
      {
         "Year": "2010",
         "Expenditures per pupil in U.S. dollars": "11427"
      },
      {
         "Year": "2009",
         "Expenditures per pupil in U.S. dollars": "11239"
      },
      {
         "Year": "2008",
         "Expenditures per pupil in U.S. dollars": "10982"
      },
      {
         "Year": "2007",
         "Expenditures per pupil in U.S. dollars": "10336"
      },
      {
         "Year": "2006",
         "Expenditures per pupil in U.S. dollars": "9778"
      },
      {
         "Year": "2005",
         "Expenditures per pupil in U.S. dollars": "9316"
      },
      {
         "Year": "2004",
         "Expenditures per pupil in U.S. dollars": "8900"
      },
      {
         "Year": "2003",
         "Expenditures per pupil in U.S. dollars": "8610"
      },
      {
         "Year": "2002",
         "Expenditures per pupil in U.S. dollars": "8259"
      },
      {
         "Year": "2001",
         "Expenditures per pupil in U.S. dollars": "7904"
      },
      {
         "Year": "2000",
         "Expenditures per pupil in U.S. dollars": "7394"
      },
      {
         "Year": "1999",
         "Expenditures per pupil in U.S. dollars": "7013"
      },
      {
         "Year": "1998",
         "Expenditures per pupil in U.S. dollars": "6676"
      },
      {
         "Year": "1997",
         "Expenditures per pupil in U.S. dollars": "6393"
      },
      {
         "Year": "1996",
         "Expenditures per pupil in U.S. dollars": "6147"
      },
      {
         "Year": "1995",
         "Expenditures per pupil in U.S. dollars": "5989"
      },
      {
         "Year": "1994",
         "Expenditures per pupil in U.S. dollars": "5767"
      },
      {
         "Year": "1993",
         "Expenditures per pupil in U.S. dollars": "5584"
      },
      {
         "Year": "1992",
         "Expenditures per pupil in U.S. dollars": "5421"
      },
      {
         "Year": "1991",
         "Expenditures per pupil in U.S. dollars": "5258"
      },
      {
         "Year": "1990",
         "Expenditures per pupil in U.S. dollars": "4980"
      },
      {
         "Year": "1989",
         "Expenditures per pupil in U.S. dollars": "4645"
      },
      {
         "Year": "1988",
         "Expenditures per pupil in U.S. dollars": "4240"
      },
      {
         "Year": "1987",
         "Expenditures per pupil in U.S. dollars": "3970"
      },
      {
         "Year": "1986",
         "Expenditures per pupil in U.S. dollars": "3756"
      },
      {
         "Year": "1985",
         "Expenditures per pupil in U.S. dollars": "3470"
      },
      {
         "Year": "1980",
         "Expenditures per pupil in U.S. dollars": "2272"
      }
   ],
   "gold": "This graph shows the average expenditure per pupil in daily attendance in public elementary and secondary schools in the United States from the academic year of 1980 to 2016 . An average of 12,617 U.S. dollars was spent on each pupil in public elementary and secondary schools in the academic year of 2016 .\n"
}