{
   "title": "Foster care in the U.S. - number of children waiting for adoption 2007 to 2018",
   "xAxis": "Year",
   "yAxis": "Number of children",
   "columnType": "two",
   "graphType": "line",
   "summaryType": "nlp",
   "summary": [
      "The statistic presents the Number of the care U.S. in the Foster from 2007 to 2018 . ",
      "In 2018 , there were 125422 million children of globally ."
   ],
   "trends": [
      {
         "13": "11",
         "15": "0"
      },
      {
         "1": "0",
         "5": "0"
      }
   ],
   "data": [
      {
         "Year": "2018",
         "Number of children": "125422"
      },
      {
         "Year": "2017",
         "Number of children": "123754"
      },
      {
         "Year": "2016",
         "Number of children": "116654"
      },
      {
         "Year": "2015",
         "Number of children": "109951"
      },
      {
         "Year": "2014",
         "Number of children": "106636"
      },
      {
         "Year": "2013",
         "Number of children": "102808"
      },
      {
         "Year": "2012",
         "Number of children": "101945"
      },
      {
         "Year": "2011",
         "Number of children": "106440"
      },
      {
         "Year": "2010",
         "Number of children": "108746"
      },
      {
         "Year": "2009",
         "Number of children": "113798"
      },
      {
         "Year": "2008",
         "Number of children": "125712"
      },
      {
         "Year": "2007",
         "Number of children": "133682"
      }
   ],
   "gold": "This statistic shows the number of children waiting for adoption in the United States from 2007 to 2018 . In 2018 , about 125,422 children in the U.S. were waiting to be adopted .\n"
}