{
   "title": "Capacity factor of nuclear power plants in the U.S. 1975 to 2018",
   "xAxis": "Year",
   "yAxis": "Capacity factor",
   "columnType": "two",
   "graphType": "line",
   "summaryType": "nlp",
   "summary": [
      "This statistic shows the Capacity of factor nuclear Capacity factor power plants U.S. from 1975 to 2018 . ",
      "The Capacity of U.S. nuclear power plants was 92.6 factor ."
   ],
   "trends": [
      {
         "14": "15",
         "16": "0"
      },
      {
         "8": "0"
      }
   ],
   "data": [
      {
         "Year": "2018",
         "Capacity factor": "92.6"
      },
      {
         "Year": "2017",
         "Capacity factor": "92.3"
      },
      {
         "Year": "2016",
         "Capacity factor": "92.3"
      },
      {
         "Year": "2015",
         "Capacity factor": "92.3"
      },
      {
         "Year": "2014",
         "Capacity factor": "91.7"
      },
      {
         "Year": "2013",
         "Capacity factor": "89.9"
      },
      {
         "Year": "2012",
         "Capacity factor": "86.1"
      },
      {
         "Year": "2011",
         "Capacity factor": "89.1"
      },
      {
         "Year": "2010",
         "Capacity factor": "91.1"
      },
      {
         "Year": "2005",
         "Capacity factor": "89.3"
      },
      {
         "Year": "2000",
         "Capacity factor": "88.1"
      },
      {
         "Year": "1995",
         "Capacity factor": "77.4"
      },
      {
         "Year": "1990",
         "Capacity factor": "66"
      },
      {
         "Year": "1985",
         "Capacity factor": "58"
      },
      {
         "Year": "1980",
         "Capacity factor": "56.3"
      },
      {
         "Year": "1975",
         "Capacity factor": "55.9"
      }
   ],
   "gold": "This statistic represents the capacity factor of nuclear power plants in the United States between 1975 and 2018 . In 2018 , the capacity factor of U.S. nuclear power plants stood at around 92.6 percent .\n"
}