{
   "title": "Job creation by U.S. president from Eisenhower to Obama",
   "xAxis": "American Presidents",
   "yAxis": "Monthly average change in private sector jobs in thousand",
   "columnType": "two",
   "graphType": "bar",
   "summaryType": "nlp",
   "summary": [
      "This statistic shows the Job creation by U.S. in the United Kingdom ( U.S. Eisenhower Obama ) as of 2019 . ",
      "The Job Monthly of the Bill_Clinton a by U.S. of 214 thousand private sector ."
   ],
   "trends": [
      {},
      {
         "5": "0",
         "10": "0"
      }
   ],
   "data": [
      {
         "American Presidents": "Bill Clinton",
         "Monthly average change in private sector jobs in thousand": "214"
      },
      {
         "American Presidents": "Jimmy Carter",
         "Monthly average change in private sector jobs in thousand": "188"
      },
      {
         "American Presidents": "Ronald Reagan",
         "Monthly average change in private sector jobs in thousand": "151"
      },
      {
         "American Presidents": "JFK / LBJ",
         "Monthly average change in private sector jobs in thousand": "125"
      },
      {
         "American Presidents": "Richard Nixon / Gerald Ford",
         "Monthly average change in private sector jobs in thousand": "86"
      },
      {
         "American Presidents": "Barack Obama (thru June 2012)",
         "Monthly average change in private sector jobs in thousand": "76"
      },
      {
         "American Presidents": "George H.W. Bush",
         "Monthly average change in private sector jobs in thousand": "25"
      },
      {
         "American Presidents": "Dwight Eisenhower",
         "Monthly average change in private sector jobs in thousand": "16"
      },
      {
         "American Presidents": "George W. Bush",
         "Monthly average change in private sector jobs in thousand": "6"
      }
   ],
   "gold": "This statistic shows the monthly average change in private sector jobs by presidential tenure , from the month preceding their first full month in office to last month in office in the United States in the post-war era . The monthly average change in jobs was highest when Bill Clinton was U.S. president . An average of 214,000 jobs were created each month of his presidency .\n"
}