{
   "title": "Miele : global revenue 2006/07 to 2017/18",
   "xAxis": "Year",
   "yAxis": "Revenue in billion euros",
   "columnType": "two",
   "graphType": "line",
   "summaryType": "nlp",
   "summary": [
      "This statistic shows the total Revenue of the global Miele professional 2006/07 2017/18 ( Five ) from 2006/07 to 2017/18 . ",
      "In the 2015/16 season , the total Revenue of the `` 2017/18 Five '' 2017/18 was estimated at 3.71 billion euros ."
   ],
   "trends": [
      {
         "18": "11",
         "20": "0"
      },
      {
         "2": "2",
         "18": "2"
      }
   ],
   "data": [
      {
         "Year": "2017/18",
         "Revenue in billion euros": "4.1"
      },
      {
         "Year": "2016/17",
         "Revenue in billion euros": "3.93"
      },
      {
         "Year": "2015/16",
         "Revenue in billion euros": "3.71"
      },
      {
         "Year": "2014/15",
         "Revenue in billion euros": "3.49"
      },
      {
         "Year": "2013/14",
         "Revenue in billion euros": "3.22"
      },
      {
         "Year": "2012/13",
         "Revenue in billion euros": "3.15"
      },
      {
         "Year": "2011/12",
         "Revenue in billion euros": "3.04"
      },
      {
         "Year": "2010/11",
         "Revenue in billion euros": "2.95"
      },
      {
         "Year": "2009/10",
         "Revenue in billion euros": "2.83"
      },
      {
         "Year": "2008/09",
         "Revenue in billion euros": "2.77"
      },
      {
         "Year": "2007/08",
         "Revenue in billion euros": "2.81"
      },
      {
         "Year": "2006/07",
         "Revenue in billion euros": "2.74"
      }
   ],
   "gold": "The statistic illustrates the revenue of Miele & Cie. from 2006/07 to 2017/18 . In its fiscal year 2016/17 , Miele made total revenue of 4.1 billion euros worldwide , a record high . Miele 's annual sales have witnessed continuous growth during the measured period .\n"
}