{
   "title": "Number of road deaths in Germany 2006 to 2018",
   "xAxis": "Year",
   "yAxis": "Number of fatalities",
   "columnType": "two",
   "graphType": "line",
   "summaryType": "nlp",
   "summary": [
      "The statistic shows the Number of fatalities due to Number in the road from 2006 to 2018 . ",
      "In 2018 , there were a total of 3275 fatalities reported due to the road ."
   ],
   "trends": [
      {
         "14": "12",
         "16": "0"
      },
      {
         "1": "0",
         "8": "0"
      }
   ],
   "data": [
      {
         "Year": "2018",
         "Number of fatalities": "3275"
      },
      {
         "Year": "2017",
         "Number of fatalities": "3180"
      },
      {
         "Year": "2016",
         "Number of fatalities": "3206"
      },
      {
         "Year": "2015",
         "Number of fatalities": "3459"
      },
      {
         "Year": "2014",
         "Number of fatalities": "3377"
      },
      {
         "Year": "2013",
         "Number of fatalities": "3339"
      },
      {
         "Year": "2012",
         "Number of fatalities": "3600"
      },
      {
         "Year": "2011",
         "Number of fatalities": "4009"
      },
      {
         "Year": "2010",
         "Number of fatalities": "3648"
      },
      {
         "Year": "2009",
         "Number of fatalities": "4152"
      },
      {
         "Year": "2008",
         "Number of fatalities": "4477"
      },
      {
         "Year": "2007",
         "Number of fatalities": "4949"
      },
      {
         "Year": "2006",
         "Number of fatalities": "5091"
      }
   ],
   "gold": "This line graph shows the number of road traffic fatalities per year in Germany between 2006 and 2018 . In 2009 , 4,152 individuals were killed in motor vehicle accidents . An overall decrease in the number of road deaths was observed within the time period shown .\n"
}