{
   "title": "U.S . Gross Domestic Product - forecast 2019 to 2030",
   "xAxis": "Year",
   "yAxis": "GDP in billion U.S. dollars",
   "columnType": "two",
   "graphType": "line",
   "summaryType": "nlp",
   "summary": [
      "This statistic shows the U.S Gross Domestic ( GDP ) in the Gross Domestic Product from 2019 to 2023 , with projections up until 2030 . ",
      "The GDP refers to the total market value of all goods and services that are produced within a country per Year . ",
      "It is an important indicator of the economic strength of a country ."
   ],
   "trends": [
      {
         "14": "11",
         "16": "7",
         "22": "0"
      },
      {},
      {}
   ],
   "data": [
      {
         "Year": "2030",
         "GDP in billion U.S. dollars": "32003"
      },
      {
         "Year": "2029",
         "GDP in billion U.S. dollars": "30850"
      },
      {
         "Year": "2028",
         "GDP in billion U.S. dollars": "29737"
      },
      {
         "Year": "2027",
         "GDP in billion U.S. dollars": "28653"
      },
      {
         "Year": "2026",
         "GDP in billion U.S. dollars": "27615"
      },
      {
         "Year": "2025",
         "GDP in billion U.S. dollars": "26653"
      },
      {
         "Year": "2024",
         "GDP in billion U.S. dollars": "25724"
      },
      {
         "Year": "2023",
         "GDP in billion U.S. dollars": "24809"
      },
      {
         "Year": "2022",
         "GDP in billion U.S. dollars": "23916"
      },
      {
         "Year": "2021",
         "GDP in billion U.S. dollars": "23029"
      },
      {
         "Year": "2020",
         "GDP in billion U.S. dollars": "22111"
      },
      {
         "Year": "2019",
         "GDP in billion U.S. dollars": "21220"
      }
   ],
   "gold": "This graph shows a forecast of the Gross Domestic Product of the United States of America for fiscal years 2019 to 2030 . The Gross Domestic Product ( GDP ) refers to the market value of all final goods and services produced within a country in a given period . According to the CBO , the United States GDP will increase steadily over the next decade from 21.22 trillion U.S. dollars in 2019 to 32 trillion U.S. dollars in 2030 .\n"
}