{
   "title": "University applicants in the United Kingdom ( UK ) 2010 to 2018",
   "xAxis": "Year",
   "yAxis": "Number of university applicants",
   "columnType": "two",
   "graphType": "line",
   "summaryType": "nlp",
   "summary": [
      "This statistic shows the Number of the university of the applicants UK from 2010 to 2018 . ",
      "In 2018 , the University of the university of United Kingdom amounted to 636960 applicants ."
   ],
   "trends": [
      {
         "13": "8",
         "15": "0"
      },
      {
         "1": "0",
         "12": "0"
      }
   ],
   "data": [
      {
         "Year": "2018",
         "Number of university applicants": "636960"
      },
      {
         "Year": "2017",
         "Number of university applicants": "649700"
      },
      {
         "Year": "2016",
         "Number of university applicants": "674890"
      },
      {
         "Year": "2015",
         "Number of university applicants": "673040"
      },
      {
         "Year": "2014",
         "Number of university applicants": "659030"
      },
      {
         "Year": "2013",
         "Number of university applicants": "635910"
      },
      {
         "Year": "2012",
         "Number of university applicants": "616700"
      },
      {
         "Year": "2011",
         "Number of university applicants": "668150"
      },
      {
         "Year": "2010",
         "Number of university applicants": "658560"
      }
   ],
   "gold": "This statistic shows the number of applicants to universities in the United Kingdom ( UK ) from 2010 to 2018 . The number of applicants peaked in 2016 . The lower figures in 2012 and 2013 may be connected to the rise of the tuition fee limit in 2012 to 9,000 British pounds per year .\n"
}