{
   "title": "Gross domestic product ( GDP ) growth rate in Brazil 2024",
   "xAxis": "Year",
   "yAxis": "GDP growth compared to previous year",
   "columnType": "two",
   "graphType": "line",
   "summaryType": "nlp",
   "summary": [
      "The statistic shows the growth in real GDP in Brazil from 2014 to 2018 , with projections up until 2024 . ",
      "In 2018 , Brazil 's real Gross domestic product increased by around 1.11 % compared to the previous Year ."
   ],
   "trends": [
      {
         "11": "10",
         "13": "6",
         "19": "0"
      },
      {
         "1": "6",
         "12": "6"
      }
   ],
   "data": [
      {
         "Year": "2024",
         "GDP growth compared to previous year": "2.26"
      },
      {
         "Year": "2023",
         "GDP growth compared to previous year": "2.41"
      },
      {
         "Year": "2022",
         "GDP growth compared to previous year": "2.36"
      },
      {
         "Year": "2021",
         "GDP growth compared to previous year": "2.37"
      },
      {
         "Year": "2020",
         "GDP growth compared to previous year": "2.04"
      },
      {
         "Year": "2019",
         "GDP growth compared to previous year": "0.88"
      },
      {
         "Year": "2018",
         "GDP growth compared to previous year": "1.11"
      },
      {
         "Year": "2017",
         "GDP growth compared to previous year": "1.06"
      },
      {
         "Year": "2016",
         "GDP growth compared to previous year": "-3.31"
      },
      {
         "Year": "2015",
         "GDP growth compared to previous year": "-3.55"
      },
      {
         "Year": "2014",
         "GDP growth compared to previous year": "0.51"
      }
   ],
   "gold": "The statistic shows the growth in real GDP in Brazil from between 2014 and 2018 , with projections up until 2024 . In 2018 , Brazil 's real gross domestic product increased by 1.11 percent compared to the previous year.Brazilian growth and civic unrest GDP is a reliable tool used to indicate the shape of a national economy . It is one of the most well-known and well-understood measurements of the state of a country .\n"
}