{
   "title": "Inflation rate in Malaysia 2024",
   "xAxis": "Year",
   "yAxis": "Inflation rate compared to previous year",
   "columnType": "two",
   "graphType": "line",
   "summaryType": "nlp",
   "summary": [
      "This statistic shows the average Inflation rate in Malaysia from 1984 to 2018 , with projections up until 2024 . ",
      "In 2018 , the average Inflation rate in Malaysia amounted to about 0.97 % compared to the previous Year ."
   ],
   "trends": [
      {
         "10": "40",
         "12": "6",
         "18": "0"
      },
      {
         "1": "6",
         "12": "6"
      }
   ],
   "data": [
      {
         "Year": "2024",
         "Inflation rate compared to previous year": "2.29"
      },
      {
         "Year": "2023",
         "Inflation rate compared to previous year": "2.28"
      },
      {
         "Year": "2022",
         "Inflation rate compared to previous year": "2.25"
      },
      {
         "Year": "2021",
         "Inflation rate compared to previous year": "2.22"
      },
      {
         "Year": "2020",
         "Inflation rate compared to previous year": "2.08"
      },
      {
         "Year": "2019",
         "Inflation rate compared to previous year": "1.02"
      },
      {
         "Year": "2018",
         "Inflation rate compared to previous year": "0.97"
      },
      {
         "Year": "2017",
         "Inflation rate compared to previous year": "3.8"
      },
      {
         "Year": "2016",
         "Inflation rate compared to previous year": "2.08"
      },
      {
         "Year": "2015",
         "Inflation rate compared to previous year": "2.1"
      },
      {
         "Year": "2014",
         "Inflation rate compared to previous year": "3.14"
      },
      {
         "Year": "2013",
         "Inflation rate compared to previous year": "2.11"
      },
      {
         "Year": "2012",
         "Inflation rate compared to previous year": "1.66"
      },
      {
         "Year": "2011",
         "Inflation rate compared to previous year": "3.17"
      },
      {
         "Year": "2010",
         "Inflation rate compared to previous year": "1.72"
      },
      {
         "Year": "2009",
         "Inflation rate compared to previous year": "0.6"
      },
      {
         "Year": "2008",
         "Inflation rate compared to previous year": "5.43"
      },
      {
         "Year": "2007",
         "Inflation rate compared to previous year": "2.03"
      },
      {
         "Year": "2006",
         "Inflation rate compared to previous year": "3.62"
      },
      {
         "Year": "2005",
         "Inflation rate compared to previous year": "3.04"
      },
      {
         "Year": "2004",
         "Inflation rate compared to previous year": "1.42"
      },
      {
         "Year": "2003",
         "Inflation rate compared to previous year": "1.07"
      },
      {
         "Year": "2002",
         "Inflation rate compared to previous year": "1.79"
      },
      {
         "Year": "2001",
         "Inflation rate compared to previous year": "1.43"
      },
      {
         "Year": "2000",
         "Inflation rate compared to previous year": "1.55"
      },
      {
         "Year": "1999",
         "Inflation rate compared to previous year": "2.73"
      },
      {
         "Year": "1998",
         "Inflation rate compared to previous year": "5.29"
      },
      {
         "Year": "1997",
         "Inflation rate compared to previous year": "2.66"
      },
      {
         "Year": "1996",
         "Inflation rate compared to previous year": "3.48"
      },
      {
         "Year": "1995",
         "Inflation rate compared to previous year": "3.47"
      },
      {
         "Year": "1994",
         "Inflation rate compared to previous year": "3.69"
      },
      {
         "Year": "1993",
         "Inflation rate compared to previous year": "3.55"
      },
      {
         "Year": "1992",
         "Inflation rate compared to previous year": "4.78"
      },
      {
         "Year": "1991",
         "Inflation rate compared to previous year": "4.33"
      },
      {
         "Year": "1990",
         "Inflation rate compared to previous year": "3.04"
      },
      {
         "Year": "1989",
         "Inflation rate compared to previous year": "2.56"
      },
      {
         "Year": "1988",
         "Inflation rate compared to previous year": "0.29"
      },
      {
         "Year": "1987",
         "Inflation rate compared to previous year": "0.74"
      },
      {
         "Year": "1986",
         "Inflation rate compared to previous year": "0.35"
      },
      {
         "Year": "1985",
         "Inflation rate compared to previous year": "2.59"
      },
      {
         "Year": "1984",
         "Inflation rate compared to previous year": "3.9"
      }
   ],
   "gold": "This statistic shows the average inflation rate in Malaysia from 1984 to 2018 , with projections up to 2024 . In 2018 , the average inflation rate in Malaysia amounted to about 0.97 percent compared to the previous year . Malaysia 's economy is slowly recovering The inflation rate is the annual rate of increase of a price index , normally the consumer price index over time .\n"
}