{
   "title": "Favorite James Bond actor in the United States 2018",
   "labels": [
      "Actor",
      "Very favorable",
      "Somewhat favorable",
      "Somewhat unfavorable",
      "Very unfavorable",
      "Don't know/no opinion"
   ],
   "columnType": "multi",
   "graphType": "bar",
   "summary": [
      "This statistic shows the percentage of online consumers in the Favorite , sorted States 2018 . ",
      "According to the survey findings , 61 % of the respondents stated that they had used a Very favorable ."
   ],
   "trends": [
      {},
      {
         "6": [
            "0",
            "1"
         ]
      }
   ],
   "data": [
      {
         "Actor": "Sean Connery",
         "Very favorable": "61",
         "Somewhat favorable": "21",
         "Somewhat unfavorable": "4",
         "Very unfavorable": "2",
         "Don't know/no opinion": "12"
      },
      {
         "Actor": "Pierce Brosnan",
         "Very favorable": "51",
         "Somewhat favorable": "30",
         "Somewhat unfavorable": "6",
         "Very unfavorable": "2",
         "Don't know/no opinion": "11"
      },
      {
         "Actor": "Roger Moore",
         "Very favorable": "42",
         "Somewhat favorable": "32",
         "Somewhat unfavorable": "6",
         "Very unfavorable": "3",
         "Don't know/no opinion": "18"
      },
      {
         "Actor": "Daniel Craig",
         "Very favorable": "41",
         "Somewhat favorable": "30",
         "Somewhat unfavorable": "9",
         "Very unfavorable": "4",
         "Don't know/no opinion": "17"
      },
      {
         "Actor": "Timothy Dalton",
         "Very favorable": "14",
         "Somewhat favorable": "35",
         "Somewhat unfavorable": "16",
         "Very unfavorable": "5",
         "Don't know/no opinion": "30"
      },
      {
         "Actor": "George Lazenby",
         "Very favorable": "7",
         "Somewhat favorable": "24",
         "Somewhat unfavorable": "16",
         "Very unfavorable": "7",
         "Don't know/no opinion": "46"
      }
   ],
   "gold": "The statistic shows the most favorable James Bond actors according to adults in the United States as of November 2018 . The findings reveal that Sean Connery was the favorite among survey respondents , with 61 percent stating that they had a very favorable impression of the actor 's interpretation of James Bond . A total of 51 percent said the same about Pierce Brosnan .\n"
}