{
   "title": "Population of Spain in 2019 by gender and autonomous community",
   "labels": [
      "Community",
      "Male",
      "Female"
   ],
   "columnType": "multi",
   "graphType": "bar",
   "summary": [
      "This statistic provides information on the average amount of time gender in Spain 2019 , sorted community . ",
      "As of that time , it was found that 4168901 % of that 4277660 % of Female gender had reported ."
   ],
   "trends": [
      {},
      {
         "9": [
            "0",
            "1"
         ],
         "13": [
            "0",
            "2"
         ]
      }
   ],
   "data": [
      {
         "Community": "Andalusia",
         "Male": "4168901",
         "Female": "4277660"
      },
      {
         "Community": "Catalonia",
         "Male": "3721783",
         "Female": "3887716"
      },
      {
         "Community": "Community of Madrid",
         "Male": "3205259",
         "Female": "3480212"
      },
      {
         "Community": "Region of Valencia",
         "Male": "2462321",
         "Female": "2536390"
      },
      {
         "Community": "Galicia",
         "Male": "1302611",
         "Female": "1396153"
      },
      {
         "Community": "Castile and Leon",
         "Male": "1186138",
         "Female": "1216739"
      },
      {
         "Community": "Basque Country",
         "Male": "1055722",
         "Female": "1126196"
      },
      {
         "Community": "Canary Islands",
         "Male": "1100985",
         "Female": "1119285"
      },
      {
         "Community": "Castile-La Mancha",
         "Male": "1023105",
         "Female": "1015335"
      },
      {
         "Community": "Murcia",
         "Male": "747648",
         "Female": "746793"
      },
      {
         "Community": "Aragon",
         "Male": "653825",
         "Female": "670571"
      },
      {
         "Community": "Balearic Islands",
         "Male": "599693",
         "Female": "598883"
      },
      {
         "Community": "Extremadura",
         "Male": "527492",
         "Female": "535306"
      },
      {
         "Community": "Asturias",
         "Male": "487643",
         "Female": "532350"
      },
      {
         "Community": "Navarre",
         "Male": "322403",
         "Female": "330124"
      },
      {
         "Community": "Cantabria",
         "Male": "283599",
         "Female": "298350"
      },
      {
         "Community": "La Rioja",
         "Male": "154979",
         "Female": "159508"
      },
      {
         "Community": "Ceuta",
         "Male": "42785",
         "Female": "41649"
      },
      {
         "Community": "Melilla",
         "Male": "42498",
         "Female": "41788"
      }
   ],
   "gold": "Andalusia , with a total number of 8.44 million inhabitants , ranked first on the list of most populous autonomous communities in Spain as of 1st July 2019 . The least populated regions of Spain were the two autonomous cities of Ceuta and Melilla , both with a population of approximately 84 thousand inhabitants that year . The population of Spain has been in decline for many years and was projected to decrease by nearly one million by 2023 .\n"
}