{
   "title": "Most popular Belgium-based influencers on Instagram 2019",
   "xAxis": "Instagram User",
   "yAxis": "Number of followers",
   "columnType": "two",
   "graphType": "bar",
   "summaryType": "nlp",
   "summary": [
      "This statistic gives information on the Most Number of Belgium-based on Instagram angele_vl_(Ang\u00e8le_stage_name_of_Ang\u00e8le_Van_Laeken) . ",
      "As of the survey period , it was found that % of 2019 , it matthiasgeerts_(Matthias_Geerts) driesmertens__(Dries_Mertens) ."
   ],
   "trends": [
      {
         "12": "0"
      },
      {
         "16": "9",
         "17": "2"
      }
   ],
   "data": [
      {
         "Instagram User": "angele vl (Ang\u00e8le stage name of Ang\u00e8le Van Laeken)",
         "Number of followers": "2488193"
      },
      {
         "Instagram User": "jimmylabeeu  (Jimmy Labeeu)",
         "Number of followers": "1885413"
      },
      {
         "Instagram User": "driesmertens  (Dries Mertens)",
         "Number of followers": "1547373"
      },
      {
         "Instagram User": "elvis.romeo (Rom\u00e9o Elvis)",
         "Number of followers": "1442010"
      },
      {
         "Instagram User": "amelie lens (Amelie Lens)",
         "Number of followers": "1139768"
      },
      {
         "Instagram User": "gaellegd (Gaelle Garcia Diaz)",
         "Number of followers": "1135845"
      },
      {
         "Instagram User": "aurelievandaelen  (Aur\u00e9lie Van Daelen)",
         "Number of followers": "720274"
      },
      {
         "Instagram User": "pommelinetilliere (Pommeline Tilli\u00e8re)",
         "Number of followers": "519828"
      },
      {
         "Instagram User": "chloekitembo (Chloe Kitembo)",
         "Number of followers": "408670"
      },
      {
         "Instagram User": "matthiasgeerts (Matthias Geerts)",
         "Number of followers": "308271"
      }
   ],
   "gold": "In December 2019 , singer-songwriter Ang\u00e8le had the most followers of all Belgian influencers on Instagram . This according to data provided by InfluencerDB . The musician had several hit songs in 2018 , including number one hit Tout Oublier in Belgium and France with her brother Romeo Elvis ( fourth in this ranking ) .\n"
}