{
   "title": "Annual rent in the most expensive retail locations globally 2019",
   "xAxis": "Retail Locations",
   "yAxis": "Annual rent in U.S. dollars per square foot",
   "columnType": "two",
   "graphType": "bar",
   "summaryType": "nlp",
   "summary": [
      "The statistic shows the distribution of Annual employees retail as of 2019 , broken down 2019 Retail . ",
      "The Causeway_Bay_main_street_shops_(Hong_Kong) , with over 2745 % of the dollars per of people , followed by Upper_5th_Avenue_49th-60th_Sts_(New_York) with 2250 million dollars ."
   ],
   "trends": [
      {},
      {
         "1": "0",
         "5": "0",
         "16": "1",
         "18": "1"
      }
   ],
   "data": [
      {
         "Retail Locations": "Causeway Bay main street shops (Hong Kong)",
         "Annual rent in U.S. dollars per square foot": "2745"
      },
      {
         "Retail Locations": "Upper 5th Avenue 49th-60th Sts (New York)",
         "Annual rent in U.S. dollars per square foot": "2250"
      },
      {
         "Retail Locations": "New Bond Street (London)",
         "Annual rent in U.S. dollars per square foot": "1714"
      },
      {
         "Retail Locations": "Avenue des Champs-Elysees (Paris)",
         "Annual rent in U.S. dollars per square foot": "1478"
      },
      {
         "Retail Locations": "Via Montenapoleone (Milan)",
         "Annual rent in U.S. dollars per square foot": "1447"
      },
      {
         "Retail Locations": "Ginza (Tokyo)",
         "Annual rent in U.S. dollars per square foot": "1251"
      },
      {
         "Retail Locations": "Pitt Street Mall (Sydney)",
         "Annual rent in U.S. dollars per square foot": "1076"
      },
      {
         "Retail Locations": "Bahnhofstrasse (Zurich)",
         "Annual rent in U.S. dollars per square foot": "866"
      },
      {
         "Retail Locations": "Myeongdong (Seoul)",
         "Annual rent in U.S. dollars per square foot": "862"
      },
      {
         "Retail Locations": "Kohlmarkt (Vienna)",
         "Annual rent in U.S. dollars per square foot": "513"
      },
      {
         "Retail Locations": "Wangfujing (Beijing)",
         "Annual rent in U.S. dollars per square foot": "471"
      },
      {
         "Retail Locations": "Kaufinger/Neuhauser (Munich)",
         "Annual rent in U.S. dollars per square foot": "469"
      },
      {
         "Retail Locations": "Grafton Street (Dublin)",
         "Annual rent in U.S. dollars per square foot": "401"
      },
      {
         "Retail Locations": "Portal de L'Angel (Barcelona)",
         "Annual rent in U.S. dollars per square foot": "361"
      },
      {
         "Retail Locations": "Ermou (Athens)",
         "Annual rent in U.S. dollars per square foot": "361"
      },
      {
         "Retail Locations": "Orchard Road (Singapore)",
         "Annual rent in U.S. dollars per square foot": "312"
      },
      {
         "Retail Locations": "Kalverstraat (Amsterdam)",
         "Annual rent in U.S. dollars per square foot": "301"
      },
      {
         "Retail Locations": "Na Prikope street (Prague)",
         "Annual rent in U.S. dollars per square foot": "298"
      },
      {
         "Retail Locations": "Stoleshnikov (Moscow)",
         "Annual rent in U.S. dollars per square foot": "288"
      },
      {
         "Retail Locations": "Khan Market (New Delhi)",
         "Annual rent in U.S. dollars per square foot": "243"
      }
   ],
   "gold": "As of June 2019 , the annual rent of a retail space in the Avenue des Champs-Elysees in Paris amounted to 1,478 U.S. dollars per square foot . However , Causeway Bay in Hong Kong was the most expensive retail location worldwide . Luxury retail locations \u2013 additional information Where renters complain about high rents , top retailers see it differently .\n"
}