{
   "title": "Franchise value of the Washington Redskins ( NFL ) 2002 to 2019",
   "xAxis": "Year",
   "yAxis": "Franchise value in million U.S. dollars",
   "columnType": "two",
   "graphType": "line",
   "summaryType": "nlp",
   "summary": [
      "This graph depicts the Franchise value of the Washington Redskins of the National Football League from 2002 to 2019 . ",
      "In 2019 , the Franchise value came to 3400 million U.S. dollars . ",
      "The Washington Redskins are owned by Terry and Kim Pegula ."
   ],
   "trends": [
      {
         "15": "17",
         "17": "0"
      },
      {
         "1": "0",
         "8": "0"
      },
      {}
   ],
   "data": [
      {
         "Year": "2019",
         "Franchise value in million U.S. dollars": "3400"
      },
      {
         "Year": "2018",
         "Franchise value in million U.S. dollars": "3100"
      },
      {
         "Year": "2017",
         "Franchise value in million U.S. dollars": "3100"
      },
      {
         "Year": "2016",
         "Franchise value in million U.S. dollars": "2950"
      },
      {
         "Year": "2015",
         "Franchise value in million U.S. dollars": "2850"
      },
      {
         "Year": "2014",
         "Franchise value in million U.S. dollars": "2400"
      },
      {
         "Year": "2013",
         "Franchise value in million U.S. dollars": "1700"
      },
      {
         "Year": "2012",
         "Franchise value in million U.S. dollars": "1600"
      },
      {
         "Year": "2011",
         "Franchise value in million U.S. dollars": "1555"
      },
      {
         "Year": "2010",
         "Franchise value in million U.S. dollars": "1550"
      },
      {
         "Year": "2009",
         "Franchise value in million U.S. dollars": "1550"
      },
      {
         "Year": "2008",
         "Franchise value in million U.S. dollars": "1538"
      },
      {
         "Year": "2007",
         "Franchise value in million U.S. dollars": "1467"
      },
      {
         "Year": "2006",
         "Franchise value in million U.S. dollars": "1423"
      },
      {
         "Year": "2005",
         "Franchise value in million U.S. dollars": "1264"
      },
      {
         "Year": "2004",
         "Franchise value in million U.S. dollars": "1104"
      },
      {
         "Year": "2003",
         "Franchise value in million U.S. dollars": "952"
      },
      {
         "Year": "2002",
         "Franchise value in million U.S. dollars": "845"
      }
   ],
   "gold": "This graph depicts the franchise value of the Washington Redskins of the National Football League from 2002 to 2019 . In 2019 , the franchise value came to around 3.4 billion U.S. dollars . The Washington Redskins are owned by Daniel Snyder who bought the franchise for 750 million U.S. dollars in 1999 .\n"
}