{
   "title": "Polo Ralph Lauren 's workforce worldwide 2009 to 2019",
   "xAxis": "Year",
   "yAxis": "Number of employees",
   "columnType": "two",
   "graphType": "line",
   "summaryType": "nlp",
   "summary": [
      "This statistic shows the Number of people employed by agricultural company Ralph Lauren from 2009 to 2019 . ",
      "In 2019 , Ralph Lauren had a total of 24300 employees ."
   ],
   "trends": [
      {
         "13": "10",
         "15": "0"
      },
      {
         "1": "0",
         "8": "0"
      }
   ],
   "data": [
      {
         "Year": "2019",
         "Number of employees": "24300"
      },
      {
         "Year": "2018",
         "Number of employees": "23500"
      },
      {
         "Year": "2017",
         "Number of employees": "23300"
      },
      {
         "Year": "2016",
         "Number of employees": "26000"
      },
      {
         "Year": "2015",
         "Number of employees": "25000"
      },
      {
         "Year": "2014",
         "Number of employees": "23000"
      },
      {
         "Year": "2013",
         "Number of employees": "23000"
      },
      {
         "Year": "2012",
         "Number of employees": "25000"
      },
      {
         "Year": "2011",
         "Number of employees": "24000"
      },
      {
         "Year": "2010",
         "Number of employees": "19000"
      },
      {
         "Year": "2009",
         "Number of employees": "17000"
      }
   ],
   "gold": "This statistic shows the number of employees of Polo Ralph Lauren worldwide from 2009 to 2019 . The New York-based fashion company Polo Ralph Lauren had approximately 24,300 employees worldwide as of 2019.Ralph Lauren CorporationThe company began in 1967 and is an internationally renowned brand . The company got its start by selling creatively designed neckties .\n"
}