{
   "title": "Urbanization in Iran 2018",
   "xAxis": "Year",
   "yAxis": "Share of urban population in total population",
   "columnType": "two",
   "graphType": "line",
   "summaryType": "nlp",
   "summary": [
      "This statistic shows the degree of Urbanization in Iran from 2008 to 2018 . ",
      "Urbanization means the Share of urban population in the total population of a country . ",
      "In 2018 , 74.9 % of Iran 's total population lived in urban areas and cities ."
   ],
   "trends": [
      {
         "10": "10",
         "12": "0"
      },
      {},
      {
         "1": "0",
         "3": "0"
      }
   ],
   "data": [
      {
         "Year": "2018",
         "Share of urban population in total population": "74.9"
      },
      {
         "Year": "2017",
         "Share of urban population in total population": "74.39"
      },
      {
         "Year": "2016",
         "Share of urban population in total population": "74.88"
      },
      {
         "Year": "2015",
         "Share of urban population in total population": "73.36"
      },
      {
         "Year": "2014",
         "Share of urban population in total population": "72.83"
      },
      {
         "Year": "2013",
         "Share of urban population in total population": "72.3"
      },
      {
         "Year": "2012",
         "Share of urban population in total population": "71.76"
      },
      {
         "Year": "2011",
         "Share of urban population in total population": "71.2"
      },
      {
         "Year": "2010",
         "Share of urban population in total population": "70.63"
      },
      {
         "Year": "2009",
         "Share of urban population in total population": "70.05"
      },
      {
         "Year": "2008",
         "Share of urban population in total population": "69.46"
      }
   ],
   "gold": "This statistic shows the degree of urbanization in Iran from 2008 to 2018 . Urbanization means the share of urban population in the total population of a country . In 2018 , 74.9 percent of Iran 's total population lived in urban areas and cities .\n"
}