{
   "title": "Gross domestic product ( GDP ) growth rate in Greece 2024",
   "xAxis": "Year",
   "yAxis": "GDP growth rate compared to previous year",
   "columnType": "two",
   "graphType": "line",
   "summaryType": "nlp",
   "summary": [
      "The statistic shows the growth rate of the real Gross domestic product ( GDP ) in the Greece from 2014 to 2018 , with projections up until 2024 . ",
      "GDP refers to the total market value of all goods and services that are produced within a country per Year . ",
      "It is an important indicator of the economic strength of a country ."
   ],
   "trends": [
      {
         "19": "10",
         "21": "6",
         "27": "0"
      },
      {},
      {}
   ],
   "data": [
      {
         "Year": "2024",
         "GDP growth rate compared to previous year": "0.93"
      },
      {
         "Year": "2023",
         "GDP growth rate compared to previous year": "0.9"
      },
      {
         "Year": "2022",
         "GDP growth rate compared to previous year": "1.35"
      },
      {
         "Year": "2021",
         "GDP growth rate compared to previous year": "1.71"
      },
      {
         "Year": "2020",
         "GDP growth rate compared to previous year": "2.22"
      },
      {
         "Year": "2019",
         "GDP growth rate compared to previous year": "1.98"
      },
      {
         "Year": "2018",
         "GDP growth rate compared to previous year": "1.93"
      },
      {
         "Year": "2017",
         "GDP growth rate compared to previous year": "1.51"
      },
      {
         "Year": "2016",
         "GDP growth rate compared to previous year": "-0.19"
      },
      {
         "Year": "2015",
         "GDP growth rate compared to previous year": "-0.44"
      },
      {
         "Year": "2014",
         "GDP growth rate compared to previous year": "0.74"
      }
   ],
   "gold": "The statistic depicts Greece 's gross domestic product ( GDP ) growth rate from 2014 to 2018 , with projections up until 2024 . GDP refers to the total market value of all goods and services that are produced within a country per year . It is an important indicator of the economic strength of a country .\n"
}