{
   "title": "NBA teams - number of Facebook fans 2019",
   "xAxis": "Nba Team",
   "yAxis": "Facebook fans in millions",
   "columnType": "two",
   "graphType": "bar",
   "summaryType": "nlp",
   "summary": [
      "The statistic shows the NBA teams number Facebook in the fans in 2019 . ",
      "The NBA had the highest Facebook of fans at 38.05 millions dollars ."
   ],
   "trends": [
      {},
      {
         "1": "0",
         "9": "0"
      }
   ],
   "data": [
      {
         "Nba Team": "NBA",
         "Facebook fans in millions": "38.05"
      },
      {
         "Nba Team": "Los Angeles Lakers",
         "Facebook fans in millions": "21.57"
      },
      {
         "Nba Team": "Chicago Bulls",
         "Facebook fans in millions": "17.74"
      },
      {
         "Nba Team": "Miami Heat",
         "Facebook fans in millions": "15.27"
      },
      {
         "Nba Team": "Houston Rockets",
         "Facebook fans in millions": "12.56"
      },
      {
         "Nba Team": "Golden State Warriors",
         "Facebook fans in millions": "11.72"
      },
      {
         "Nba Team": "Boston Celtics",
         "Facebook fans in millions": "9.01"
      },
      {
         "Nba Team": "Cleveland Cavaliers",
         "Facebook fans in millions": "8.59"
      },
      {
         "Nba Team": "Sacramento Kings",
         "Facebook fans in millions": "7.51"
      },
      {
         "Nba Team": "Oklahoma City Thunder",
         "Facebook fans in millions": "7.07"
      },
      {
         "Nba Team": "San Antonio Spurs",
         "Facebook fans in millions": "7.05"
      },
      {
         "Nba Team": "New York Knicks",
         "Facebook fans in millions": "5.83"
      },
      {
         "Nba Team": "Dallas Mavericks",
         "Facebook fans in millions": "4.37"
      },
      {
         "Nba Team": "Los Angeles Clippers",
         "Facebook fans in millions": "3.78"
      },
      {
         "Nba Team": "Indiana Pacers",
         "Facebook fans in millions": "3.25"
      },
      {
         "Nba Team": "Orlando Magic",
         "Facebook fans in millions": "2.75"
      },
      {
         "Nba Team": "Brooklyn Nets",
         "Facebook fans in millions": "2.7"
      },
      {
         "Nba Team": "Toronto Raptors",
         "Facebook fans in millions": "2.68"
      },
      {
         "Nba Team": "Portland Trailblazers",
         "Facebook fans in millions": "2.46"
      },
      {
         "Nba Team": "Denver Nuggets",
         "Facebook fans in millions": "2.01"
      },
      {
         "Nba Team": "Minnesota Timberwolves",
         "Facebook fans in millions": "1.89"
      },
      {
         "Nba Team": "Phoenix Suns",
         "Facebook fans in millions": "1.88"
      },
      {
         "Nba Team": "Milwaukee Bucks",
         "Facebook fans in millions": "1.82"
      },
      {
         "Nba Team": "Utah Jazz",
         "Facebook fans in millions": "1.81"
      },
      {
         "Nba Team": "Memphis Grizzlies",
         "Facebook fans in millions": "1.8"
      },
      {
         "Nba Team": "Detroit Pistons",
         "Facebook fans in millions": "1.79"
      },
      {
         "Nba Team": "New Orleans Pelicans",
         "Facebook fans in millions": "1.75"
      },
      {
         "Nba Team": "Philadelphia 76ers",
         "Facebook fans in millions": "1.75"
      },
      {
         "Nba Team": "Charlotte Hornets",
         "Facebook fans in millions": "1.74"
      },
      {
         "Nba Team": "Atlanta Hawks",
         "Facebook fans in millions": "1.61"
      },
      {
         "Nba Team": "Washington Wizards",
         "Facebook fans in millions": "1.55"
      }
   ],
   "gold": "With 21.57 million fans , the Los Angeles Lakers have the most followed National Basketball Association team account on Facebook . Bringing up the rear is the official account of the Washington Wizards , which has 1.55 million fans . The Facebook presence of the NBA itself has 38.05 million fans .\n"
}