{
   "title": "Health/Fitness club companies - Fitness First UK revenue 2012 to 2015",
   "xAxis": "Year",
   "yAxis": "Revenue in million U.S. dollars",
   "columnType": "two",
   "graphType": "line",
   "summaryType": "nlp",
   "summary": [
      "The statistic presents the Revenue of the UK from 2012 to 2015 . ",
      "In 2015 , the source of the Major League Baseball franchise amounted to 676.52 million U.S. dollars ."
   ],
   "trends": [
      {
         "9": "3",
         "11": "0"
      },
      {
         "1": "0",
         "13": "0"
      }
   ],
   "data": [
      {
         "Year": "2015",
         "Revenue in million U.S. dollars": "676.52"
      },
      {
         "Year": "2014",
         "Revenue in million U.S. dollars": "773.36"
      },
      {
         "Year": "2013",
         "Revenue in million U.S. dollars": "842.63"
      },
      {
         "Year": "2012",
         "Revenue in million U.S. dollars": "919.98"
      }
   ],
   "gold": "The statistic depicts the revenue of the Fitness First UK company from 2012 to 2015 . In 2013 , the health club chain generated a revenue of 842.63 million U.S. dollars . In the same year , the UK based company operated 378 clubs .\n"
}