{
   "title": "Number of Pok\u00e9mon GO daily users in the U.S. 2016",
   "xAxis": "Month",
   "yAxis": "Number of users in millions",
   "columnType": "two",
   "graphType": "bar",
   "summaryType": "nlp",
   "summary": [
      "As of 2019 , August_16 accounted for over 45 millions of GO users millions worldwide , up from 45 millions in the previous year . ",
      "The app is one of the most popular social network worldwide ."
   ],
   "trends": [
      {
         "4": "0",
         "8": "1",
         "18": "1"
      },
      {}
   ],
   "data": [
      {
         "Month": "August 16",
         "Number of users in millions": "30"
      },
      {
         "Month": "July 19",
         "Number of users in millions": "45"
      },
      {
         "Month": "July 14",
         "Number of users in millions": "25"
      },
      {
         "Month": "July 12",
         "Number of users in millions": "21"
      }
   ],
   "gold": "The graph shows the number of Pok\u00e9mon GO users in the United States as of July 2016 . Shortly after its release , the game had 21 million daily active users in the U.S. and the user numbers peaked on July 19 , reaching 45 million . On August 16 , 2016 Pok\u00e9mon GO had 30 million DAU .\n"
}