{
   "title": "Gross domestic product ( GDP ) in Argentina 2024",
   "xAxis": "Year",
   "yAxis": "Gross domestic product in billion U.S. dollars",
   "columnType": "two",
   "graphType": "line",
   "summaryType": "nlp",
   "summary": [
      "The statistic shows Gross domestic product ( GDP ) in Argentina from 1984 to 2018 , with projections up until 2024 . ",
      "Gross domestic product ( GDP ) denotes the aggregate value of all services and goods produced within a country in any given Year . ",
      "GDP is an important indicator of a country 's economic power ."
   ],
   "trends": [
      {
         "12": "40",
         "14": "6",
         "20": "0"
      },
      {},
      {}
   ],
   "data": [
      {
         "Year": "2024",
         "Gross domestic product in billion U.S. dollars": "579.62"
      },
      {
         "Year": "2023",
         "Gross domestic product in billion U.S. dollars": "557.18"
      },
      {
         "Year": "2022",
         "Gross domestic product in billion U.S. dollars": "518.66"
      },
      {
         "Year": "2021",
         "Gross domestic product in billion U.S. dollars": "481.84"
      },
      {
         "Year": "2020",
         "Gross domestic product in billion U.S. dollars": "443.25"
      },
      {
         "Year": "2019",
         "Gross domestic product in billion U.S. dollars": "445.47"
      },
      {
         "Year": "2018",
         "Gross domestic product in billion U.S. dollars": "519.49"
      },
      {
         "Year": "2017",
         "Gross domestic product in billion U.S. dollars": "642.93"
      },
      {
         "Year": "2016",
         "Gross domestic product in billion U.S. dollars": "556.77"
      },
      {
         "Year": "2015",
         "Gross domestic product in billion U.S. dollars": "642.46"
      },
      {
         "Year": "2014",
         "Gross domestic product in billion U.S. dollars": "563.61"
      },
      {
         "Year": "2013",
         "Gross domestic product in billion U.S. dollars": "611.47"
      },
      {
         "Year": "2012",
         "Gross domestic product in billion U.S. dollars": "579.67"
      },
      {
         "Year": "2011",
         "Gross domestic product in billion U.S. dollars": "527.64"
      },
      {
         "Year": "2010",
         "Gross domestic product in billion U.S. dollars": "424.73"
      },
      {
         "Year": "2009",
         "Gross domestic product in billion U.S. dollars": "334.63"
      },
      {
         "Year": "2008",
         "Gross domestic product in billion U.S. dollars": "363.55"
      },
      {
         "Year": "2007",
         "Gross domestic product in billion U.S. dollars": "287.92"
      },
      {
         "Year": "2006",
         "Gross domestic product in billion U.S. dollars": "232.89"
      },
      {
         "Year": "2005",
         "Gross domestic product in billion U.S. dollars": "199.27"
      },
      {
         "Year": "2004",
         "Gross domestic product in billion U.S. dollars": "164.92"
      },
      {
         "Year": "2003",
         "Gross domestic product in billion U.S. dollars": "138.15"
      },
      {
         "Year": "2002",
         "Gross domestic product in billion U.S. dollars": "108.73"
      },
      {
         "Year": "2001",
         "Gross domestic product in billion U.S. dollars": "291.74"
      },
      {
         "Year": "2000",
         "Gross domestic product in billion U.S. dollars": "308.49"
      },
      {
         "Year": "1999",
         "Gross domestic product in billion U.S. dollars": "307.67"
      },
      {
         "Year": "1998",
         "Gross domestic product in billion U.S. dollars": "324.24"
      },
      {
         "Year": "1997",
         "Gross domestic product in billion U.S. dollars": "317.55"
      },
      {
         "Year": "1996",
         "Gross domestic product in billion U.S. dollars": "295.12"
      },
      {
         "Year": "1995",
         "Gross domestic product in billion U.S. dollars": "280.08"
      },
      {
         "Year": "1994",
         "Gross domestic product in billion U.S. dollars": "279.15"
      },
      {
         "Year": "1993",
         "Gross domestic product in billion U.S. dollars": "256.37"
      },
      {
         "Year": "1992",
         "Gross domestic product in billion U.S. dollars": "247.99"
      },
      {
         "Year": "1991",
         "Gross domestic product in billion U.S. dollars": "205.52"
      },
      {
         "Year": "1990",
         "Gross domestic product in billion U.S. dollars": "153.21"
      },
      {
         "Year": "1989",
         "Gross domestic product in billion U.S. dollars": "88.57"
      },
      {
         "Year": "1988",
         "Gross domestic product in billion U.S. dollars": "138.04"
      },
      {
         "Year": "1987",
         "Gross domestic product in billion U.S. dollars": "117.85"
      },
      {
         "Year": "1986",
         "Gross domestic product in billion U.S. dollars": "114.95"
      },
      {
         "Year": "1985",
         "Gross domestic product in billion U.S. dollars": "95.59"
      },
      {
         "Year": "1984",
         "Gross domestic product in billion U.S. dollars": "126.56"
      }
   ],
   "gold": "The statistic shows gross domestic product ( GDP ) in Argentina from 1984 to 2018 , with projections up until 2024 . The gross domestic product denotes the aggregate value of all services and goods produced within a country in any given year . GDP is an important indicator of a country 's economic power .\n"
}