{
   "title": "Garden , plants and flowers : quarterly purchase spend in the UK 2013 to 2019",
   "xAxis": "Quarter",
   "yAxis": "Expenditure in million GBP",
   "columnType": "two",
   "graphType": "bar",
   "summaryType": "nlp",
   "summary": [
      "This statistic shows consumers ' Garden plants Expenditure on the UK from the first Quarter of 2019 to the fourth Quarter of Q2_2019 . ",
      "In the most recently reported Quarter , Expenditure on plants sector amounted to over 1484 million British pounds ."
   ],
   "trends": [
      {
         "22": "0"
      },
      {
         "14": "3"
      }
   ],
   "data": [
      {
         "Quarter": "Q2 2019",
         "Expenditure in million GBP": "1471"
      },
      {
         "Quarter": "Q1 2019",
         "Expenditure in million GBP": "1480"
      },
      {
         "Quarter": "Q4 2018",
         "Expenditure in million GBP": "1483"
      },
      {
         "Quarter": "Q3 2018",
         "Expenditure in million GBP": "1484"
      },
      {
         "Quarter": "Q2 2018",
         "Expenditure in million GBP": "1468"
      },
      {
         "Quarter": "Q1 2018",
         "Expenditure in million GBP": "1399"
      },
      {
         "Quarter": "Q4 2017",
         "Expenditure in million GBP": "1453"
      },
      {
         "Quarter": "Q3 2017",
         "Expenditure in million GBP": "1431"
      },
      {
         "Quarter": "Q2 2017",
         "Expenditure in million GBP": "1466"
      },
      {
         "Quarter": "Q1 2017",
         "Expenditure in million GBP": "1319"
      },
      {
         "Quarter": "Q4 2016",
         "Expenditure in million GBP": "1266"
      },
      {
         "Quarter": "Q3 2016",
         "Expenditure in million GBP": "1274"
      },
      {
         "Quarter": "Q2 2016",
         "Expenditure in million GBP": "1203"
      },
      {
         "Quarter": "Q1 2016",
         "Expenditure in million GBP": "1186"
      },
      {
         "Quarter": "Q4 2015",
         "Expenditure in million GBP": "1125"
      },
      {
         "Quarter": "Q3 2015",
         "Expenditure in million GBP": "1111"
      },
      {
         "Quarter": "Q2 2015",
         "Expenditure in million GBP": "1054"
      },
      {
         "Quarter": "Q1 2015",
         "Expenditure in million GBP": "1030"
      },
      {
         "Quarter": "Q4 2014",
         "Expenditure in million GBP": "1091"
      },
      {
         "Quarter": "Q3 2014",
         "Expenditure in million GBP": "1087"
      },
      {
         "Quarter": "Q2 2014",
         "Expenditure in million GBP": "1092"
      },
      {
         "Quarter": "Q1 2014",
         "Expenditure in million GBP": "1039"
      },
      {
         "Quarter": "Q4 2013",
         "Expenditure in million GBP": "947"
      },
      {
         "Quarter": "Q3 2013",
         "Expenditure in million GBP": "903"
      },
      {
         "Quarter": "Q2 2013",
         "Expenditure in million GBP": "911"
      },
      {
         "Quarter": "Q1 2013",
         "Expenditure in million GBP": "925"
      }
   ],
   "gold": "This statistic shows consumer expenditure on garden , plants and flowers in the United Kingdom ( UK ) from 1st quarter 2013 to 2nd quarter 2019 , based on volume . In the 2nd quarter of 2019 , UK households purchased 1.47 billion British pounds worth of plants , flowers and other garden goods .\n"
}