{
   "title": "Great Britain : Divorce rate 2000 to 2017",
   "labels": [
      "Year",
      "England and Wales",
      "Scotland"
   ],
   "columnType": "multi",
   "graphType": "line",
   "summary": [
      "This statistic shows the Great Britain Divorce of the rate in the Great Britain from 2000 to 2017 . ",
      "In 2017 , the Great Britain Divorce of the Great Britain amounted to approximately 8.4 million ."
   ],
   "trends": [
      {
         "14": [
            "17",
            "0"
         ],
         "16": [
            "0",
            "0"
         ]
      },
      {
         "1": [
            "0",
            "0"
         ],
         "13": [
            "0",
            "1"
         ]
      }
   ],
   "data": [
      {
         "Year": "2017",
         "England and Wales": "8.4",
         "Scotland": "0"
      },
      {
         "Year": "2016",
         "England and Wales": "8.9",
         "Scotland": "0"
      },
      {
         "Year": "2015",
         "England and Wales": "8.5",
         "Scotland": "0"
      },
      {
         "Year": "2014",
         "England and Wales": "9.3",
         "Scotland": "0"
      },
      {
         "Year": "2013",
         "England and Wales": "9.8",
         "Scotland": "0"
      },
      {
         "Year": "2012",
         "England and Wales": "10.0",
         "Scotland": "0"
      },
      {
         "Year": "2011",
         "England and Wales": "10.1",
         "Scotland": "0"
      },
      {
         "Year": "2010",
         "England and Wales": "10.2",
         "Scotland": "0"
      },
      {
         "Year": "2009",
         "England and Wales": "9.8",
         "Scotland": "0"
      },
      {
         "Year": "2008",
         "England and Wales": "10.5",
         "Scotland": "11.1"
      },
      {
         "Year": "2007",
         "England and Wales": "11.1",
         "Scotland": "12.2"
      },
      {
         "Year": "2006",
         "England and Wales": "11.5",
         "Scotland": "12.4"
      },
      {
         "Year": "2005",
         "England and Wales": "12.2",
         "Scotland": "10.3"
      },
      {
         "Year": "2004",
         "England and Wales": "13.3",
         "Scotland": "10.5"
      },
      {
         "Year": "2003",
         "England and Wales": "13.3",
         "Scotland": "10.1"
      },
      {
         "Year": "2002",
         "England and Wales": "12.8",
         "Scotland": "10"
      },
      {
         "Year": "2001",
         "England and Wales": "12.9",
         "Scotland": "9.7"
      },
      {
         "Year": "2000",
         "England and Wales": "12.7",
         "Scotland": "10.3"
      }
   ],
   "gold": "This statistic shows the divorce rate in Great Britain from 2000 to 2017 . The divorce rate is defined as 'people divorcing per 1,000 married male/female population aged 16 and over ' _ . After increasing year on year from 2000 to 2004 ( a rise of 1.3 ) , the divorce rate dropped consistently until 2009 .\n"
}