{
   "title": "Omnicom Group 's revenue 2006 to 2018",
   "xAxis": "Year",
   "yAxis": "Revenue in billion U.S. dollars",
   "columnType": "two",
   "graphType": "line",
   "summaryType": "nlp",
   "summary": [
      "The statistic presents the global Revenue generated by the U.S. advertising giant Omnicom Group from 2006 to 2018 . ",
      "In 2018 , Omnicom Group 's global Revenue was 15.42 billion U.S. dollars , up from 15.27 billion a Year earlier ."
   ],
   "trends": [
      {
         "14": "12",
         "16": "0"
      },
      {
         "1": "0",
         "8": "2",
         "15": "1"
      }
   ],
   "data": [
      {
         "Year": "2018",
         "Revenue in billion U.S. dollars": "15.29"
      },
      {
         "Year": "2017",
         "Revenue in billion U.S. dollars": "15.27"
      },
      {
         "Year": "2016",
         "Revenue in billion U.S. dollars": "15.42"
      },
      {
         "Year": "2015",
         "Revenue in billion U.S. dollars": "15.13"
      },
      {
         "Year": "2014",
         "Revenue in billion U.S. dollars": "15.32"
      },
      {
         "Year": "2013",
         "Revenue in billion U.S. dollars": "14.58"
      },
      {
         "Year": "2012",
         "Revenue in billion U.S. dollars": "14.22"
      },
      {
         "Year": "2011",
         "Revenue in billion U.S. dollars": "13.87"
      },
      {
         "Year": "2010",
         "Revenue in billion U.S. dollars": "12.54"
      },
      {
         "Year": "2009",
         "Revenue in billion U.S. dollars": "11.72"
      },
      {
         "Year": "2008",
         "Revenue in billion U.S. dollars": "13.36"
      },
      {
         "Year": "2007",
         "Revenue in billion U.S. dollars": "12.69"
      },
      {
         "Year": "2006",
         "Revenue in billion U.S. dollars": "11.38"
      }
   ],
   "gold": "This statistic presents the global revenue of U.S. advertising network Omnicom from 2006 to 2018 . In 2018 , the Omnicom Group generated a global revenue of 15.29 billion U.S. dollars , slight increase from 15.27 billion a year earlier . Here you can find out which of Omnicom 's operating sectors generates the most revenue .\n"
}