{
   "title": "National Basketball Association highest-paid players ( salaries & endorsements ) 2019",
   "labels": [
      "Player",
      "Salary",
      "Endorsements"
   ],
   "columnType": "multi",
   "graphType": "bar",
   "summary": [
      "The statistic shows the results of a survey concerning the leading highest-paid National Basketball Association in 2019 . ",
      "LeBron_James_(Cleveland_Cavaliers) earned 35.7 million U.S. dollars in the players and 53 million U.S. dollars in 2019 ."
   ],
   "trends": [
      {},
      {
         "0": [
            "0",
            "0"
         ],
         "2": [
            "0",
            "1"
         ],
         "10": [
            "0",
            "2"
         ]
      }
   ],
   "data": [
      {
         "Player": "LeBron James (Cleveland Cavaliers)",
         "Salary": "35.7",
         "Endorsements": "53"
      },
      {
         "Player": "Stephen Curry (Golden State Warriors)",
         "Salary": "37.5",
         "Endorsements": "42"
      },
      {
         "Player": "Kevin Durant (Golden State Warriors)",
         "Salary": "30.0",
         "Endorsements": "35"
      },
      {
         "Player": "Russell Westbrook (Oklahoma City Thunder)",
         "Salary": "35.7",
         "Endorsements": "18"
      },
      {
         "Player": "James Harden (Houston Rockets)",
         "Salary": "30.4",
         "Endorsements": "17"
      },
      {
         "Player": "Chris Paul (Los Angeles Clippers)",
         "Salary": "35.7",
         "Endorsements": "8"
      },
      {
         "Player": "Giannis Antetokounmpo (Milwaukee Bucks)",
         "Salary": "24.2",
         "Endorsements": "19"
      },
      {
         "Player": "Damian Lillard (Portland Trail Blazers)",
         "Salary": "28.0",
         "Endorsements": "13"
      },
      {
         "Player": "Blake Griffin (Detroit Pistons)",
         "Salary": "32.1",
         "Endorsements": "7"
      },
      {
         "Player": "Paul George (Oklahoma City Thunder)",
         "Salary": "30.6",
         "Endorsements": "8"
      }
   ],
   "gold": "The graph shows the top-ten NBA players in terms of earnings ( salary & endorsement deals ) in 2019 . LeBron James was the top-earning player in the National Basketball Association in 2019 , with a salary of 35.7 million U.S. dollars and around 53 million U.S. dollars in off-court income . Highest paid NBA players \u2013 additional information NBA players have two main sources of revenues : salary from the team and endorsements .\n"
}