{
   "title": "Youth unemployment rate in Jordan in 2019",
   "xAxis": "Year",
   "yAxis": "Youth unemployment rate",
   "columnType": "two",
   "graphType": "line",
   "summaryType": "nlp",
   "summary": [
      "The statistic shows the Youth unemployment rate in Jordan from 1999 and 2019 . ",
      "According to the source , the data are ILO estimates . ",
      "In 2019 , the estimated Youth unemployment rate in Jordan was at 36.68 % ."
   ],
   "trends": [
      {
         "10": "20",
         "12": "0"
      },
      {},
      {
         "1": "0",
         "12": "0"
      }
   ],
   "data": [
      {
         "Year": "2019",
         "Youth unemployment rate": "36.68"
      },
      {
         "Year": "2018",
         "Youth unemployment rate": "37.24"
      },
      {
         "Year": "2017",
         "Youth unemployment rate": "34.86"
      },
      {
         "Year": "2016",
         "Youth unemployment rate": "35.63"
      },
      {
         "Year": "2015",
         "Youth unemployment rate": "30.9"
      },
      {
         "Year": "2014",
         "Youth unemployment rate": "28.43"
      },
      {
         "Year": "2013",
         "Youth unemployment rate": "29.87"
      },
      {
         "Year": "2012",
         "Youth unemployment rate": "28.84"
      },
      {
         "Year": "2011",
         "Youth unemployment rate": "30.03"
      },
      {
         "Year": "2010",
         "Youth unemployment rate": "28.88"
      },
      {
         "Year": "2009",
         "Youth unemployment rate": "29.12"
      },
      {
         "Year": "2008",
         "Youth unemployment rate": "28.51"
      },
      {
         "Year": "2007",
         "Youth unemployment rate": "29.04"
      },
      {
         "Year": "2006",
         "Youth unemployment rate": "30.45"
      },
      {
         "Year": "2005",
         "Youth unemployment rate": "31.75"
      },
      {
         "Year": "2004",
         "Youth unemployment rate": "31.37"
      },
      {
         "Year": "2003",
         "Youth unemployment rate": "31.06"
      },
      {
         "Year": "2002",
         "Youth unemployment rate": "32.62"
      },
      {
         "Year": "2001",
         "Youth unemployment rate": "31.08"
      },
      {
         "Year": "2000",
         "Youth unemployment rate": "29.4"
      },
      {
         "Year": "1999",
         "Youth unemployment rate": "29.65"
      }
   ],
   "gold": "The statistic shows the youth unemployment rate in Jordan from 1999 and 2019 . According to the source , the data are ILO estimates . In 2019 , the estimated youth unemployment rate in Jordan was at 36.68 percent .\n"
}