{
   "title": "Number of slot machines and other mobile gaming devices in casinos Nevada 1965 to 2018",
   "xAxis": "Year",
   "yAxis": "Number of slots in thousands",
   "columnType": "two",
   "graphType": "line",
   "summaryType": "nlp",
   "summary": [
      "This statistic shows the Number slots of the thousands casinos of the Number from 1965 to 2018 . ",
      "In 2018 , the Number of the Nevada was 164.1 thousands ."
   ],
   "trends": [
      {
         "15": "17",
         "17": "0"
      },
      {
         "1": "0",
         "9": "0"
      }
   ],
   "data": [
      {
         "Year": "2018",
         "Number of slots in thousands": "164.1"
      },
      {
         "Year": "2017",
         "Number of slots in thousands": "165.0"
      },
      {
         "Year": "2016",
         "Number of slots in thousands": "167.69"
      },
      {
         "Year": "2015",
         "Number of slots in thousands": "171.1"
      },
      {
         "Year": "2014",
         "Number of slots in thousands": "175.46"
      },
      {
         "Year": "2013",
         "Number of slots in thousands": "179.84"
      },
      {
         "Year": "2012",
         "Number of slots in thousands": "182.57"
      },
      {
         "Year": "2011",
         "Number of slots in thousands": "187.37"
      },
      {
         "Year": "2010",
         "Number of slots in thousands": "191.45"
      },
      {
         "Year": "2005",
         "Number of slots in thousands": "206.01"
      },
      {
         "Year": "2000",
         "Number of slots in thousands": "213.8"
      },
      {
         "Year": "1995",
         "Number of slots in thousands": "182.18"
      },
      {
         "Year": "1990",
         "Number of slots in thousands": "148.52"
      },
      {
         "Year": "1985",
         "Number of slots in thousands": "104.0"
      },
      {
         "Year": "1980",
         "Number of slots in thousands": "80.96"
      },
      {
         "Year": "1975",
         "Number of slots in thousands": "48.76"
      },
      {
         "Year": "1970",
         "Number of slots in thousands": "35.17"
      },
      {
         "Year": "1965",
         "Number of slots in thousands": "25.45"
      }
   ],
   "gold": "In the U.S. state of Nevada , there were approximately 164.1 thousand slot machines and other mobile gaming devices in casinos in 2018 . Since 1965 , this figure had been steadily increasing up until the year 2000 in which it also reached its peak with around 213 thousand slot machines and other mobile gaming devices in casinos . From 2000 on , the number of casino gaming devices in Nevada has been going down continuously .\n"
}