{
   "title": "Gross domestic product ( GDP ) per capita in the BRIC countries 2024",
   "labels": [
      "Year",
      "Brazil",
      "China",
      "India",
      "Russia"
   ],
   "columnType": "multi",
   "graphType": "line",
   "summary": [
      "The statistic shows the Gross domestic product GDP in the BRIC from 2014 to 2018 , with projections up until 2024 . ",
      "In 2018 , the average Gross domestic in BRIC amounted to about 8958.58 million compared to the previous Year ."
   ],
   "trends": [
      {
         "12": [
            "10",
            "0"
         ],
         "14": [
            "6",
            "0"
         ],
         "20": [
            "0",
            "0"
         ]
      },
      {
         "1": [
            "6",
            "0"
         ],
         "12": [
            "6",
            "1"
         ]
      }
   ],
   "data": [
      {
         "Year": "2024",
         "Brazil": "10606.46",
         "China": "14811.79",
         "India": "3209.67",
         "Russia": "13314.54"
      },
      {
         "Year": "2023",
         "Brazil": "10167.44",
         "China": "13723.67",
         "India": "2965.51",
         "Russia": "12728.11"
      },
      {
         "Year": "2022",
         "Brazil": "9738.0",
         "China": "12718.79",
         "India": "2737.15",
         "Russia": "12183.61"
      },
      {
         "Year": "2021",
         "Brazil": "9344.11",
         "China": "11773.1",
         "India": "2529.34",
         "Russia": "11704.55"
      },
      {
         "Year": "2020",
         "Brazil": "8955.65",
         "China": "10872.5",
         "India": "2338.12",
         "Russia": "11305.12"
      },
      {
         "Year": "2019",
         "Brazil": "8796.91",
         "China": "10098.87",
         "India": "2171.64",
         "Russia": "11162.65"
      },
      {
         "Year": "2018",
         "Brazil": "8958.58",
         "China": "9580.24",
         "India": "2037.69",
         "Russia": "11289.44"
      },
      {
         "Year": "2017",
         "Brazil": "9926.29",
         "China": "8677.4",
         "India": "2014.01",
         "Russia": "10750.81"
      },
      {
         "Year": "2016",
         "Brazil": "8751.18",
         "China": "8115.83",
         "India": "1761.63",
         "Russia": "8722.89"
      },
      {
         "Year": "2015",
         "Brazil": "8845.67",
         "China": "8166.76",
         "India": "1639.69",
         "Russia": "9261.68"
      },
      {
         "Year": "2014",
         "Brazil": "12175.96",
         "China": "7701.69",
         "India": "1610.36",
         "Russia": "14069.1"
      }
   ],
   "gold": "The statistic shows gross domestic product ( GDP ) per capita in the BRIC countries from 2014 to 2018 , with projections up until 2024 . GDP is the total value of all goods and services produced in a country in a year . It is considered to be a very important indicator of the economic strength of a country and a positive change is an indicator of economic growth .\n"
}