{
   "title": "Global distribution systems : company revenues 2017",
   "xAxis": "Company",
   "yAxis": "Revenue in billion U.S. dollars",
   "columnType": "two",
   "graphType": "bar",
   "summaryType": "nlp",
   "summary": [
      "The statistic shows the Global distribution systems company revenues Revenue in the 2017 in . ",
      "In that year , Amadeus was the Global distribution Company with a Revenue of 5.81 billion U.S. dollars ."
   ],
   "trends": [
      {},
      {
         "4": "0",
         "15": "0"
      }
   ],
   "data": [
      {
         "Company": "Amadeus",
         "Revenue in billion U.S. dollars": "5.81"
      },
      {
         "Company": "Sabre",
         "Revenue in billion U.S. dollars": "3.6"
      },
      {
         "Company": "Travelport",
         "Revenue in billion U.S. dollars": "2.45"
      }
   ],
   "gold": "This statistic shows the revenue of selected global distribution systems in 2017 . The global distribution system Amadeus generated a revenue of approximately 5.81 billion U.S. dollars ( 4.85 billion euros ) in 2017 . The revenue of Amadeus has been consistent over the last four years , remaining above 4.1 billion U.S. dollars .\n"
}