{
   "title": "India : number of internet users 2015 to 2023",
   "xAxis": "Year",
   "yAxis": "Number of internet users in millions",
   "columnType": "two",
   "graphType": "line",
   "summaryType": "nlp",
   "summary": [
      "This statistic provides information on the Number of internet users in India from 2015 to 2023 . ",
      "In 2018 , India had 483.0 millions internet users . ",
      "This figure is projected to grow 666.4 millions in 2023 ."
   ],
   "trends": [
      {
         "13": "8",
         "15": "0"
      },
      {
         "1": "5",
         "5": "5"
      },
      {
         "7": "0",
         "10": "0"
      }
   ],
   "data": [
      {
         "Year": "2023",
         "Number of internet users in millions": "666.4"
      },
      {
         "Year": "2022",
         "Number of internet users in millions": "634.9"
      },
      {
         "Year": "2021",
         "Number of internet users in millions": "601.0"
      },
      {
         "Year": "2020",
         "Number of internet users in millions": "564.5"
      },
      {
         "Year": "2019",
         "Number of internet users in millions": "525.3"
      },
      {
         "Year": "2018",
         "Number of internet users in millions": "483.0"
      },
      {
         "Year": "2017",
         "Number of internet users in millions": "437.4"
      },
      {
         "Year": "2016",
         "Number of internet users in millions": "295.39"
      },
      {
         "Year": "2015",
         "Number of internet users in millions": "259.88"
      }
   ],
   "gold": "In 2018 , India had 483 million internet users . This figure is projected to grow to 666.4 million internet users in 2023 . Despite the untapped potential , India already is the second-largest online market worldwide .\n"
}