{
   "title": "Cities with the most parkland per 1,000 residents in the U.S. 2018",
   "xAxis": "City",
   "yAxis": "Acres of parkland per 1,000 residents",
   "columnType": "two",
   "graphType": "bar",
   "summaryType": "nlp",
   "summary": [
      "This statistic shows the Cities most City per of Anchorage 1,000 U.S. 2018 in the United Kingdom ( UK ) in 2018 . ",
      "Anchorage had the highest Acres parkland , with 3012.8 per 1,000 of parkland , followed by Chesapeake with 228.1 per 1,000 ."
   ],
   "trends": [
      {
         "9": "0"
      },
      {
         "0": "0",
         "8": "0",
         "16": "1",
         "18": "1"
      }
   ],
   "data": [
      {
         "City": "Anchorage",
         "Acres of parkland per 1,000 residents": "3012.8"
      },
      {
         "City": "Chesapeake",
         "Acres of parkland per 1,000 residents": "228.1"
      },
      {
         "City": "Scottsdale",
         "Acres of parkland per 1,000 residents": "126.4"
      },
      {
         "City": "Fremont",
         "Acres of parkland per 1,000 residents": "106.0"
      },
      {
         "City": "Jacksonville",
         "Acres of parkland per 1,000 residents": "74.9"
      },
      {
         "City": "New Orleans",
         "Acres of parkland per 1,000 residents": "70.8"
      },
      {
         "City": "North Las Vegas",
         "Acres of parkland per 1,000 residents": "68.7"
      },
      {
         "City": "Honolulu",
         "Acres of parkland per 1,000 residents": "65.8"
      },
      {
         "City": "Virginia Beach",
         "Acres of parkland per 1,000 residents": "54.0"
      },
      {
         "City": "Nashville/Davidson",
         "Acres of parkland per 1,000 residents": "49.6"
      },
      {
         "City": "Albuquerque",
         "Acres of parkland per 1,000 residents": "47.2"
      },
      {
         "City": "El Paso",
         "Acres of parkland per 1,000 residents": "44.0"
      },
      {
         "City": "Irvine",
         "Acres of parkland per 1,000 residents": "42.8"
      },
      {
         "City": "Kansas City",
         "Acres of parkland per 1,000 residents": "35.7"
      },
      {
         "City": "Phoenix",
         "Acres of parkland per 1,000 residents": "30.7"
      }
   ],
   "gold": "This graph depicts the acres of parkland per 1,000 residents in the most populous cities in the United States in 2018 . In Scottsdale in 2018 , there were 126.4 acres of parkland per 1,000 residents .\n"
}