{
   "title": "Volume of bottled water in the U.S. 2010 to 2018",
   "xAxis": "Year",
   "yAxis": "Sales volume in billion dollars",
   "columnType": "two",
   "graphType": "line",
   "summaryType": "nlp",
   "summary": [
      "This statistic shows the Sales volume of the dollars bottled water U.S. from 2006 to 2018 . ",
      "In 2018 , the average Sales volume of U.S. stood at 13.85 dollars ."
   ],
   "trends": [
      {
         "13": "12",
         "15": "0"
      },
      {
         "1": "0",
         "11": "0"
      }
   ],
   "data": [
      {
         "Year": "2018",
         "Sales volume in billion dollars": "13.85"
      },
      {
         "Year": "2017",
         "Sales volume in billion dollars": "13.2"
      },
      {
         "Year": "2016",
         "Sales volume in billion dollars": "12.43"
      },
      {
         "Year": "2015",
         "Sales volume in billion dollars": "11.52"
      },
      {
         "Year": "2014",
         "Sales volume in billion dollars": "10.9"
      },
      {
         "Year": "2013",
         "Sales volume in billion dollars": "10.2"
      },
      {
         "Year": "2012",
         "Sales volume in billion dollars": "9.7"
      },
      {
         "Year": "2011",
         "Sales volume in billion dollars": "9.11"
      },
      {
         "Year": "2010",
         "Sales volume in billion dollars": "8.76"
      },
      {
         "Year": "2009",
         "Sales volume in billion dollars": "8.45"
      },
      {
         "Year": "2008",
         "Sales volume in billion dollars": "8.67"
      },
      {
         "Year": "2007",
         "Sales volume in billion dollars": "8.76"
      },
      {
         "Year": "2006",
         "Sales volume in billion dollars": "8.25"
      }
   ],
   "gold": "This timeline shows the sales volume of bottled water in the United States from 2006 to 2018 . According to the report , the volume of bottled water in the U.S. amounted to about 13.85 billion gallons in 2018 .\n"
}