{
   "title": "U.S. elementary and secondary schools : pupil-teacher ratio 1955 to 2028",
   "labels": [
      "Year",
      "Public",
      "Private"
   ],
   "columnType": "multi",
   "graphType": "line",
   "summary": [
      "How many U.S. students are there in the U.S. ? In 2017 , there were 16.1 million U.S. students in the U.S. enrolled in secondary colleges and 11.9 million students enrolled in schools colleges . ",
      "These figures are expected to increase 15.2 % and 11.4 % respectively by the Year 2028 . ",
      "The difference between secondary and schools colleges There are lots of different colleges and universities in the ratio , and one key aspect when students choose which U.S. to attend is whether it is a secondary or schools institution ."
   ],
   "trends": [
      {
         "11": [
            "11",
            "0"
         ],
         "15": [
            "11",
            "1"
         ],
         "27": [
            "11",
            "2"
         ]
      },
      {
         "16": [
            "0",
            "0"
         ]
      },
      {}
   ],
   "data": [
      {
         "Year": "2028",
         "Public": "15.2",
         "Private": "11.4"
      },
      {
         "Year": "2027",
         "Public": "15.3",
         "Private": "11.5"
      },
      {
         "Year": "2026",
         "Public": "15.3",
         "Private": "11.6"
      },
      {
         "Year": "2025",
         "Public": "15.4",
         "Private": "11.6"
      },
      {
         "Year": "2024",
         "Public": "15.5",
         "Private": "11.7"
      },
      {
         "Year": "2023",
         "Public": "15.6",
         "Private": "11.7"
      },
      {
         "Year": "2022",
         "Public": "15.7",
         "Private": "11.7"
      },
      {
         "Year": "2021",
         "Public": "15.8",
         "Private": "11.8"
      },
      {
         "Year": "2020",
         "Public": "15.8",
         "Private": "11.8"
      },
      {
         "Year": "2019",
         "Public": "15.9",
         "Private": "11.8"
      },
      {
         "Year": "2018",
         "Public": "16.0",
         "Private": "11.9"
      },
      {
         "Year": "2017",
         "Public": "16.1",
         "Private": "11.9"
      },
      {
         "Year": "2016",
         "Public": "16.0",
         "Private": "11.9"
      },
      {
         "Year": "2015",
         "Public": "16.0",
         "Private": "11.9"
      },
      {
         "Year": "2014",
         "Public": "16.1",
         "Private": "12.1"
      },
      {
         "Year": "2013",
         "Public": "16.1",
         "Private": "12.2"
      },
      {
         "Year": "2012",
         "Public": "16.0",
         "Private": "13.1"
      },
      {
         "Year": "2011",
         "Public": "16.0",
         "Private": "13.0"
      },
      {
         "Year": "2010",
         "Public": "16.0",
         "Private": "13.0"
      },
      {
         "Year": "2009",
         "Public": "15.4",
         "Private": "12.5"
      },
      {
         "Year": "2008",
         "Public": "15.3",
         "Private": "12.8"
      },
      {
         "Year": "2007",
         "Public": "15.4",
         "Private": "13.0"
      },
      {
         "Year": "2006",
         "Public": "15.6",
         "Private": "13.2"
      },
      {
         "Year": "2005",
         "Public": "15.6",
         "Private": "13.5"
      },
      {
         "Year": "2004",
         "Public": "15.8",
         "Private": "13.7"
      },
      {
         "Year": "2003",
         "Public": "15.9",
         "Private": "13.8"
      },
      {
         "Year": "2002",
         "Public": "15.9",
         "Private": "14.1"
      },
      {
         "Year": "2001",
         "Public": "15.9",
         "Private": "14.3"
      },
      {
         "Year": "2000",
         "Public": "16.0",
         "Private": "14.5"
      },
      {
         "Year": "1999",
         "Public": "16.1",
         "Private": "14.7"
      },
      {
         "Year": "1998",
         "Public": "16.4",
         "Private": "15.0"
      },
      {
         "Year": "1997",
         "Public": "16.8",
         "Private": "15.2"
      },
      {
         "Year": "1996",
         "Public": "17.1",
         "Private": "15.5"
      },
      {
         "Year": "1995",
         "Public": "17.3",
         "Private": "15.7"
      },
      {
         "Year": "1994",
         "Public": "17.3",
         "Private": "16.2"
      },
      {
         "Year": "1993",
         "Public": "17.4",
         "Private": "16.7"
      },
      {
         "Year": "1992",
         "Public": "17.4",
         "Private": "16.1"
      },
      {
         "Year": "1991",
         "Public": "17.3",
         "Private": "15.6"
      },
      {
         "Year": "1990",
         "Public": "17.2",
         "Private": "15.6"
      },
      {
         "Year": "1989",
         "Public": "17.2",
         "Private": "15.7"
      },
      {
         "Year": "1988",
         "Public": "17.3",
         "Private": "15.2"
      },
      {
         "Year": "1987",
         "Public": "17.6",
         "Private": "15.6"
      },
      {
         "Year": "1986",
         "Public": "17.7",
         "Private": "15.7"
      },
      {
         "Year": "1985",
         "Public": "17.9",
         "Private": "16.2"
      },
      {
         "Year": "1984",
         "Public": "18.1",
         "Private": "16.8"
      },
      {
         "Year": "1983",
         "Public": "18.4",
         "Private": "17.0"
      },
      {
         "Year": "1982",
         "Public": "18.6",
         "Private": "17.2"
      },
      {
         "Year": "1981",
         "Public": "18.8",
         "Private": "17.6"
      },
      {
         "Year": "1980",
         "Public": "18.7",
         "Private": "17.7"
      },
      {
         "Year": "1979",
         "Public": "19.1",
         "Private": "18.1"
      },
      {
         "Year": "1978",
         "Public": "19.3",
         "Private": "18.7"
      },
      {
         "Year": "1977",
         "Public": "19.7",
         "Private": "18.4"
      },
      {
         "Year": "1976",
         "Public": "20.2",
         "Private": "19.3"
      },
      {
         "Year": "1975",
         "Public": "20.4",
         "Private": "19.6"
      },
      {
         "Year": "1974",
         "Public": "20.8",
         "Private": "20.4"
      },
      {
         "Year": "1973",
         "Public": "21.3",
         "Private": "21.2"
      },
      {
         "Year": "1972",
         "Public": "21.7",
         "Private": "21.6"
      },
      {
         "Year": "1971",
         "Public": "22.3",
         "Private": "22.6"
      },
      {
         "Year": "1970",
         "Public": "22.3",
         "Private": "23.0"
      },
      {
         "Year": "1965",
         "Public": "24.7",
         "Private": "28.3"
      },
      {
         "Year": "1960",
         "Public": "25.8",
         "Private": "30.7"
      },
      {
         "Year": "1955",
         "Public": "26.9",
         "Private": "31.7"
      }
   ],
   "gold": "This graph shows the pupil-teacher ratio in public and private elementary and secondary schools in the United States from 1955 to 2016 with additional projection until 2028 . The pupil-teacher ratio for private schools in 2016 was 11.9 .\n"
}