{
   "title": "Urbanization in the United Arab Emirates 2018",
   "xAxis": "Year",
   "yAxis": "Share of urban population in total population",
   "columnType": "two",
   "graphType": "line",
   "summaryType": "nlp",
   "summary": [
      "This statistic shows the degree of Urbanization in United Arab Emirates from 2008 to 2018 . ",
      "Urbanization means the Share of urban population in the total population of a country . ",
      "In 2018 , 86.52 % of United Arab Emirates 's total population lived in urban areas and cities ."
   ],
   "trends": [
      {
         "10": "10",
         "12": "0"
      },
      {},
      {
         "1": "0",
         "3": "0"
      }
   ],
   "data": [
      {
         "Year": "2018",
         "Share of urban population in total population": "86.52"
      },
      {
         "Year": "2017",
         "Share of urban population in total population": "86.25"
      },
      {
         "Year": "2016",
         "Share of urban population in total population": "85.97"
      },
      {
         "Year": "2015",
         "Share of urban population in total population": "85.67"
      },
      {
         "Year": "2014",
         "Share of urban population in total population": "85.38"
      },
      {
         "Year": "2013",
         "Share of urban population in total population": "85.07"
      },
      {
         "Year": "2012",
         "Share of urban population in total population": "84.75"
      },
      {
         "Year": "2011",
         "Share of urban population in total population": "84.42"
      },
      {
         "Year": "2010",
         "Share of urban population in total population": "84.09"
      },
      {
         "Year": "2009",
         "Share of urban population in total population": "83.74"
      },
      {
         "Year": "2008",
         "Share of urban population in total population": "83.38"
      }
   ],
   "gold": "This statistic shows the degree of urbanization in the United Arab Emirates from 2008 to 2018 . Urbanization means the share of urban population in the total population of a country . In 2018 , 86.52 percent of United Arab Emirates ' total population lived in urban areas and cities .\n"
}