{
   "title": "Gross domestic product ( GDP ) growth rate in Finland 2024",
   "xAxis": "Year",
   "yAxis": "GDP growth compared to previous year",
   "columnType": "two",
   "graphType": "line",
   "summaryType": "nlp",
   "summary": [
      "The statistic shows the growth in real GDP in Finland from 2014 to 2018 , with projections up until 2024 . ",
      "In 2018 , Finland 's real Gross domestic product increased by around 1.66 % compared to the previous Year ."
   ],
   "trends": [
      {
         "11": "10",
         "13": "6",
         "19": "0"
      },
      {
         "1": "6",
         "12": "6"
      }
   ],
   "data": [
      {
         "Year": "2024",
         "GDP growth compared to previous year": "1.35"
      },
      {
         "Year": "2023",
         "GDP growth compared to previous year": "1.34"
      },
      {
         "Year": "2022",
         "GDP growth compared to previous year": "1.39"
      },
      {
         "Year": "2021",
         "GDP growth compared to previous year": "1.47"
      },
      {
         "Year": "2020",
         "GDP growth compared to previous year": "1.47"
      },
      {
         "Year": "2019",
         "GDP growth compared to previous year": "1.24"
      },
      {
         "Year": "2018",
         "GDP growth compared to previous year": "1.66"
      },
      {
         "Year": "2017",
         "GDP growth compared to previous year": "3.04"
      },
      {
         "Year": "2016",
         "GDP growth compared to previous year": "2.77"
      },
      {
         "Year": "2015",
         "GDP growth compared to previous year": "0.5"
      },
      {
         "Year": "2014",
         "GDP growth compared to previous year": "-0.63"
      }
   ],
   "gold": "The statistic shows the growth in real GDP in Finland from 2014 to 2018 , with projections up until 2024 . In 2018 , Finland 's real gross domestic product increased by around 1.66 percent compared to the previous year .\n"
}