{
   "title": "Inflation rate in India 2024",
   "xAxis": "Year",
   "yAxis": "Inflation rate compared to previous year",
   "columnType": "two",
   "graphType": "line",
   "summaryType": "nlp",
   "summary": [
      "This statistic shows the average Inflation rate in India from 1984 to 2018 , with projections up until 2024 . ",
      "In 2018 , the average Inflation rate in India amounted to about 3.43 % compared to the previous Year ."
   ],
   "trends": [
      {
         "10": "40",
         "12": "6",
         "18": "0"
      },
      {
         "1": "6",
         "12": "6"
      }
   ],
   "data": [
      {
         "Year": "2024",
         "Inflation rate compared to previous year": "3.97"
      },
      {
         "Year": "2023",
         "Inflation rate compared to previous year": "3.98"
      },
      {
         "Year": "2022",
         "Inflation rate compared to previous year": "4.05"
      },
      {
         "Year": "2021",
         "Inflation rate compared to previous year": "4.07"
      },
      {
         "Year": "2020",
         "Inflation rate compared to previous year": "4.09"
      },
      {
         "Year": "2019",
         "Inflation rate compared to previous year": "3.44"
      },
      {
         "Year": "2018",
         "Inflation rate compared to previous year": "3.43"
      },
      {
         "Year": "2017",
         "Inflation rate compared to previous year": "3.6"
      },
      {
         "Year": "2016",
         "Inflation rate compared to previous year": "4.5"
      },
      {
         "Year": "2015",
         "Inflation rate compared to previous year": "4.9"
      },
      {
         "Year": "2014",
         "Inflation rate compared to previous year": "5.8"
      },
      {
         "Year": "2013",
         "Inflation rate compared to previous year": "9.4"
      },
      {
         "Year": "2012",
         "Inflation rate compared to previous year": "10"
      },
      {
         "Year": "2011",
         "Inflation rate compared to previous year": "9.5"
      },
      {
         "Year": "2010",
         "Inflation rate compared to previous year": "10.53"
      },
      {
         "Year": "2009",
         "Inflation rate compared to previous year": "12.31"
      },
      {
         "Year": "2008",
         "Inflation rate compared to previous year": "9.09"
      },
      {
         "Year": "2007",
         "Inflation rate compared to previous year": "6.2"
      },
      {
         "Year": "2006",
         "Inflation rate compared to previous year": "6.7"
      },
      {
         "Year": "2005",
         "Inflation rate compared to previous year": "4.4"
      },
      {
         "Year": "2004",
         "Inflation rate compared to previous year": "3.82"
      },
      {
         "Year": "2003",
         "Inflation rate compared to previous year": "3.86"
      },
      {
         "Year": "2002",
         "Inflation rate compared to previous year": "3.98"
      },
      {
         "Year": "2001",
         "Inflation rate compared to previous year": "4.31"
      },
      {
         "Year": "2000",
         "Inflation rate compared to previous year": "3.83"
      },
      {
         "Year": "1999",
         "Inflation rate compared to previous year": "5.7"
      },
      {
         "Year": "1998",
         "Inflation rate compared to previous year": "13.13"
      },
      {
         "Year": "1997",
         "Inflation rate compared to previous year": "6.84"
      },
      {
         "Year": "1996",
         "Inflation rate compared to previous year": "9.43"
      },
      {
         "Year": "1995",
         "Inflation rate compared to previous year": "9.96"
      },
      {
         "Year": "1994",
         "Inflation rate compared to previous year": "10.28"
      },
      {
         "Year": "1993",
         "Inflation rate compared to previous year": "7.28"
      },
      {
         "Year": "1992",
         "Inflation rate compared to previous year": "9.86"
      },
      {
         "Year": "1991",
         "Inflation rate compared to previous year": "13.48"
      },
      {
         "Year": "1990",
         "Inflation rate compared to previous year": "11.2"
      },
      {
         "Year": "1989",
         "Inflation rate compared to previous year": "4.57"
      },
      {
         "Year": "1988",
         "Inflation rate compared to previous year": "7.21"
      },
      {
         "Year": "1987",
         "Inflation rate compared to previous year": "9.06"
      },
      {
         "Year": "1986",
         "Inflation rate compared to previous year": "8.89"
      },
      {
         "Year": "1985",
         "Inflation rate compared to previous year": "6.25"
      },
      {
         "Year": "1984",
         "Inflation rate compared to previous year": "6.52"
      }
   ],
   "gold": "The statistic shows the inflation rate in India from 1984 to 2018 , with projections up until 2024 . The inflation rate is calculated using the price increase of a defined product basket . This product basket contains products and services , on which the average consumer spends money throughout the year .\n"
}