{
   "title": "Death from amphetamine drug use in England and Wales 1993 to 2018",
   "xAxis": "Year",
   "yAxis": "Number of deaths",
   "columnType": "two",
   "graphType": "line",
   "summaryType": "nlp",
   "summary": [
      "In 2018 , 100 people died as a result of drug amphetamine in England and Wales , this was by far the highest amount of recorded deaths in the 25-year period shown . ",
      "Since the turn of the century , the Number of deaths has remained relatively high apart from a drastic fall in 2010 and 2011 before subsequently rising again . ",
      "Seriousness of MDMA offences In the United Kingdom ( UK ) MDMA is categorized as a class drug which means it carries the most severe penalties for both possession and supply ."
   ],
   "trends": [
      {
         "1": "0",
         "3": "0"
      },
      {
         "21": "8",
         "23": "7"
      },
      {}
   ],
   "data": [
      {
         "Year": "2018",
         "Number of deaths": "100"
      },
      {
         "Year": "2017",
         "Number of deaths": "91"
      },
      {
         "Year": "2016",
         "Number of deaths": "96"
      },
      {
         "Year": "2015",
         "Number of deaths": "90"
      },
      {
         "Year": "2014",
         "Number of deaths": "85"
      },
      {
         "Year": "2013",
         "Number of deaths": "56"
      },
      {
         "Year": "2012",
         "Number of deaths": "49"
      },
      {
         "Year": "2011",
         "Number of deaths": "46"
      },
      {
         "Year": "2010",
         "Number of deaths": "48"
      },
      {
         "Year": "2009",
         "Number of deaths": "50"
      },
      {
         "Year": "2008",
         "Number of deaths": "59"
      },
      {
         "Year": "2007",
         "Number of deaths": "50"
      },
      {
         "Year": "2006",
         "Number of deaths": "49"
      },
      {
         "Year": "2005",
         "Number of deaths": "50"
      },
      {
         "Year": "2004",
         "Number of deaths": "43"
      },
      {
         "Year": "2003",
         "Number of deaths": "33"
      },
      {
         "Year": "2002",
         "Number of deaths": "51"
      },
      {
         "Year": "2001",
         "Number of deaths": "28"
      },
      {
         "Year": "2000",
         "Number of deaths": "40"
      },
      {
         "Year": "1999",
         "Number of deaths": "67"
      },
      {
         "Year": "1998",
         "Number of deaths": "48"
      },
      {
         "Year": "1997",
         "Number of deaths": "41"
      },
      {
         "Year": "1996",
         "Number of deaths": "33"
      },
      {
         "Year": "1995",
         "Number of deaths": "35"
      },
      {
         "Year": "1994",
         "Number of deaths": "19"
      },
      {
         "Year": "1993",
         "Number of deaths": "37"
      }
   ],
   "gold": "In 2018 , there were 100 amphetamine-related deaths in England and Wales . Although this is a slight decrease from the preceding year , the number of deaths as a result of amphetamine use has sharply increased in recent years . The number of deaths remained around 50 a year before jumping to 85 mortalities in 2014 .\n"
}