{
   "title": "Dallas Mavericks ' revenue 2001 to 2019",
   "xAxis": "Year",
   "yAxis": "Revenue in million U.S. dollars",
   "columnType": "two",
   "graphType": "line",
   "summaryType": "nlp",
   "summary": [
      "The statistic shows the Revenue of the Mavericks franchise from the 2001/02 season to the 2018/19 season . ",
      "In 2018/19 , the estimated Revenue of the National Basketball Association franchise amounted to 307 million U.S. dollars ."
   ],
   "trends": [
      {
         "11": "17",
         "15": "0"
      },
      {
         "1": "0",
         "14": "0"
      }
   ],
   "data": [
      {
         "Year": "2018/19",
         "Revenue in million U.S. dollars": "307"
      },
      {
         "Year": "2017/18",
         "Revenue in million U.S. dollars": "287"
      },
      {
         "Year": "2016/17",
         "Revenue in million U.S. dollars": "233"
      },
      {
         "Year": "2015/16",
         "Revenue in million U.S. dollars": "194"
      },
      {
         "Year": "2014/15",
         "Revenue in million U.S. dollars": "177"
      },
      {
         "Year": "2013/14",
         "Revenue in million U.S. dollars": "168"
      },
      {
         "Year": "2012/13",
         "Revenue in million U.S. dollars": "162"
      },
      {
         "Year": "2011/12",
         "Revenue in million U.S. dollars": "137"
      },
      {
         "Year": "2010/11",
         "Revenue in million U.S. dollars": "166"
      },
      {
         "Year": "2009/10",
         "Revenue in million U.S. dollars": "146"
      },
      {
         "Year": "2008/09",
         "Revenue in million U.S. dollars": "154"
      },
      {
         "Year": "2007/08",
         "Revenue in million U.S. dollars": "153"
      },
      {
         "Year": "2006/07",
         "Revenue in million U.S. dollars": "140"
      },
      {
         "Year": "2005/06",
         "Revenue in million U.S. dollars": "140"
      },
      {
         "Year": "2004/05",
         "Revenue in million U.S. dollars": "124"
      },
      {
         "Year": "2003/04",
         "Revenue in million U.S. dollars": "117"
      },
      {
         "Year": "2002/03",
         "Revenue in million U.S. dollars": "117"
      },
      {
         "Year": "2001/02",
         "Revenue in million U.S. dollars": "105"
      }
   ],
   "gold": "The statistic shows the revenue of the Dallas Mavericks franchise from the 2001/02 season to the 2018/19 season . In 2018/19 , the estimated revenue of the National Basketball Association franchise amounted to 307 million U.S. dollars .\n"
}