{
   "title": "Most visited Smithsonian museums and institutions in the U.S. 2018",
   "xAxis": "Smithsonian Museums",
   "yAxis": "Number of visits in millions",
   "columnType": "two",
   "graphType": "bar",
   "summaryType": "nlp",
   "summary": [
      "Total visits , National_Air_and_Space_Museum's_Steven_F._Udvar-Hazy_Center and National_Museum_of_Natural_History were the most National_Zoo and with the highest Number of people , with 6.2 millions . ",
      "The Number of visits who have experienced Most since National_Museum_of_Natural_History with 4.8 millions visits , respectively ."
   ],
   "trends": [
      {
         "3": "0",
         "5": "2",
         "9": "7",
         "19": "0"
      },
      {
         "9": "2",
         "11": "2"
      }
   ],
   "data": [
      {
         "Smithsonian Museums": "National Air and Space Museum's Steven F. Udvar-Hazy Center",
         "Number of visits in millions": "6.2"
      },
      {
         "Smithsonian Museums": "National Air and Space Museum",
         "Number of visits in millions": "6.2"
      },
      {
         "Smithsonian Museums": "National Museum of Natural History",
         "Number of visits in millions": "4.8"
      },
      {
         "Smithsonian Museums": "National Museum of American History",
         "Number of visits in millions": "4.1"
      },
      {
         "Smithsonian Museums": "Smithsonian American Art Museum (With the Renwick Gallery)",
         "Number of visits in millions": "3.15"
      },
      {
         "Smithsonian Museums": "National Portrait Gallery",
         "Number of visits in millions": "2.3"
      },
      {
         "Smithsonian Museums": "National Museum of African American History and Culture",
         "Number of visits in millions": "1.9"
      },
      {
         "Smithsonian Museums": "National Zoo",
         "Number of visits in millions": "1.8"
      },
      {
         "Smithsonian Museums": "National Museum of the American Indian (Washington D.C.)",
         "Number of visits in millions": "1.1"
      },
      {
         "Smithsonian Museums": "Smithsonian Institution Building \"The Castle\"",
         "Number of visits in millions": "1.0"
      },
      {
         "Smithsonian Museums": "Hirshhorn Museum and Sculpture Garden",
         "Number of visits in millions": "0.88"
      },
      {
         "Smithsonian Museums": "Renwick Gallery of the Smithsonian American Art Museum",
         "Number of visits in millions": "0.71"
      },
      {
         "Smithsonian Museums": "National Postal Museum",
         "Number of visits in millions": "0.5"
      },
      {
         "Smithsonian Museums": "National Museum of the American Indian Heye Center (New York City)",
         "Number of visits in millions": "0.41"
      },
      {
         "Smithsonian Museums": "Cooper Hewitt Smithsonian Design Museum",
         "Number of visits in millions": "0.32"
      },
      {
         "Smithsonian Museums": "Freer Gallery of Art",
         "Number of visits in millions": "0.24"
      },
      {
         "Smithsonian Museums": "National Museum of African Art",
         "Number of visits in millions": "0.14"
      },
      {
         "Smithsonian Museums": "S. Dillon Ripley Center",
         "Number of visits in millions": "0.13"
      },
      {
         "Smithsonian Museums": "Arthur M. Sackler Gallery",
         "Number of visits in millions": "0.13"
      }
   ],
   "gold": "This statistic shows the most visited Smithsonian museums and institutions in the United States in 2018 . The National Air and Space Museum was the most visited Smithsonian museum in 2018 , with approximately 6.2 million visits . Smithsonian museums \u2013additional information The Smithsonian museums are part of the Smithsonian Institution which belongs to the United States government .\n"
}