{
   "title": "Participants in tackle football in the U.S. from 2006 to 2018",
   "xAxis": "Year",
   "yAxis": "Number of participants in millions",
   "columnType": "two",
   "graphType": "line",
   "summaryType": "nlp",
   "summary": [
      "This statistic shows the Number of participants in tackle the football U.S. 2006 to 2018 . ",
      "In 2018 , the Number of participants ( aged six years and older ) in tackle amounted to approximately 5.16 millions ."
   ],
   "trends": [
      {
         "13": "12",
         "15": "0"
      },
      {
         "1": "0",
         "19": "0"
      }
   ],
   "data": [
      {
         "Year": "2018",
         "Number of participants in millions": "5.16"
      },
      {
         "Year": "2017",
         "Number of participants in millions": "5.22"
      },
      {
         "Year": "2016",
         "Number of participants in millions": "5.48"
      },
      {
         "Year": "2015",
         "Number of participants in millions": "6.22"
      },
      {
         "Year": "2014",
         "Number of participants in millions": "5.98"
      },
      {
         "Year": "2013",
         "Number of participants in millions": "6.17"
      },
      {
         "Year": "2012",
         "Number of participants in millions": "6.45"
      },
      {
         "Year": "2011",
         "Number of participants in millions": "5.99"
      },
      {
         "Year": "2010",
         "Number of participants in millions": "6.91"
      },
      {
         "Year": "2009",
         "Number of participants in millions": "6.79"
      },
      {
         "Year": "2008",
         "Number of participants in millions": "7.69"
      },
      {
         "Year": "2007",
         "Number of participants in millions": "7.94"
      },
      {
         "Year": "2006",
         "Number of participants in millions": "8.4"
      }
   ],
   "gold": "The number of people over the age of six participating in tackle football in the United States amounted to approximately 5.16 million in 2018 . Tackle football vs flag football Football is a popular recreational sport in the United States - for adults , adolescents and children alike . Played with almost the same rules as professional football , children can start playing tackle football around the age of five .\n"
}