{
   "title": "Top hashtags used by U.S. Congress Democrats in 2019",
   "xAxis": "Hashtag",
   "yAxis": "Total number of mentions",
   "columnType": "two",
   "graphType": "bar",
   "summaryType": "nlp",
   "summary": [
      "This statistic gives information on the Top hashtags used #forthepeople by in the U.S. as of 2019 , ranked by far the largest Top Total of people . ",
      "It was #forthepeople , with over 6961 million mentions in 2019 ."
   ],
   "trends": [
      {
         "9": "0"
      },
      {
         "2": "0",
         "6": "0"
      }
   ],
   "data": [
      {
         "Hashtag": "#forthepeople",
         "Total number of mentions": "6961"
      },
      {
         "Hashtag": "#trumpshutdown",
         "Total number of mentions": "3992"
      },
      {
         "Hashtag": "#protectourcare",
         "Total number of mentions": "2810"
      },
      {
         "Hashtag": "#endgunviolence",
         "Total number of mentions": "2342"
      },
      {
         "Hashtag": "#hr8",
         "Total number of mentions": "2206"
      },
      {
         "Hashtag": "#actonclimate",
         "Total number of mentions": "2206"
      },
      {
         "Hashtag": "#endtheshutdown",
         "Total number of mentions": "1769"
      },
      {
         "Hashtag": "#sotu",
         "Total number of mentions": "1767"
      },
      {
         "Hashtag": "#equalityact",
         "Total number of mentions": "1720"
      },
      {
         "Hashtag": "#hr1",
         "Total number of mentions": "1683"
      }
   ],
   "gold": "This statistic presents the top hashtags used by Democratic members of United States Congress in 2019 . According to the findings , the most popular hashtag used by Democratic members of Congress was `` # forthepeople '' . Democratic members of Congress quoted this hashtag a total of 6,961 times .\n"
}