{
   "title": "Player expenses ( payroll ) of Seattle Sounders FC 2019",
   "xAxis": "Seattle Sounders Players",
   "yAxis": "Payroll in thousand U.S. dollars",
   "columnType": "two",
   "graphType": "bar",
   "summaryType": "nlp",
   "summary": [
      "The statistic shows the Player expenses ( Payroll ) of the Seattle Sounders FC of Major League Soccer by Player in 2019 . ",
      "Nicolas_Lodeiro received a salary of 2502.5 thousand U.S. dollars ."
   ],
   "trends": [
      {},
      {
         "0": "0",
         "5": "0"
      }
   ],
   "data": [
      {
         "Seattle Sounders Players": "Nicolas Lodeiro",
         "Payroll in thousand U.S. dollars": "2502.5"
      },
      {
         "Seattle Sounders Players": "Raul Ruidiaz",
         "Payroll in thousand U.S. dollars": "1800.0"
      },
      {
         "Seattle Sounders Players": "Victor Rodriguez",
         "Payroll in thousand U.S. dollars": "1087.5"
      },
      {
         "Seattle Sounders Players": "Kim Kee-Hee",
         "Payroll in thousand U.S. dollars": "772.0"
      },
      {
         "Seattle Sounders Players": "Roman Torres",
         "Payroll in thousand U.S. dollars": "740.0"
      },
      {
         "Seattle Sounders Players": "Jordan Morris",
         "Payroll in thousand U.S. dollars": "619.6"
      },
      {
         "Seattle Sounders Players": "Gustav Svensson",
         "Payroll in thousand U.S. dollars": "600.0"
      },
      {
         "Seattle Sounders Players": "Kelvin Leerdam",
         "Payroll in thousand U.S. dollars": "600.0"
      },
      {
         "Seattle Sounders Players": "Cristian Roldan",
         "Payroll in thousand U.S. dollars": "596.54"
      },
      {
         "Seattle Sounders Players": "Brad Smith",
         "Payroll in thousand U.S. dollars": "564.37"
      },
      {
         "Seattle Sounders Players": "Joevin Jones",
         "Payroll in thousand U.S. dollars": "528.67"
      },
      {
         "Seattle Sounders Players": "Xavier Arreaga",
         "Payroll in thousand U.S. dollars": "500.85"
      },
      {
         "Seattle Sounders Players": "Will Bruin",
         "Payroll in thousand U.S. dollars": "358.33"
      },
      {
         "Seattle Sounders Players": "Stefan Frei",
         "Payroll in thousand U.S. dollars": "337.5"
      },
      {
         "Seattle Sounders Players": "Harry Shipp",
         "Payroll in thousand U.S. dollars": "235.0"
      },
      {
         "Seattle Sounders Players": "Daniel Leyva",
         "Payroll in thousand U.S. dollars": "89.87"
      },
      {
         "Seattle Sounders Players": "Alfonso Ocampo-Chavez",
         "Payroll in thousand U.S. dollars": "85.75"
      },
      {
         "Seattle Sounders Players": "Bryan Meredith",
         "Payroll in thousand U.S. dollars": "70.88"
      },
      {
         "Seattle Sounders Players": "Jordy Delem",
         "Payroll in thousand U.S. dollars": "70.88"
      },
      {
         "Seattle Sounders Players": "Nouhou Tolo",
         "Payroll in thousand U.S. dollars": "70.73"
      },
      {
         "Seattle Sounders Players": "Henry Wingo",
         "Payroll in thousand U.S. dollars": "70.25"
      },
      {
         "Seattle Sounders Players": "Jonathan Campbell",
         "Payroll in thousand U.S. dollars": "70.25"
      },
      {
         "Seattle Sounders Players": "Saad Abdul-Salaam",
         "Payroll in thousand U.S. dollars": "70.25"
      },
      {
         "Seattle Sounders Players": "Trey Muse",
         "Payroll in thousand U.S. dollars": "65.0"
      },
      {
         "Seattle Sounders Players": "Alex Roldan",
         "Payroll in thousand U.S. dollars": "57.23"
      },
      {
         "Seattle Sounders Players": "Handwalla Bwana",
         "Payroll in thousand U.S. dollars": "57.23"
      }
   ],
   "gold": "The statistic shows the player expenses ( payroll ) of Seattle Sounders FC of Major League Soccer by player in 2019 . Nicolas Lodeiro received a salary of 2.5 million U.S. dollars .\n"
}