{
   "title": "Unemployment rate in Turkey 2019",
   "xAxis": "Year",
   "yAxis": "Unemployment rate",
   "columnType": "two",
   "graphType": "line",
   "summaryType": "nlp",
   "summary": [
      "This statistic shows the Unemployment rate in Turkey from 1999 to 2019 . ",
      "In 2019 , the Unemployment rate in Turkey was at approximately 11.9 % ."
   ],
   "trends": [
      {
         "9": "20",
         "11": "0"
      },
      {
         "1": "0",
         "11": "0"
      }
   ],
   "data": [
      {
         "Year": "2019",
         "Unemployment rate": "11.9"
      },
      {
         "Year": "2018",
         "Unemployment rate": "10.9"
      },
      {
         "Year": "2017",
         "Unemployment rate": "10.82"
      },
      {
         "Year": "2016",
         "Unemployment rate": "10.84"
      },
      {
         "Year": "2015",
         "Unemployment rate": "10.24"
      },
      {
         "Year": "2014",
         "Unemployment rate": "9.88"
      },
      {
         "Year": "2013",
         "Unemployment rate": "8.73"
      },
      {
         "Year": "2012",
         "Unemployment rate": "8.15"
      },
      {
         "Year": "2011",
         "Unemployment rate": "8.8"
      },
      {
         "Year": "2010",
         "Unemployment rate": "10.66"
      },
      {
         "Year": "2009",
         "Unemployment rate": "12.55"
      },
      {
         "Year": "2008",
         "Unemployment rate": "9.71"
      },
      {
         "Year": "2007",
         "Unemployment rate": "8.87"
      },
      {
         "Year": "2006",
         "Unemployment rate": "8.72"
      },
      {
         "Year": "2005",
         "Unemployment rate": "10.64"
      },
      {
         "Year": "2004",
         "Unemployment rate": "10.84"
      },
      {
         "Year": "2003",
         "Unemployment rate": "10.54"
      },
      {
         "Year": "2002",
         "Unemployment rate": "10.36"
      },
      {
         "Year": "2001",
         "Unemployment rate": "8.38"
      },
      {
         "Year": "2000",
         "Unemployment rate": "6.5"
      },
      {
         "Year": "1999",
         "Unemployment rate": "7.69"
      }
   ],
   "gold": "The statistic shows the unemployment rate in Turkey from 1999 to 2019 . In 2019 , the unemployment rate in Turkey was at about 11.9 percent . Trade in Turkey Turkey is a growing market and recognized as one of the world 's newest industrialized countries .\n"
}