{
   "title": "Number of road deaths in Switzerland 2006 to 2018",
   "xAxis": "Year",
   "yAxis": "Number of fatalities",
   "columnType": "two",
   "graphType": "line",
   "summaryType": "nlp",
   "summary": [
      "The statistic shows the Number of fatalities due to Number in the road from 2006 to 2018 . ",
      "In 2018 , there were a total of 233 fatalities reported due to Number in the road ."
   ],
   "trends": [
      {
         "14": "12",
         "16": "0"
      },
      {
         "1": "0",
         "8": "0"
      }
   ],
   "data": [
      {
         "Year": "2018",
         "Number of fatalities": "233"
      },
      {
         "Year": "2017",
         "Number of fatalities": "230"
      },
      {
         "Year": "2016",
         "Number of fatalities": "216"
      },
      {
         "Year": "2015",
         "Number of fatalities": "253"
      },
      {
         "Year": "2014",
         "Number of fatalities": "243"
      },
      {
         "Year": "2013",
         "Number of fatalities": "269"
      },
      {
         "Year": "2012",
         "Number of fatalities": "339"
      },
      {
         "Year": "2011",
         "Number of fatalities": "320"
      },
      {
         "Year": "2010",
         "Number of fatalities": "327"
      },
      {
         "Year": "2009",
         "Number of fatalities": "349"
      },
      {
         "Year": "2008",
         "Number of fatalities": "357"
      },
      {
         "Year": "2007",
         "Number of fatalities": "384"
      },
      {
         "Year": "2006",
         "Number of fatalities": "370"
      }
   ],
   "gold": "In 2018 , 233 fatalities were recorded on Swiss roads . Between 2006 and 2018 , traffic related deaths declined by over one third , with the lowest number seen in 2016 at 216 such incidences . Switzerland was one of the safest countries in Europe for road users .\n"
}