{
   "title": "Youth unemployment rate in Botswana in 2019",
   "xAxis": "Year",
   "yAxis": "Youth unemployment rate",
   "columnType": "two",
   "graphType": "line",
   "summaryType": "nlp",
   "summary": [
      "The statistic shows the Youth unemployment rate in Botswana from 1999 and 2019 . ",
      "According to the source , the data are ILO estimates . ",
      "In 2019 , the estimated Youth unemployment rate in Botswana was at 37.52 % ."
   ],
   "trends": [
      {
         "10": "20",
         "12": "0"
      },
      {},
      {
         "1": "0",
         "12": "0"
      }
   ],
   "data": [
      {
         "Year": "2019",
         "Youth unemployment rate": "37.52"
      },
      {
         "Year": "2018",
         "Youth unemployment rate": "37.14"
      },
      {
         "Year": "2017",
         "Youth unemployment rate": "36.57"
      },
      {
         "Year": "2016",
         "Youth unemployment rate": "36.8"
      },
      {
         "Year": "2015",
         "Youth unemployment rate": "36.83"
      },
      {
         "Year": "2014",
         "Youth unemployment rate": "37.02"
      },
      {
         "Year": "2013",
         "Youth unemployment rate": "36.61"
      },
      {
         "Year": "2012",
         "Youth unemployment rate": "36.04"
      },
      {
         "Year": "2011",
         "Youth unemployment rate": "35.6"
      },
      {
         "Year": "2010",
         "Youth unemployment rate": "35.24"
      },
      {
         "Year": "2009",
         "Youth unemployment rate": "32.5"
      },
      {
         "Year": "2008",
         "Youth unemployment rate": "30.77"
      },
      {
         "Year": "2007",
         "Youth unemployment rate": "31.01"
      },
      {
         "Year": "2006",
         "Youth unemployment rate": "32.03"
      },
      {
         "Year": "2005",
         "Youth unemployment rate": "36.67"
      },
      {
         "Year": "2004",
         "Youth unemployment rate": "41.31"
      },
      {
         "Year": "2003",
         "Youth unemployment rate": "46.62"
      },
      {
         "Year": "2002",
         "Youth unemployment rate": "43.13"
      },
      {
         "Year": "2001",
         "Youth unemployment rate": "39.45"
      },
      {
         "Year": "2000",
         "Youth unemployment rate": "33.05"
      },
      {
         "Year": "1999",
         "Youth unemployment rate": "37.05"
      }
   ],
   "gold": "The statistic shows the youth unemployment rate in Botswana from 1999 and 2019 . According to the source , the data are ILO estimates . In 2019 , the estimated youth unemployment rate in Botswana was at 37.52 percent .\n"
}