{
   "title": "Toys and games market : market segmentation by value 2009",
   "xAxis": "Name",
   "yAxis": "Market share",
   "columnType": "two",
   "graphType": "bar",
   "summaryType": "nlp",
   "summary": [
      "This statistic illustrates the global Market share of Other held by the largest Name market in the Toys in 2009 . ",
      "The company had a Market share of 30.5 % market , followed by Infant/Pre-school_toys , with a Market share of 16.2 % ."
   ],
   "trends": [
      {
         "8": "0"
      },
      {
         "7": "0",
         "13": "1",
         "20": "1"
      }
   ],
   "data": [
      {
         "Name": "Other",
         "Market share": "30.5"
      },
      {
         "Name": "Infant/Pre-school toys",
         "Market share": "16.2"
      },
      {
         "Name": "Activity toys",
         "Market share": "15.1"
      },
      {
         "Name": "Dolls",
         "Market share": "12.2"
      },
      {
         "Name": "Ride-ons",
         "Market share": "11.4"
      },
      {
         "Name": "Games and puzzles",
         "Market share": "9.5"
      },
      {
         "Name": "Plush toys",
         "Market share": "5.1"
      }
   ],
   "gold": "This graph depicts the share of toy categories of the total market value in 2009 . Activity toys accounted for 15.1 percent of total toys and games market revenue .\n"
}