{
   "title": "Employment by economic sector in Iceland 2019",
   "labels": [
      "Year",
      "Agriculture",
      "Industry",
      "Services"
   ],
   "columnType": "multi",
   "graphType": "line",
   "summary": [
      "The statistic shows the distribution of Employment in Iceland by economic sector from 2009 to 2019 . ",
      "In 2019 , 3.69 % of the employees in Iceland were active in the agricultural sector , 17.13 % in Industry and 79.18 % in the service sector ."
   ],
   "trends": [
      {
         "13": [
            "10",
            "0"
         ],
         "15": [
            "0",
            "0"
         ]
      },
      {
         "1": [
            "0",
            "0"
         ],
         "3": [
            "0",
            "1"
         ],
         "17": [
            "0",
            "2"
         ],
         "22": [
            "0",
            "3"
         ]
      }
   ],
   "data": [
      {
         "Year": "2019",
         "Agriculture": "3.69",
         "Industry": "17.13",
         "Services": "79.18"
      },
      {
         "Year": "2018",
         "Agriculture": "3.72",
         "Industry": "17.31",
         "Services": "78.97"
      },
      {
         "Year": "2017",
         "Agriculture": "3.76",
         "Industry": "17.48",
         "Services": "78.76"
      },
      {
         "Year": "2016",
         "Agriculture": "3.9",
         "Industry": "17.46",
         "Services": "78.65"
      },
      {
         "Year": "2015",
         "Agriculture": "4.24",
         "Industry": "17.84",
         "Services": "77.92"
      },
      {
         "Year": "2014",
         "Agriculture": "4.54",
         "Industry": "18.43",
         "Services": "77.03"
      },
      {
         "Year": "2013",
         "Agriculture": "4.45",
         "Industry": "18.64",
         "Services": "76.92"
      },
      {
         "Year": "2012",
         "Agriculture": "5.55",
         "Industry": "18.22",
         "Services": "76.23"
      },
      {
         "Year": "2011",
         "Agriculture": "5.49",
         "Industry": "18.55",
         "Services": "75.96"
      },
      {
         "Year": "2010",
         "Agriculture": "5.59",
         "Industry": "18.44",
         "Services": "75.97"
      },
      {
         "Year": "2009",
         "Agriculture": "4.83",
         "Industry": "19.5",
         "Services": "75.67"
      }
   ],
   "gold": "The statistic shows the distribution of employment in Iceland by economic sector from 2009 to 2019 . In 2019 , 3.69 percent of the employees in Iceland were active in the agricultural sector , 17.13 percent in industry and 79.18 percent in the service sector .\n"
}