{
   "title": "Sales of state lotteries in the U.S. 2009 to 2016",
   "xAxis": "Year",
   "yAxis": "Sales in billion U.S. dollars",
   "columnType": "two",
   "graphType": "line",
   "summaryType": "nlp",
   "summary": [
      "The statistic shows the Sales state in the U.S. from 2009 to 2016 . ",
      "In 2012 , the Sales of the U.S. 2016 amounted to 68.78 billion U.S. dollars ."
   ],
   "trends": [
      {
         "11": "0",
         "13": "7"
      },
      {
         "1": "3",
         "12": "3"
      }
   ],
   "data": [
      {
         "Year": "2009",
         "Sales in billion U.S. dollars": "58.25"
      },
      {
         "Year": "2010",
         "Sales in billion U.S. dollars": "58.82"
      },
      {
         "Year": "2011",
         "Sales in billion U.S. dollars": "63.08"
      },
      {
         "Year": "2012",
         "Sales in billion U.S. dollars": "68.78"
      },
      {
         "Year": "2013",
         "Sales in billion U.S. dollars": "68.88"
      },
      {
         "Year": "2014",
         "Sales in billion U.S. dollars": "70.15"
      },
      {
         "Year": "2015",
         "Sales in billion U.S. dollars": "73.87"
      },
      {
         "Year": "2016",
         "Sales in billion U.S. dollars": "80.55"
      }
   ],
   "gold": "This statistic shows the annual sales of state lotteries in the United States from 2009 to 2016 . In 2016 , sales of state lotteries reached approximately 80.55 billion U.S. dollars , up from 73.87 billion the previous year . In 2016 , the state with the highest lottery sales was New York , with around 9.7 billion U.S. dollars in sales .\n"
}