{
   "title": "Global photo printing and merchandising market value 2016 and 2021",
   "xAxis": "Year",
   "yAxis": "Market revenue in billion U.S. dollars",
   "columnType": "two",
   "graphType": "line",
   "summaryType": "nlp",
   "summary": [
      "This statistic shows the Global photo in Global from 2016 to 2021 . ",
      "In 2016 , the Global photo in Global was estimated at 14.5 billion U.S. dollars ."
   ],
   "trends": [
      {
         "9": "1",
         "11": "0"
      },
      {
         "1": "1",
         "11": "1"
      }
   ],
   "data": [
      {
         "Year": "2021",
         "Market revenue in billion U.S. dollars": "19.09"
      },
      {
         "Year": "2016",
         "Market revenue in billion U.S. dollars": "14.5"
      }
   ],
   "gold": "This graphic displays the market revenue of the global photo printing and merchandising market in 2016 and provides a forecast for 2021 . In 2016 , the global photo printing and merchandising market was worth 14.5 billion U.S. dollars .\n"
}