{
   "title": "Best car manufacturers based on build quality in Great Britain ( UK ) 2014",
   "xAxis": "Automobile Manufacturers",
   "yAxis": "Percentage score",
   "columnType": "two",
   "graphType": "bar",
   "summaryType": "nlp",
   "summary": [
      "The statistic shows the Best car manufacturers based build in the Britain in 2014 . ",
      "The Best car manufacturers of the Great Britain was Lexus , with a Percentage of 94.27 percentage score ."
   ],
   "trends": [
      {},
      {
         "8": "0",
         "14": "0"
      }
   ],
   "data": [
      {
         "Automobile Manufacturers": "Lexus",
         "Percentage score": "94.27"
      },
      {
         "Automobile Manufacturers": "Porsche",
         "Percentage score": "94.02"
      },
      {
         "Automobile Manufacturers": "Audi",
         "Percentage score": "93.42"
      },
      {
         "Automobile Manufacturers": "Skoda",
         "Percentage score": "93.32"
      },
      {
         "Automobile Manufacturers": "Volvo",
         "Percentage score": "92.47"
      },
      {
         "Automobile Manufacturers": "Jaguar",
         "Percentage score": "92.45"
      },
      {
         "Automobile Manufacturers": "Mercedes",
         "Percentage score": "92.4"
      },
      {
         "Automobile Manufacturers": "BMW",
         "Percentage score": "91.92"
      },
      {
         "Automobile Manufacturers": "Honda",
         "Percentage score": "91.33"
      },
      {
         "Automobile Manufacturers": "Mazda",
         "Percentage score": "91.13"
      },
      {
         "Automobile Manufacturers": "Subaru",
         "Percentage score": "90.73"
      },
      {
         "Automobile Manufacturers": "Kia",
         "Percentage score": "90.37"
      },
      {
         "Automobile Manufacturers": "VW",
         "Percentage score": "89.7"
      },
      {
         "Automobile Manufacturers": "Land Rover",
         "Percentage score": "89.23"
      },
      {
         "Automobile Manufacturers": "Toyota",
         "Percentage score": "88.85"
      }
   ],
   "gold": "This statistic shows the leading 15 car manufacturer brands in Great Britain according to the Auto Express Driver Power 2014 survey responses based on car build score . The survey was carried out by the British automotive magazine online between 2013 and 2014 . Unsurprisingly the top three spots are held by luxury car manufacturers , Lexus , Porsche and Audi respectively .\n"
}