{
   "title": "Digital video ad impressions in the U.S. 2014 - 2018 , by ad length",
   "labels": [
      "Quarter",
      "15 seconds",
      "30 seconds",
      "60 seconds",
      "Other"
   ],
   "columnType": "multi",
   "graphType": "bar",
   "summary": [
      "This statistic shows the Digital of video the Digital U.S. from the first Quarter of 2014 to the first Quarter of 2018 . ",
      "In the fourth Quarter of Q1_2018 , 15 seconds generated 52 % of the 30 ."
   ],
   "trends": [
      {},
      {
         "5": [
            "0",
            "0"
         ],
         "10": [
            "0",
            "2"
         ]
      }
   ],
   "data": [
      {
         "Quarter": "Q1 2018",
         "15 seconds": "46",
         "30 seconds": "52",
         "60 seconds": "0",
         "Other": "2"
      },
      {
         "Quarter": "Q4 2017",
         "15 seconds": "35",
         "30 seconds": "59",
         "60 seconds": "0",
         "Other": "6"
      },
      {
         "Quarter": "Q3 2017",
         "15 seconds": "37",
         "30 seconds": "59",
         "60 seconds": "0",
         "Other": "4"
      },
      {
         "Quarter": "Q2 2017",
         "15 seconds": "37",
         "30 seconds": "53",
         "60 seconds": "0",
         "Other": "10"
      },
      {
         "Quarter": "Q1 2017",
         "15 seconds": "47",
         "30 seconds": "45",
         "60 seconds": "0",
         "Other": "8"
      },
      {
         "Quarter": "Q4 2016",
         "15 seconds": "55",
         "30 seconds": "36",
         "60 seconds": "0",
         "Other": "9"
      },
      {
         "Quarter": "Q3 2016",
         "15 seconds": "46",
         "30 seconds": "50",
         "60 seconds": "0",
         "Other": "4"
      },
      {
         "Quarter": "Q2 2016",
         "15 seconds": "36",
         "30 seconds": "60",
         "60 seconds": "0",
         "Other": "4"
      },
      {
         "Quarter": "Q1 2016",
         "15 seconds": "35",
         "30 seconds": "61",
         "60 seconds": "0",
         "Other": "4"
      },
      {
         "Quarter": "Q4 2015",
         "15 seconds": "36",
         "30 seconds": "60",
         "60 seconds": "0",
         "Other": "4"
      },
      {
         "Quarter": "Q3 2015",
         "15 seconds": "53",
         "30 seconds": "44",
         "60 seconds": "1",
         "Other": "0"
      },
      {
         "Quarter": "Q2 2015",
         "15 seconds": "50",
         "30 seconds": "48",
         "60 seconds": "1",
         "Other": "0"
      },
      {
         "Quarter": "Q4 2014",
         "15 seconds": "40",
         "30 seconds": "59",
         "60 seconds": "0",
         "Other": "0"
      },
      {
         "Quarter": "Q3 2014",
         "15 seconds": "35",
         "30 seconds": "63",
         "60 seconds": "1",
         "Other": "0"
      },
      {
         "Quarter": "Q2 2014",
         "15 seconds": "54",
         "30 seconds": "46",
         "60 seconds": "0",
         "Other": "0"
      }
   ],
   "gold": "This statistic presents a distribution of digital video ad impression in the United States from the second quarter of 2014 to the first quarter of 2018 , by total ad length . It was found that 46 percent of the digital video ads viewed within the first quarter of 2018 were in the length of 15 seconds .\n"
}