{
   "title": "Countries with the lowest prevalence of condom use among its male population 2013",
   "xAxis": "Country",
   "yAxis": "Percentage of males aged 15-49",
   "columnType": "two",
   "graphType": "bar",
   "summaryType": "nlp",
   "summary": [
      "This statistic shows the 20 Countries lowest the prevalence condom in 2013 , based on Country . ",
      "In 2013 , the Niger was ranked first , with 24 aged 15-49 of the prevalence condom rate , followed by Madagascar with 7 aged 15-49 ."
   ],
   "trends": [
      {},
      {
         "4": "0",
         "10": "12",
         "21": "1",
         "23": "1"
      }
   ],
   "data": [
      {
         "Country": "Niger",
         "Percentage of males aged 15-49": "4"
      },
      {
         "Country": "Madagascar",
         "Percentage of males aged 15-49": "7"
      },
      {
         "Country": "Mali",
         "Percentage of males aged 15-49": "10"
      },
      {
         "Country": "Sierra Leone",
         "Percentage of males aged 15-49": "13"
      },
      {
         "Country": "Burundi",
         "Percentage of males aged 15-49": "14"
      },
      {
         "Country": "Ethiopia",
         "Percentage of males aged 15-49": "16"
      },
      {
         "Country": "DC Congo",
         "Percentage of males aged 15-49": "16"
      },
      {
         "Country": "East Timor",
         "Percentage of males aged 15-49": "19"
      },
      {
         "Country": "Uganda",
         "Percentage of males aged 15-49": "19"
      },
      {
         "Country": "Nigeria",
         "Percentage of males aged 15-49": "20"
      },
      {
         "Country": "Senegal",
         "Percentage of males aged 15-49": "21"
      },
      {
         "Country": "Benin",
         "Percentage of males aged 15-49": "22"
      },
      {
         "Country": "Liberia",
         "Percentage of males aged 15-49": "24"
      }
   ],
   "gold": "This statistic depicts the countries with lowest prevalence of condom use among its male population worldwide as of 2013 . As of that year , Niger had the lowest prevalence of condom use among men worldwide . Only four percent of its male population aged 15 - 49 years used condoms .\n"
}