{
   "title": "Sporting goods industry : Revenue of Easton Bell Sports 2013",
   "xAxis": "Year",
   "yAxis": "Revenue (in million U.S. dollars)",
   "columnType": "two",
   "graphType": "line",
   "summaryType": "nlp",
   "summary": [
      "This graph depicts the annual National Hockey League Revenue of the Easton Bell Sports goods from 2006 to 2013 . ",
      "In 2013 , the Revenue of the Easton Bell Sports Easton amounted to 780.4 million U.S. dollars ."
   ],
   "trends": [
      {
         "14": "7",
         "16": "0"
      },
      {
         "1": "0",
         "11": "0"
      }
   ],
   "data": [
      {
         "Year": "2013",
         "Revenue (in million U.S. dollars)": "780.4"
      },
      {
         "Year": "2012",
         "Revenue (in million U.S. dollars)": "827.2"
      },
      {
         "Year": "2011",
         "Revenue (in million U.S. dollars)": "834.9"
      },
      {
         "Year": "2010",
         "Revenue (in million U.S. dollars)": "772.8"
      },
      {
         "Year": "2009",
         "Revenue (in million U.S. dollars)": "716.3"
      },
      {
         "Year": "2008",
         "Revenue (in million U.S. dollars)": "775.5"
      },
      {
         "Year": "2007",
         "Revenue (in million U.S. dollars)": "724.7"
      },
      {
         "Year": "2006",
         "Revenue (in million U.S. dollars)": "639.0"
      }
   ],
   "gold": "This graph depicts the revenue of the sporting goods company Easton-Bell Sports from 2006 to 2013 . In 2006 , Easton-Bell Sports generated revenues of 639 million U.S. dollars . Easton-Bell Sports makes sports equipment and clothing under the brands Bell Sports , Blackburn , Easton , Giro , and Riddell .\n"
}