{
   "title": "U.S. per capita consumption of fresh lettuce ( romaine and leaf ) 2000 to 2018",
   "xAxis": "Year",
   "yAxis": "Per capita consumption in pounds",
   "columnType": "two",
   "graphType": "line",
   "summaryType": "nlp",
   "summary": [
      "The timeline shows the Per capita consumption of fresh lettuce in the U.S. from 2000 to 2018 . ",
      "According to the report , the U.S. Per capita consumption of fresh lettuce amounted to approximately 12.3 pounds in 2018 ."
   ],
   "trends": [
      {
         "14": "18",
         "16": "0"
      },
      {
         "16": "0",
         "19": "0"
      }
   ],
   "data": [
      {
         "Year": "2018",
         "Per capita consumption in pounds": "12.3"
      },
      {
         "Year": "2017",
         "Per capita consumption in pounds": "15.0"
      },
      {
         "Year": "2016",
         "Per capita consumption in pounds": "14.5"
      },
      {
         "Year": "2015",
         "Per capita consumption in pounds": "11.9"
      },
      {
         "Year": "2014",
         "Per capita consumption in pounds": "10.8"
      },
      {
         "Year": "2013",
         "Per capita consumption in pounds": "11.4"
      },
      {
         "Year": "2012",
         "Per capita consumption in pounds": "11.9"
      },
      {
         "Year": "2011",
         "Per capita consumption in pounds": "11.7"
      },
      {
         "Year": "2010",
         "Per capita consumption in pounds": "12.0"
      },
      {
         "Year": "2009",
         "Per capita consumption in pounds": "10.0"
      },
      {
         "Year": "2008",
         "Per capita consumption in pounds": "10.4"
      },
      {
         "Year": "2007",
         "Per capita consumption in pounds": "11.5"
      },
      {
         "Year": "2006",
         "Per capita consumption in pounds": "12.0"
      },
      {
         "Year": "2005",
         "Per capita consumption in pounds": "9.7"
      },
      {
         "Year": "2004",
         "Per capita consumption in pounds": "12.0"
      },
      {
         "Year": "2003",
         "Per capita consumption in pounds": "10.8"
      },
      {
         "Year": "2002",
         "Per capita consumption in pounds": "9.6"
      },
      {
         "Year": "2001",
         "Per capita consumption in pounds": "8.0"
      },
      {
         "Year": "2000",
         "Per capita consumption in pounds": "8.4"
      }
   ],
   "gold": "The timeline shows the per capita consumption of fresh romaine and leaf lettuce in the United States from 2000 to 2018 . According to the report , the U.S. per capita consumption of fresh romaine and leaf lettuce amounted to approximately 12.3 pounds in 2018 .\n"
}