{
   "title": "OLED panel fabrication : U.S. cost targets 2016 to 2025",
   "labels": [
      "Year",
      "Depreciation",
      "Labor",
      "Organic materials",
      "Inorganic materials",
      "Other fixed costs"
   ],
   "columnType": "multi",
   "graphType": "line",
   "summary": [
      "This statistic shows the fabrication U.S. cost of the United Kingdom ( OLED ) from 2025 to 2016 . ",
      "The OLED fabrication U.S. cost is expected to reach 600 billion in 2016 , up from 35 billion U.S. dollars in 2025 ."
   ],
   "trends": [
      {
         "15": [
            "3",
            "0"
         ],
         "17": [
            "0",
            "0"
         ]
      },
      {
         "9": [
            "0",
            "1"
         ],
         "14": [
            "0",
            "0"
         ],
         "18": [
            "3",
            "1"
         ],
         "23": [
            "3",
            "0"
         ]
      }
   ],
   "data": [
      {
         "Year": "2016",
         "Depreciation": "600",
         "Labor": "100",
         "Organic materials": "150",
         "Inorganic materials": "200",
         "Other fixed costs": "50"
      },
      {
         "Year": "2018",
         "Depreciation": "140",
         "Labor": "25",
         "Organic materials": "100",
         "Inorganic materials": "140",
         "Other fixed costs": "15"
      },
      {
         "Year": "2020",
         "Depreciation": "70",
         "Labor": "15",
         "Organic materials": "50",
         "Inorganic materials": "100",
         "Other fixed costs": "10"
      },
      {
         "Year": "2025",
         "Depreciation": "35",
         "Labor": "5",
         "Organic materials": "15",
         "Inorganic materials": "30",
         "Other fixed costs": "5"
      }
   ],
   "gold": "This statistic shows the cost targets for organic light-emitting diode ( OLED ) panel fabrication in the United States from 2016 to 2025 , by cost area . The target for labor costs for 2025 is expected to reach decrease to 5 U.S. dollars per square meter of OLED panel produced .\n"
}