{
   "title": "Gross domestic product ( GDP ) in Sudan 2024",
   "xAxis": "Year",
   "yAxis": "Gross domestic product in billion U.S. dollars",
   "columnType": "two",
   "graphType": "line",
   "summaryType": "nlp",
   "summary": [
      "The statistic shows Gross domestic product ( GDP ) in Sudan from 1984 to 2018 , with projections up until 2024 . ",
      "Gross domestic product ( GDP ) denotes the aggregate value of all services and goods produced within a country in any given Year . ",
      "GDP is an important indicator of a country 's economic power ."
   ],
   "trends": [
      {
         "12": "40",
         "14": "6",
         "20": "0"
      },
      {},
      {}
   ],
   "data": [
      {
         "Year": "2024",
         "Gross domestic product in billion U.S. dollars": "35.48"
      },
      {
         "Year": "2023",
         "Gross domestic product in billion U.S. dollars": "34.89"
      },
      {
         "Year": "2022",
         "Gross domestic product in billion U.S. dollars": "34.34"
      },
      {
         "Year": "2021",
         "Gross domestic product in billion U.S. dollars": "33.93"
      },
      {
         "Year": "2020",
         "Gross domestic product in billion U.S. dollars": "33.69"
      },
      {
         "Year": "2019",
         "Gross domestic product in billion U.S. dollars": "30.87"
      },
      {
         "Year": "2018",
         "Gross domestic product in billion U.S. dollars": "34.28"
      },
      {
         "Year": "2017",
         "Gross domestic product in billion U.S. dollars": "45.94"
      },
      {
         "Year": "2016",
         "Gross domestic product in billion U.S. dollars": "55.56"
      },
      {
         "Year": "2015",
         "Gross domestic product in billion U.S. dollars": "65.27"
      },
      {
         "Year": "2014",
         "Gross domestic product in billion U.S. dollars": "60.73"
      },
      {
         "Year": "2013",
         "Gross domestic product in billion U.S. dollars": "52.89"
      },
      {
         "Year": "2012",
         "Gross domestic product in billion U.S. dollars": "48.95"
      },
      {
         "Year": "2011",
         "Gross domestic product in billion U.S. dollars": "66.45"
      },
      {
         "Year": "2010",
         "Gross domestic product in billion U.S. dollars": "65.72"
      },
      {
         "Year": "2009",
         "Gross domestic product in billion U.S. dollars": "54.81"
      },
      {
         "Year": "2008",
         "Gross domestic product in billion U.S. dollars": "64.83"
      },
      {
         "Year": "2007",
         "Gross domestic product in billion U.S. dollars": "59.44"
      },
      {
         "Year": "2006",
         "Gross domestic product in billion U.S. dollars": "45.26"
      },
      {
         "Year": "2005",
         "Gross domestic product in billion U.S. dollars": "35.18"
      },
      {
         "Year": "2004",
         "Gross domestic product in billion U.S. dollars": "26.65"
      },
      {
         "Year": "2003",
         "Gross domestic product in billion U.S. dollars": "21.36"
      },
      {
         "Year": "2002",
         "Gross domestic product in billion U.S. dollars": "18.14"
      },
      {
         "Year": "2001",
         "Gross domestic product in billion U.S. dollars": "15.72"
      },
      {
         "Year": "2000",
         "Gross domestic product in billion U.S. dollars": "13.13"
      },
      {
         "Year": "1999",
         "Gross domestic product in billion U.S. dollars": "10.71"
      },
      {
         "Year": "1998",
         "Gross domestic product in billion U.S. dollars": "10.92"
      },
      {
         "Year": "1997",
         "Gross domestic product in billion U.S. dollars": "10.24"
      },
      {
         "Year": "1996",
         "Gross domestic product in billion U.S. dollars": "8.38"
      },
      {
         "Year": "1995",
         "Gross domestic product in billion U.S. dollars": "6.69"
      },
      {
         "Year": "1994",
         "Gross domestic product in billion U.S. dollars": "5.96"
      },
      {
         "Year": "1993",
         "Gross domestic product in billion U.S. dollars": "5.25"
      },
      {
         "Year": "1992",
         "Gross domestic product in billion U.S. dollars": "3.1"
      },
      {
         "Year": "1991",
         "Gross domestic product in billion U.S. dollars": "2.53"
      },
      {
         "Year": "1990",
         "Gross domestic product in billion U.S. dollars": "2.25"
      },
      {
         "Year": "1989",
         "Gross domestic product in billion U.S. dollars": "16.85"
      },
      {
         "Year": "1988",
         "Gross domestic product in billion U.S. dollars": "9.55"
      },
      {
         "Year": "1987",
         "Gross domestic product in billion U.S. dollars": "11.96"
      },
      {
         "Year": "1986",
         "Gross domestic product in billion U.S. dollars": "7.4"
      },
      {
         "Year": "1985",
         "Gross domestic product in billion U.S. dollars": "5.55"
      },
      {
         "Year": "1984",
         "Gross domestic product in billion U.S. dollars": "7.99"
      }
   ],
   "gold": "The statistic shows gross domestic product ( GDP ) in Sudan from 1984 to 2024 . Gross domestic product ( GDP ) denotes the aggregate value of all services and goods produced within a country in any given year . GDP is an important indicator of a country 's economic power .\n"
}