{
   "title": "Number of Sears stores in the United States 2011 - 2017 , by type",
   "labels": [
      "Year",
      "Full-line stores",
      "Specialty stores"
   ],
   "columnType": "multi",
   "graphType": "line",
   "summary": [
      "The statistic shows the Number of the Sears stores United in Sears from 2011 to 2017 . ",
      "The Number of the stores United in 2017 was 547 U.S. dollars in 2017 ."
   ],
   "trends": [
      {
         "13": [
            "6",
            "0"
         ],
         "15": [
            "0",
            "0"
         ]
      },
      {
         "7": [
            "0",
            "0"
         ],
         "9": [
            "0",
            "1"
         ],
         "13": [
            "0",
            "0"
         ]
      }
   ],
   "data": [
      {
         "Year": "2017",
         "Full-line stores": "547",
         "Specialty stores": "23"
      },
      {
         "Year": "2016",
         "Full-line stores": "670",
         "Specialty stores": "25"
      },
      {
         "Year": "2015",
         "Full-line stores": "705",
         "Specialty stores": "26"
      },
      {
         "Year": "2014",
         "Full-line stores": "709",
         "Specialty stores": "29"
      },
      {
         "Year": "2013",
         "Full-line stores": "778",
         "Specialty stores": "50"
      },
      {
         "Year": "2012",
         "Full-line stores": "798",
         "Specialty stores": "54"
      },
      {
         "Year": "2011",
         "Full-line stores": "867",
         "Specialty stores": "1338"
      }
   ],
   "gold": "Sears Domestic operated about 547 full-line stores throughout the Unites States in 2017 . Sears Holdings is an American retailer , which operates through two well-known retail brands , Kmart and Sears . Sears Holdings has a significant number of Kmart and Sears Domestic stores in operation around the world .\n"
}