{
   "title": "Franchise value of the Boston Red Sox 2002 to 2019",
   "xAxis": "Year",
   "yAxis": "Franchise value in million U.S. dollars",
   "columnType": "two",
   "graphType": "line",
   "summaryType": "nlp",
   "summary": [
      "This graph depicts the Franchise value of the Boston Red Sox of the National Football League from 2002 to 2019 . ",
      "In 2019 , the Franchise value came to 3200 million U.S. dollars . ",
      "The Boston Red Sox are owned by Terry and Kim Pegula ."
   ],
   "trends": [
      {
         "15": "17",
         "17": "0"
      },
      {
         "1": "0",
         "8": "0"
      },
      {}
   ],
   "data": [
      {
         "Year": "2019",
         "Franchise value in million U.S. dollars": "3200"
      },
      {
         "Year": "2018",
         "Franchise value in million U.S. dollars": "2800"
      },
      {
         "Year": "2017",
         "Franchise value in million U.S. dollars": "2700"
      },
      {
         "Year": "2016",
         "Franchise value in million U.S. dollars": "2300"
      },
      {
         "Year": "2015",
         "Franchise value in million U.S. dollars": "2100"
      },
      {
         "Year": "2014",
         "Franchise value in million U.S. dollars": "1500"
      },
      {
         "Year": "2013",
         "Franchise value in million U.S. dollars": "1312"
      },
      {
         "Year": "2012",
         "Franchise value in million U.S. dollars": "1000"
      },
      {
         "Year": "2011",
         "Franchise value in million U.S. dollars": "912"
      },
      {
         "Year": "2010",
         "Franchise value in million U.S. dollars": "870"
      },
      {
         "Year": "2009",
         "Franchise value in million U.S. dollars": "833"
      },
      {
         "Year": "2008",
         "Franchise value in million U.S. dollars": "816"
      },
      {
         "Year": "2007",
         "Franchise value in million U.S. dollars": "724"
      },
      {
         "Year": "2006",
         "Franchise value in million U.S. dollars": "617"
      },
      {
         "Year": "2005",
         "Franchise value in million U.S. dollars": "563"
      },
      {
         "Year": "2004",
         "Franchise value in million U.S. dollars": "533"
      },
      {
         "Year": "2003",
         "Franchise value in million U.S. dollars": "488"
      },
      {
         "Year": "2002",
         "Franchise value in million U.S. dollars": "426"
      }
   ],
   "gold": "This graph depicts the value of the Boston Red Sox franchise of Major League Baseball from 2002 to 2019 . In 2019 , the franchise had an estimated value of 3.2 billion U.S. dollars.The Boston Red Sox are owned by John Henry and Thomas Werner , who bought the franchise for 380 million U.S. dollars in 2002 .\n"
}