{
   "title": "Inflation rate of Ukraine 1994 to 2024",
   "xAxis": "Year",
   "yAxis": "Inflation rate change compared to previous year",
   "columnType": "two",
   "graphType": "line",
   "summaryType": "nlp",
   "summary": [
      "The statistic shows the Inflation rate of the 2024 from 1994 to 2024 . ",
      "In 2017 , the Inflation of Ukraine was at approximately 14.44 rate change compared ."
   ],
   "trends": [
      {
         "10": "30",
         "12": "0"
      },
      {
         "1": "7",
         "10": "7"
      }
   ],
   "data": [
      {
         "Year": "2024",
         "Inflation rate change compared to previous year": "5"
      },
      {
         "Year": "2023",
         "Inflation rate change compared to previous year": "5"
      },
      {
         "Year": "2022",
         "Inflation rate change compared to previous year": "5.02"
      },
      {
         "Year": "2021",
         "Inflation rate change compared to previous year": "5.29"
      },
      {
         "Year": "2020",
         "Inflation rate change compared to previous year": "5.89"
      },
      {
         "Year": "2019",
         "Inflation rate change compared to previous year": "8.74"
      },
      {
         "Year": "2018",
         "Inflation rate change compared to previous year": "10.95"
      },
      {
         "Year": "2017",
         "Inflation rate change compared to previous year": "14.44"
      },
      {
         "Year": "2016",
         "Inflation rate change compared to previous year": "13.91"
      },
      {
         "Year": "2015",
         "Inflation rate change compared to previous year": "48.68"
      },
      {
         "Year": "2014",
         "Inflation rate change compared to previous year": "12.1"
      },
      {
         "Year": "2013",
         "Inflation rate change compared to previous year": "-0.26"
      },
      {
         "Year": "2012",
         "Inflation rate change compared to previous year": "0.57"
      },
      {
         "Year": "2011",
         "Inflation rate change compared to previous year": "7.96"
      },
      {
         "Year": "2010",
         "Inflation rate change compared to previous year": "9.37"
      },
      {
         "Year": "2009",
         "Inflation rate change compared to previous year": "15.9"
      },
      {
         "Year": "2008",
         "Inflation rate change compared to previous year": "25.2"
      },
      {
         "Year": "2007",
         "Inflation rate change compared to previous year": "12.84"
      },
      {
         "Year": "2006",
         "Inflation rate change compared to previous year": "9.08"
      },
      {
         "Year": "2005",
         "Inflation rate change compared to previous year": "13.52"
      },
      {
         "Year": "2004",
         "Inflation rate change compared to previous year": "9.04"
      },
      {
         "Year": "2003",
         "Inflation rate change compared to previous year": "5.21"
      },
      {
         "Year": "2002",
         "Inflation rate change compared to previous year": "0.76"
      },
      {
         "Year": "2001",
         "Inflation rate change compared to previous year": "11.96"
      },
      {
         "Year": "2000",
         "Inflation rate change compared to previous year": "28.2"
      },
      {
         "Year": "1999",
         "Inflation rate change compared to previous year": "22.68"
      },
      {
         "Year": "1998",
         "Inflation rate change compared to previous year": "10.58"
      },
      {
         "Year": "1997",
         "Inflation rate change compared to previous year": "15.89"
      },
      {
         "Year": "1996",
         "Inflation rate change compared to previous year": "80.23"
      },
      {
         "Year": "1995",
         "Inflation rate change compared to previous year": "376.75"
      },
      {
         "Year": "1994",
         "Inflation rate change compared to previous year": "891.19"
      }
   ],
   "gold": "This statistic shows the Ukrainian inflation rate from 1994 to 2018 compared to the previous year , with projections up until 2024 . In 2018 , Ukraine 's inflation rate increased by 10.95 percent compared to 2017 .\n"
}