{
   "title": "Recovery from an eating disorder in the United Kingdom ( UK ) 2015 , by disorder",
   "labels": [
      "Category",
      "Anorexia nervosa",
      "Bulimia nervosa"
   ],
   "columnType": "multi",
   "graphType": "bar",
   "summary": [
      "This statistic shows the Recovery of the from eating disorder United in the Kingdom from 2015 to . ",
      "The Recovery of the United Kingdom Full_recovery amounted to 45 % in that year ."
   ],
   "trends": [
      {},
      {
         "5": [
            "0",
            "0"
         ],
         "8": [
            "0",
            "2"
         ]
      }
   ],
   "data": [
      {
         "Category": "Full recovery",
         "Anorexia nervosa": "46",
         "Bulimia nervosa": "45"
      },
      {
         "Category": "Improvement",
         "Anorexia nervosa": "33",
         "Bulimia nervosa": "27"
      },
      {
         "Category": "Chronically ill",
         "Anorexia nervosa": "20",
         "Bulimia nervosa": "23"
      }
   ],
   "gold": "This statistic displays the recovery rate of individuals suffering from an eating disorder in the United Kingdom in 2015 . Approximately 46 percent of sufferers of anorexia nervosa and 45 percent of sufferers of bulimia nervosa make a full recovery .\n"
}