{
   "title": "Gross domestic product ( GDP ) per capita in South Sudan 2024",
   "xAxis": "Year",
   "yAxis": "GDP per capita in U.S. dollars",
   "columnType": "two",
   "graphType": "line",
   "summaryType": "nlp",
   "summary": [
      "The statistic shows the Gross domestic product ( GDP ) per capita in South Sudan from 2014 to 2018 , with projections up until 2024 . ",
      "GDP refers to the total market value of all goods and services that are produced within a country per Year . ",
      "It is an important indicator of the economic strength of a country ."
   ],
   "trends": [
      {
         "15": "10",
         "17": "6",
         "23": "0"
      },
      {},
      {}
   ],
   "data": [
      {
         "Year": "2024",
         "GDP per capita in U.S. dollars": "265.58"
      },
      {
         "Year": "2023",
         "GDP per capita in U.S. dollars": "270.37"
      },
      {
         "Year": "2022",
         "GDP per capita in U.S. dollars": "278.36"
      },
      {
         "Year": "2021",
         "GDP per capita in U.S. dollars": "244.0"
      },
      {
         "Year": "2020",
         "GDP per capita in U.S. dollars": "243.27"
      },
      {
         "Year": "2019",
         "GDP per capita in U.S. dollars": "275.18"
      },
      {
         "Year": "2018",
         "GDP per capita in U.S. dollars": "353.17"
      },
      {
         "Year": "2017",
         "GDP per capita in U.S. dollars": "273.14"
      },
      {
         "Year": "2016",
         "GDP per capita in U.S. dollars": "281.51"
      },
      {
         "Year": "2015",
         "GDP per capita in U.S. dollars": "1225.19"
      },
      {
         "Year": "2014",
         "GDP per capita in U.S. dollars": "1309.95"
      }
   ],
   "gold": "The statistic shows gross domestic product ( GDP ) per capita in South Sudan from 2014 to 2018 , with projections up until 2024 . GDP is the total value of all goods and services produced in a country in a year . It is considered to be a very important indicator of the economic strength of a country and a positive change is an indicator of economic growth .\n"
}