{
   "title": "Industrial robots - worldwide sales 2004 to 2018",
   "xAxis": "Year",
   "yAxis": "Sales in thousand units",
   "columnType": "two",
   "graphType": "line",
   "summaryType": "nlp",
   "summary": [
      "Between 2004 and 2018 , the Sales thousand of the National Football League ( Industrial ) in the 2018 from 2004 to 2018 . ",
      "The Industrial of increased to 384 units in 2018 ."
   ],
   "trends": [
      {
         "1": "14",
         "3": "0",
         "20": "14",
         "22": "0"
      },
      {
         "6": "0",
         "7": "0",
         "11": "0"
      }
   ],
   "data": [
      {
         "Year": "2018",
         "Sales in thousand units": "384"
      },
      {
         "Year": "2017",
         "Sales in thousand units": "382"
      },
      {
         "Year": "2016",
         "Sales in thousand units": "294"
      },
      {
         "Year": "2015",
         "Sales in thousand units": "254"
      },
      {
         "Year": "2014",
         "Sales in thousand units": "221"
      },
      {
         "Year": "2013",
         "Sales in thousand units": "178"
      },
      {
         "Year": "2012",
         "Sales in thousand units": "159"
      },
      {
         "Year": "2011",
         "Sales in thousand units": "166"
      },
      {
         "Year": "2010",
         "Sales in thousand units": "121"
      },
      {
         "Year": "2009",
         "Sales in thousand units": "60"
      },
      {
         "Year": "2008",
         "Sales in thousand units": "113"
      },
      {
         "Year": "2007",
         "Sales in thousand units": "114"
      },
      {
         "Year": "2006",
         "Sales in thousand units": "112"
      },
      {
         "Year": "2005",
         "Sales in thousand units": "120"
      },
      {
         "Year": "2004",
         "Sales in thousand units": "97"
      }
   ],
   "gold": "Worldwide industrial robot shipments increased by one percent from about 382,000 in 2017 to around 384,000 in 2018 . Global spending on industrial robots is projected to exceed 24 billion U.S. dollars by 2025 . Leading markets Japan , China , the United States , South Korea , and Germany are counted among the five leading industrial robot markets worldwide .\n"
}