{
   "title": "Winter Olympic Games in PyeongChang 2018 final medal tally",
   "labels": [
      "Country",
      "Gold",
      "Silver",
      "Bronze"
   ],
   "columnType": "multi",
   "graphType": "bar",
   "summary": [
      "Norway is the most successful nation of all time at the PyeongChang Games , having amassed a total of 368 medals since the first PyeongChang Olympics in 2018 \u2013 this tally includes 14 Gold medals , 14 Silver , and 11 Bronze . ",
      "This total is especially impressive considering the Scandinavian Country has a population of just over five million inhabitants . ",
      "Norway dominate the medals Given Norway 's dominance at the top of the overall Olympic Games , it comes as no surprise that the three most successful PyeongChang Olympians of all time come from Norway ."
   ],
   "trends": [
      {
         "0": [
            "0",
            "0"
         ],
         "32": [
            "0",
            "1"
         ],
         "36": [
            "0",
            "2"
         ],
         "40": [
            "0",
            "3"
         ]
      },
      {},
      {
         "0": [
            "0",
            "0"
         ],
         "5": [
            "0",
            "0"
         ],
         "34": [
            "0",
            "0"
         ]
      }
   ],
   "data": [
      {
         "Country": "Norway",
         "Gold": "14",
         "Silver": "14",
         "Bronze": "11"
      },
      {
         "Country": "Germany",
         "Gold": "14",
         "Silver": "10",
         "Bronze": "7"
      },
      {
         "Country": "Canada",
         "Gold": "11",
         "Silver": "8",
         "Bronze": "10"
      },
      {
         "Country": "United States",
         "Gold": "9",
         "Silver": "8",
         "Bronze": "6"
      },
      {
         "Country": "Netherlands",
         "Gold": "8",
         "Silver": "6",
         "Bronze": "6"
      },
      {
         "Country": "South Korea",
         "Gold": "5",
         "Silver": "8",
         "Bronze": "4"
      },
      {
         "Country": "Olympic Athletes from Russia",
         "Gold": "2",
         "Silver": "6",
         "Bronze": "9"
      },
      {
         "Country": "Switzerland",
         "Gold": "5",
         "Silver": "6",
         "Bronze": "4"
      },
      {
         "Country": "France",
         "Gold": "5",
         "Silver": "4",
         "Bronze": "6"
      },
      {
         "Country": "Sweden",
         "Gold": "7",
         "Silver": "6",
         "Bronze": "1"
      },
      {
         "Country": "Austria",
         "Gold": "5",
         "Silver": "3",
         "Bronze": "6"
      },
      {
         "Country": "Japan",
         "Gold": "4",
         "Silver": "5",
         "Bronze": "4"
      },
      {
         "Country": "Italy",
         "Gold": "3",
         "Silver": "2",
         "Bronze": "5"
      },
      {
         "Country": "China",
         "Gold": "1",
         "Silver": "6",
         "Bronze": "2"
      },
      {
         "Country": "Czech Republic",
         "Gold": "2",
         "Silver": "2",
         "Bronze": "3"
      },
      {
         "Country": "Finland",
         "Gold": "1",
         "Silver": "1",
         "Bronze": "4"
      },
      {
         "Country": "Great Britain",
         "Gold": "1",
         "Silver": "0",
         "Bronze": "4"
      },
      {
         "Country": "Belarus",
         "Gold": "2",
         "Silver": "1",
         "Bronze": "0"
      },
      {
         "Country": "Slovakia",
         "Gold": "1",
         "Silver": "2",
         "Bronze": "0"
      },
      {
         "Country": "Australia",
         "Gold": "0",
         "Silver": "2",
         "Bronze": "1"
      },
      {
         "Country": "Poland",
         "Gold": "1",
         "Silver": "0",
         "Bronze": "1"
      },
      {
         "Country": "Slovenia",
         "Gold": "0",
         "Silver": "1",
         "Bronze": "1"
      },
      {
         "Country": "Spain",
         "Gold": "0",
         "Silver": "0",
         "Bronze": "2"
      },
      {
         "Country": "New Zealand",
         "Gold": "0",
         "Silver": "0",
         "Bronze": "2"
      },
      {
         "Country": "Hungary",
         "Gold": "1",
         "Silver": "0",
         "Bronze": "0"
      },
      {
         "Country": "Ukraine",
         "Gold": "1",
         "Silver": "0",
         "Bronze": "0"
      },
      {
         "Country": "Belgium",
         "Gold": "0",
         "Silver": "1",
         "Bronze": "0"
      },
      {
         "Country": "Kazakhstan",
         "Gold": "0",
         "Silver": "0",
         "Bronze": "1"
      },
      {
         "Country": "Latvia",
         "Gold": "0",
         "Silver": "0",
         "Bronze": "1"
      },
      {
         "Country": "Liechtenstein",
         "Gold": "0",
         "Silver": "0",
         "Bronze": "1"
      }
   ],
   "gold": "The statistic reflects the medal count of the Winter Olympic Games in PyeongChang in 2018 . Norway topped the table , finishing the Games with a total of 39 medals - 14 gold , 14 silver , and 11 bronze .\n"
}