{
   "title": "Gross domestic product ( GDP ) in Oman 2024",
   "xAxis": "Year",
   "yAxis": "Gross domestic product in billion U.S. dollars",
   "columnType": "two",
   "graphType": "line",
   "summaryType": "nlp",
   "summary": [
      "The statistic shows Gross domestic product ( GDP ) in Oman from 1984 to 2018 , with projections up until 2024 . ",
      "Gross domestic product ( GDP ) denotes the aggregate value of all services and goods produced within a country in any given Year . ",
      "GDP is an important indicator of a country 's economic power ."
   ],
   "trends": [
      {
         "12": "40",
         "14": "6",
         "20": "0"
      },
      {},
      {}
   ],
   "data": [
      {
         "Year": "2024",
         "Gross domestic product in billion U.S. dollars": "90.56"
      },
      {
         "Year": "2023",
         "Gross domestic product in billion U.S. dollars": "87.02"
      },
      {
         "Year": "2022",
         "Gross domestic product in billion U.S. dollars": "84.05"
      },
      {
         "Year": "2021",
         "Gross domestic product in billion U.S. dollars": "81.9"
      },
      {
         "Year": "2020",
         "Gross domestic product in billion U.S. dollars": "78.66"
      },
      {
         "Year": "2019",
         "Gross domestic product in billion U.S. dollars": "76.61"
      },
      {
         "Year": "2018",
         "Gross domestic product in billion U.S. dollars": "79.28"
      },
      {
         "Year": "2017",
         "Gross domestic product in billion U.S. dollars": "70.6"
      },
      {
         "Year": "2016",
         "Gross domestic product in billion U.S. dollars": "65.48"
      },
      {
         "Year": "2015",
         "Gross domestic product in billion U.S. dollars": "68.92"
      },
      {
         "Year": "2014",
         "Gross domestic product in billion U.S. dollars": "81.08"
      },
      {
         "Year": "2013",
         "Gross domestic product in billion U.S. dollars": "78.78"
      },
      {
         "Year": "2012",
         "Gross domestic product in billion U.S. dollars": "76.62"
      },
      {
         "Year": "2011",
         "Gross domestic product in billion U.S. dollars": "68.02"
      },
      {
         "Year": "2010",
         "Gross domestic product in billion U.S. dollars": "57.05"
      },
      {
         "Year": "2009",
         "Gross domestic product in billion U.S. dollars": "48.39"
      },
      {
         "Year": "2008",
         "Gross domestic product in billion U.S. dollars": "60.91"
      },
      {
         "Year": "2007",
         "Gross domestic product in billion U.S. dollars": "42.09"
      },
      {
         "Year": "2006",
         "Gross domestic product in billion U.S. dollars": "37.22"
      },
      {
         "Year": "2005",
         "Gross domestic product in billion U.S. dollars": "31.08"
      },
      {
         "Year": "2004",
         "Gross domestic product in billion U.S. dollars": "24.76"
      },
      {
         "Year": "2003",
         "Gross domestic product in billion U.S. dollars": "21.63"
      },
      {
         "Year": "2002",
         "Gross domestic product in billion U.S. dollars": "20.14"
      },
      {
         "Year": "2001",
         "Gross domestic product in billion U.S. dollars": "19.45"
      },
      {
         "Year": "2000",
         "Gross domestic product in billion U.S. dollars": "19.51"
      },
      {
         "Year": "1999",
         "Gross domestic product in billion U.S. dollars": "15.59"
      },
      {
         "Year": "1998",
         "Gross domestic product in billion U.S. dollars": "14.0"
      },
      {
         "Year": "1997",
         "Gross domestic product in billion U.S. dollars": "15.84"
      },
      {
         "Year": "1996",
         "Gross domestic product in billion U.S. dollars": "15.28"
      },
      {
         "Year": "1995",
         "Gross domestic product in billion U.S. dollars": "13.8"
      },
      {
         "Year": "1994",
         "Gross domestic product in billion U.S. dollars": "12.92"
      },
      {
         "Year": "1993",
         "Gross domestic product in billion U.S. dollars": "12.49"
      },
      {
         "Year": "1992",
         "Gross domestic product in billion U.S. dollars": "12.45"
      },
      {
         "Year": "1991",
         "Gross domestic product in billion U.S. dollars": "11.34"
      },
      {
         "Year": "1990",
         "Gross domestic product in billion U.S. dollars": "11.69"
      },
      {
         "Year": "1989",
         "Gross domestic product in billion U.S. dollars": "9.37"
      },
      {
         "Year": "1988",
         "Gross domestic product in billion U.S. dollars": "8.39"
      },
      {
         "Year": "1987",
         "Gross domestic product in billion U.S. dollars": "8.63"
      },
      {
         "Year": "1986",
         "Gross domestic product in billion U.S. dollars": "8.23"
      },
      {
         "Year": "1985",
         "Gross domestic product in billion U.S. dollars": "10.4"
      },
      {
         "Year": "1984",
         "Gross domestic product in billion U.S. dollars": "9.36"
      }
   ],
   "gold": "The statistic shows gross domestic product ( GDP ) in Oman from 1984 to 2018 , with projections up until 2024 . Gross domestic product ( GDP ) denotes the aggregate value of all services and goods produced within a country in any given year . GDP is an important indicator of a country 's economic power .\n"
}