{
   "title": "Share of population that uses a smartphone in North America 2011 to 2018",
   "xAxis": "Year",
   "yAxis": "Share of population",
   "columnType": "two",
   "graphType": "line",
   "summaryType": "nlp",
   "summary": [
      "This statistic presents the Share population that uses in North America from 2011 to 2018 . ",
      "In 2011 , 29.3 % of the Mexican population were accessing the population . ",
      "This figure is projected to grow 66.5 % by 2018 ."
   ],
   "trends": [
      {
         "11": "7",
         "13": "0"
      },
      {
         "1": "7",
         "3": "7"
      },
      {
         "10": "0"
      }
   ],
   "data": [
      {
         "Year": "2018",
         "Share of population": "66.5"
      },
      {
         "Year": "2017",
         "Share of population": "64"
      },
      {
         "Year": "2016",
         "Share of population": "60.5"
      },
      {
         "Year": "2015",
         "Share of population": "56.7"
      },
      {
         "Year": "2014",
         "Share of population": "51.3"
      },
      {
         "Year": "2013",
         "Share of population": "45.1"
      },
      {
         "Year": "2012",
         "Share of population": "37.9"
      },
      {
         "Year": "2011",
         "Share of population": "29.3"
      }
   ],
   "gold": "The statistic depicts the smartphone user penetration rate in North America , as percentage of the total population , from 2011 to 2018 . The smartphone penetration rate is forecast to reach 64 percent by 2017 .\n"
}