{
   "title": "Most popular gaming related apps in the U.S. 2019 , by audience",
   "xAxis": "Month",
   "yAxis": "Million unique visitors",
   "columnType": "two",
   "graphType": "bar",
   "summaryType": "nlp",
   "summary": [
      "This statistic shows the 20 Most popular the gaming Million of U.S. apps unique from 2019 to . ",
      "According to the source , the Most popular gaming of people were Google_Play_Games , at 18.74 visitors ."
   ],
   "trends": [
      {},
      {
         "12": "0",
         "15": "0"
      }
   ],
   "data": [
      {
         "Month": "Google Play Games",
         "Million unique visitors": "18.74"
      },
      {
         "Month": "Pok\u00e9mon GO",
         "Million unique visitors": "10.66"
      },
      {
         "Month": "Candy Crush Saga",
         "Million unique visitors": "10.23"
      },
      {
         "Month": "GameSpot (main)",
         "Million unique visitors": "10.05"
      },
      {
         "Month": "IGN",
         "Million unique visitors": "9.56"
      },
      {
         "Month": "Wordscapes",
         "Million unique visitors": "8.91"
      },
      {
         "Month": "Lucky Money",
         "Million unique visitors": "8.83"
      },
      {
         "Month": "Game Launcher (for Samsung)",
         "Million unique visitors": "6.97"
      },
      {
         "Month": "Words With Friends",
         "Million unique visitors": "6.95"
      },
      {
         "Month": "Solitaire by MobilityWare",
         "Million unique visitors": "6.85"
      },
      {
         "Month": "Candy Crush Soda Saga",
         "Million unique visitors": "5.95"
      },
      {
         "Month": "Steam Community Activity",
         "Million unique visitors": "5.31"
      },
      {
         "Month": "Coin Master",
         "Million unique visitors": "4.83"
      },
      {
         "Month": "Trivia Today",
         "Million unique visitors": "4.37"
      },
      {
         "Month": "Nintendo",
         "Million unique visitors": "4.36"
      },
      {
         "Month": "Homescapes",
         "Million unique visitors": "4.35"
      },
      {
         "Month": "Xbox",
         "Million unique visitors": "4.35"
      },
      {
         "Month": "Zynga (main)",
         "Million unique visitors": "4.3"
      },
      {
         "Month": "Gardenscapes - New Acres",
         "Million unique visitors": "4.26"
      },
      {
         "Month": "Mario Kart Tour",
         "Million unique visitors": "4.21"
      },
      {
         "Month": "Kotaku",
         "Million unique visitors": "3.92"
      },
      {
         "Month": "Gamepedia",
         "Million unique visitors": "3.72"
      },
      {
         "Month": "Cookie Jam",
         "Million unique visitors": "3.49"
      },
      {
         "Month": "POP! Slots",
         "Million unique visitors": "3.46"
      },
      {
         "Month": "Toon Blast",
         "Million unique visitors": "3.43"
      },
      {
         "Month": "Game Tools (for Samsung)",
         "Million unique visitors": "3.43"
      },
      {
         "Month": "GamesRadar+",
         "Million unique visitors": "3.3"
      },
      {
         "Month": "Lucky Time",
         "Million unique visitors": "3.28"
      },
      {
         "Month": "Sudoku",
         "Million unique visitors": "3.05"
      },
      {
         "Month": "EA",
         "Million unique visitors": "3.04"
      }
   ],
   "gold": "In a world where people are constantly on the move and seeking new forms of entertainment to make their journeys go faster , mobile gaming is bigger than ever . In September 2019 , Google Play Games was the most popular mobile gaming related app in the United States with over 18.74 million monthly users . The highest individual game on the list was Pok\u00e9mon GO , which averaged 10.66 million users in the same month .\n"
}