{
   "title": "Employment by economic sector in Peru 2019",
   "labels": [
      "Year",
      "Agriculture",
      "Industry",
      "Services"
   ],
   "columnType": "multi",
   "graphType": "line",
   "summary": [
      "This statistic shows the Employment of the by economic sector ( Peru ) 2019 in Peru from 2009 to 2019 . ",
      "In 2019 , Agriculture contributed around 27.21 % to the Peru of , 15.64 % came from the Industry and 57.15 % from the service sector ."
   ],
   "trends": [
      {
         "19": [
            "10",
            "0"
         ],
         "21": [
            "0",
            "0"
         ]
      },
      {
         "1": [
            "0",
            "0"
         ],
         "6": [
            "0",
            "1"
         ]
      }
   ],
   "data": [
      {
         "Year": "2019",
         "Agriculture": "27.21",
         "Industry": "15.64",
         "Services": "57.15"
      },
      {
         "Year": "2018",
         "Agriculture": "27.46",
         "Industry": "15.64",
         "Services": "56.9"
      },
      {
         "Year": "2017",
         "Agriculture": "27.69",
         "Industry": "15.65",
         "Services": "56.65"
      },
      {
         "Year": "2016",
         "Agriculture": "28.38",
         "Industry": "16.22",
         "Services": "55.41"
      },
      {
         "Year": "2015",
         "Agriculture": "28.26",
         "Industry": "16.57",
         "Services": "55.17"
      },
      {
         "Year": "2014",
         "Agriculture": "28.03",
         "Industry": "16.37",
         "Services": "55.6"
      },
      {
         "Year": "2013",
         "Agriculture": "27.41",
         "Industry": "17.02",
         "Services": "55.56"
      },
      {
         "Year": "2012",
         "Agriculture": "27.44",
         "Industry": "17.03",
         "Services": "55.53"
      },
      {
         "Year": "2011",
         "Agriculture": "28.28",
         "Industry": "16.48",
         "Services": "55.24"
      },
      {
         "Year": "2010",
         "Agriculture": "27.73",
         "Industry": "16.86",
         "Services": "55.42"
      },
      {
         "Year": "2009",
         "Agriculture": "28.52",
         "Industry": "16.44",
         "Services": "55.04"
      }
   ],
   "gold": "The statistic shows the distribution of employment in Peru by economic sector from 2009 to 2019 . In 2019 , 27.21 percent of the workforce in Peru were active in the agricultural sector , 15.64 percent in industry and 57.15 percent in the service sector .\n"
}