{
   "title": "Argentina : internet user penetration 2017 to 2023",
   "xAxis": "Year",
   "yAxis": "Share of population",
   "columnType": "two",
   "graphType": "line",
   "summaryType": "nlp",
   "summary": [
      "This statistic gives information on the internet penetration rate in Argentina from 2017 to 2023 . ",
      "In 2017 , 77 % of the Singaporean population were using the internet . ",
      "In 2023 , this figure is projected to grow 94 % ."
   ],
   "trends": [
      {
         "12": "6",
         "14": "0"
      },
      {
         "1": "6",
         "3": "6"
      },
      {
         "1": "0"
      }
   ],
   "data": [
      {
         "Year": "2023",
         "Share of population": "94"
      },
      {
         "Year": "2022",
         "Share of population": "93"
      },
      {
         "Year": "2021",
         "Share of population": "91"
      },
      {
         "Year": "2020",
         "Share of population": "88"
      },
      {
         "Year": "2019",
         "Share of population": "85"
      },
      {
         "Year": "2018",
         "Share of population": "82"
      },
      {
         "Year": "2017",
         "Share of population": "77"
      }
   ],
   "gold": "This statistic provides information on internet user penetration in Argentina from 2017 to 2023 . In 2017 , 77 percent of the population in Argentina were accessing the internet . This figure is projected to grow to 94 percent by 2023 .\n"
}