{
   "title": "Tin - leading companies worldwide based on production output 2017",
   "xAxis": "Largest Tin Producers",
   "yAxis": "Production output in thousand metric tons",
   "columnType": "two",
   "graphType": "bar",
   "summaryType": "nlp",
   "summary": [
      "This statistic gives information on the average Production of companies based in the United Kingdom ( Tin ) , in 2017 . ",
      "According to the source , the metric tons was Yunnan_Tin_(China) with a metric tons of 74.5 thousand metric tons ."
   ],
   "trends": [
      {},
      {
         "9": "0",
         "15": "0"
      }
   ],
   "data": [
      {
         "Largest Tin Producers": "Yunnan Tin (China)",
         "Production output in thousand metric tons": "74.5"
      },
      {
         "Largest Tin Producers": "PT Timah (Indonesia)",
         "Production output in thousand metric tons": "30.2"
      },
      {
         "Largest Tin Producers": "Malaysia Smelting Corporation (Malaysia)",
         "Production output in thousand metric tons": "27.2"
      },
      {
         "Largest Tin Producers": "Yunnan Chengfeng (China)",
         "Production output in thousand metric tons": "26.8"
      },
      {
         "Largest Tin Producers": "Minsur (Peru)",
         "Production output in thousand metric tons": "18.0"
      },
      {
         "Largest Tin Producers": "EM Vinto (Bolivia)",
         "Production output in thousand metric tons": "12.6"
      },
      {
         "Largest Tin Producers": "Guangxi China Tin (China)",
         "Production output in thousand metric tons": "11.5"
      },
      {
         "Largest Tin Producers": "Thaisarco (Thailand)",
         "Production output in thousand metric tons": "10.6"
      },
      {
         "Largest Tin Producers": "Metallo Chimique (Belgium)",
         "Production output in thousand metric tons": "9.7"
      },
      {
         "Largest Tin Producers": "Gejiu Zi-Li (China)",
         "Production output in thousand metric tons": "8.7"
      }
   ],
   "gold": "This statistic illustrates the leading tin producing companies worldwide in 2017 , ranked by production output . With a production output of around 12,600 metric tons , Bolivia 's state-owned Vinto smelter was ranked sixth . Tin producers Tin has replaced lead in a lot of soldering , and is now used in a variety of electronics products from televisions and tablets to smartphones .\n"
}