{
   "title": "Gross domestic product ( GDP ) in France 2024",
   "xAxis": "Year",
   "yAxis": "GDP in billion U.S. dollars",
   "columnType": "two",
   "graphType": "line",
   "summaryType": "nlp",
   "summary": [
      "The statistic shows the Gross domestic product ( GDP ) in the France from 1984 to 2017 , with projections up until 2024 . ",
      "GDP refers to the total market value of goods and services that are produced within a country per Year . ",
      "It is an important indicator of the economic strength of a country ."
   ],
   "trends": [
      {
         "14": "40",
         "16": "7",
         "22": "0"
      },
      {},
      {}
   ],
   "data": [
      {
         "Year": "2024",
         "GDP in billion U.S. dollars": "3214.61"
      },
      {
         "Year": "2023",
         "GDP in billion U.S. dollars": "3093.66"
      },
      {
         "Year": "2022",
         "GDP in billion U.S. dollars": "2983.8"
      },
      {
         "Year": "2021",
         "GDP in billion U.S. dollars": "2876.23"
      },
      {
         "Year": "2020",
         "GDP in billion U.S. dollars": "2771.62"
      },
      {
         "Year": "2019",
         "GDP in billion U.S. dollars": "2707.07"
      },
      {
         "Year": "2018",
         "GDP in billion U.S. dollars": "2780.15"
      },
      {
         "Year": "2017",
         "GDP in billion U.S. dollars": "2591.78"
      },
      {
         "Year": "2016",
         "GDP in billion U.S. dollars": "2472.28"
      },
      {
         "Year": "2015",
         "GDP in billion U.S. dollars": "2439.44"
      },
      {
         "Year": "2014",
         "GDP in billion U.S. dollars": "2856.7"
      },
      {
         "Year": "2013",
         "GDP in billion U.S. dollars": "2811.96"
      },
      {
         "Year": "2012",
         "GDP in billion U.S. dollars": "2685.31"
      },
      {
         "Year": "2011",
         "GDP in billion U.S. dollars": "2864.03"
      },
      {
         "Year": "2010",
         "GDP in billion U.S. dollars": "2647.54"
      },
      {
         "Year": "2009",
         "GDP in billion U.S. dollars": "2697.04"
      },
      {
         "Year": "2008",
         "GDP in billion U.S. dollars": "2932.22"
      },
      {
         "Year": "2007",
         "GDP in billion U.S. dollars": "2660.9"
      },
      {
         "Year": "2006",
         "GDP in billion U.S. dollars": "2320.53"
      },
      {
         "Year": "2005",
         "GDP in billion U.S. dollars": "2199.68"
      },
      {
         "Year": "2004",
         "GDP in billion U.S. dollars": "2117.96"
      },
      {
         "Year": "2003",
         "GDP in billion U.S. dollars": "1843.65"
      },
      {
         "Year": "2002",
         "GDP in billion U.S. dollars": "1498.91"
      },
      {
         "Year": "2001",
         "GDP in billion U.S. dollars": "1377.41"
      },
      {
         "Year": "2000",
         "GDP in billion U.S. dollars": "1365.97"
      },
      {
         "Year": "1999",
         "GDP in billion U.S. dollars": "1494.57"
      },
      {
         "Year": "1998",
         "GDP in billion U.S. dollars": "1505.18"
      },
      {
         "Year": "1997",
         "GDP in billion U.S. dollars": "1454.56"
      },
      {
         "Year": "1996",
         "GDP in billion U.S. dollars": "1606.04"
      },
      {
         "Year": "1995",
         "GDP in billion U.S. dollars": "1602.13"
      },
      {
         "Year": "1994",
         "GDP in billion U.S. dollars": "1396.65"
      },
      {
         "Year": "1993",
         "GDP in billion U.S. dollars": "1324.24"
      },
      {
         "Year": "1992",
         "GDP in billion U.S. dollars": "1404.39"
      },
      {
         "Year": "1991",
         "GDP in billion U.S. dollars": "1273.59"
      },
      {
         "Year": "1990",
         "GDP in billion U.S. dollars": "1272.43"
      },
      {
         "Year": "1989",
         "GDP in billion U.S. dollars": "1026.18"
      },
      {
         "Year": "1988",
         "GDP in billion U.S. dollars": "1020.88"
      },
      {
         "Year": "1987",
         "GDP in billion U.S. dollars": "935.12"
      },
      {
         "Year": "1986",
         "GDP in billion U.S. dollars": "772.84"
      },
      {
         "Year": "1985",
         "GDP in billion U.S. dollars": "557.56"
      },
      {
         "Year": "1984",
         "GDP in billion U.S. dollars": "532.34"
      }
   ],
   "gold": "This statistic shows the gross domestic product ( GDP ) in France from 1984 to 2018 , with a projection up until 2024 . GDP refers to the total market value of all goods and services that are produced within a country per year . It is an important indicator of the economic strength of a country .\n"
}