{
   "title": "Market share of the global luggage market 2015 , by company",
   "xAxis": "Company",
   "yAxis": "Market share",
   "columnType": "two",
   "graphType": "bar",
   "summaryType": "nlp",
   "summary": [
      "This statistic depicts the Market share breakdown of Market in 2015 , Company . ",
      "Samsonite_International_SA held the largest Market share of Market Company owners with a Market share of 17.3 % . ",
      "In total , Samsonite_International_SA was the Market share with a Market share of 17.3 % ."
   ],
   "trends": [
      {},
      {
         "0": "0"
      },
      {
         "3": "0"
      }
   ],
   "data": [
      {
         "Company": "Samsonite International SA",
         "Market share": "17.3"
      },
      {
         "Company": "LVMH Mo\u00ebt Hennessy Louis Vuitton SA",
         "Market share": "5"
      },
      {
         "Company": "Delsey SA",
         "Market share": "2"
      },
      {
         "Company": "Rimowa GmbH",
         "Market share": "1.8"
      },
      {
         "Company": "VF Corp",
         "Market share": "1.3"
      },
      {
         "Company": "Tumi Holdings Inc",
         "Market share": "1.3"
      },
      {
         "Company": "VIP Industries Ltd",
         "Market share": "1.2"
      },
      {
         "Company": "Kering SA",
         "Market share": "1"
      },
      {
         "Company": "Herm\u00e8s International SCA",
         "Market share": "0.9"
      },
      {
         "Company": "Shanghai Taifeng Cases Co Ltd",
         "Market share": "0.6"
      }
   ],
   "gold": "The statistic shows the market share of the global luggage market in 2015 , by company . In that year , the global market share of Samsonite was approximately 17.3 percent .\n"
}