{
   "title": "Oakland Athletics average ticket price 2006 to 2019",
   "xAxis": "Year",
   "yAxis": "Average ticket price in U.S. dollars",
   "columnType": "two",
   "graphType": "line",
   "summaryType": "nlp",
   "summary": [
      "This graph depicts the Average ticket price for Oakland Athletics games in Major League Baseball from 2006 to 2019 . ",
      "In 2019 , the Average ticket price was at 24.3 U.S. dollars ."
   ],
   "trends": [
      {
         "15": "12",
         "17": "0"
      },
      {
         "1": "0",
         "9": "0"
      }
   ],
   "data": [
      {
         "Year": "2019",
         "Average ticket price in U.S. dollars": "24.3"
      },
      {
         "Year": "2018",
         "Average ticket price in U.S. dollars": "24.13"
      },
      {
         "Year": "2016",
         "Average ticket price in U.S. dollars": "24.46"
      },
      {
         "Year": "2015",
         "Average ticket price in U.S. dollars": "24.0"
      },
      {
         "Year": "2014",
         "Average ticket price in U.S. dollars": "22.84"
      },
      {
         "Year": "2013",
         "Average ticket price in U.S. dollars": "22.12"
      },
      {
         "Year": "2012",
         "Average ticket price in U.S. dollars": "21.64"
      },
      {
         "Year": "2011",
         "Average ticket price in U.S. dollars": "21.52"
      },
      {
         "Year": "2010",
         "Average ticket price in U.S. dollars": "22.04"
      },
      {
         "Year": "2009",
         "Average ticket price in U.S. dollars": "24.31"
      },
      {
         "Year": "2008",
         "Average ticket price in U.S. dollars": "29.2"
      },
      {
         "Year": "2007",
         "Average ticket price in U.S. dollars": "23.88"
      },
      {
         "Year": "2006",
         "Average ticket price in U.S. dollars": "22.1"
      }
   ],
   "gold": "This graph depicts the average ticket price for Oakland Athletics games in Major League Baseball from 2006 to 2019 . In 2019 , the average ticket price was at 24.30 U.S. dollars .\n"
}