{
   "title": "Leading bar soap brands ranked by sales value in the United Kingdom ( UK ) 2014",
   "xAxis": "Soap Bar Brand",
   "yAxis": "Sales in million GBP",
   "columnType": "two",
   "graphType": "bar",
   "summaryType": "nlp",
   "summary": [
      "This statistic shows the Leading bar Sales in the brands in 2014 , ranked by sales . ",
      "According to the source , the Leading Sales for Dove was approximately 26.8 million British pounds ."
   ],
   "trends": [
      {},
      {
         "9": "0",
         "12": "0"
      }
   ],
   "data": [
      {
         "Soap Bar Brand": "Dove",
         "Sales in million GBP": "26.8"
      },
      {
         "Soap Bar Brand": "Imperial Leather",
         "Sales in million GBP": "11.1"
      },
      {
         "Soap Bar Brand": "Simple",
         "Sales in million GBP": "5.8"
      }
   ],
   "gold": "This statistic shows the leading 3 brands of bar soap sold in the United Kingdom ( UK ) ranked by their total sales in the year to December 2014 . The ranking reveals that Dove is the top bar soap brand sold in the United Kingdom , generating 26.8 million pounds in sales that year .\n"
}