{
   "title": "Revenue of the Minnesota Vikings ( NFL ) 2001 to 2018",
   "xAxis": "Year",
   "yAxis": "Revenue in million U.S. dollars",
   "columnType": "two",
   "graphType": "line",
   "summaryType": "nlp",
   "summary": [
      "The statistic depicts the Revenue of the Minnesota Vikings from 2001 to 2018 . ",
      "In 2018 , the Revenue of the Major League Baseball franchise amounted to 427 million U.S. dollars.The Minnesota Vikings are owned by John Stanton and Chris Larson , who bought the franchise for 1.2 million U.S. dollars and 100 million U.S. dollars in 2016 and 1992 respectively ."
   ],
   "trends": [
      {
         "9": "17",
         "11": "0"
      },
      {
         "1": "0",
         "13": "0",
         "42": "2"
      }
   ],
   "data": [
      {
         "Year": "2018",
         "Revenue in million U.S. dollars": "427"
      },
      {
         "Year": "2017",
         "Revenue in million U.S. dollars": "408"
      },
      {
         "Year": "2016",
         "Revenue in million U.S. dollars": "392"
      },
      {
         "Year": "2015",
         "Revenue in million U.S. dollars": "306"
      },
      {
         "Year": "2014",
         "Revenue in million U.S. dollars": "281"
      },
      {
         "Year": "2013",
         "Revenue in million U.S. dollars": "250"
      },
      {
         "Year": "2012",
         "Revenue in million U.S. dollars": "234"
      },
      {
         "Year": "2011",
         "Revenue in million U.S. dollars": "227"
      },
      {
         "Year": "2010",
         "Revenue in million U.S. dollars": "227"
      },
      {
         "Year": "2009",
         "Revenue in million U.S. dollars": "221"
      },
      {
         "Year": "2008",
         "Revenue in million U.S. dollars": "209"
      },
      {
         "Year": "2007",
         "Revenue in million U.S. dollars": "195"
      },
      {
         "Year": "2006",
         "Revenue in million U.S. dollars": "182"
      },
      {
         "Year": "2005",
         "Revenue in million U.S. dollars": "167"
      },
      {
         "Year": "2004",
         "Revenue in million U.S. dollars": "164"
      },
      {
         "Year": "2003",
         "Revenue in million U.S. dollars": "144"
      },
      {
         "Year": "2002",
         "Revenue in million U.S. dollars": "135"
      },
      {
         "Year": "2001",
         "Revenue in million U.S. dollars": "123"
      }
   ],
   "gold": "The statistic depicts the revenue of the Minnesota Vikings , a franchise of the National Football League , from 2001 to 2018 . In 2018 , the revenue of the Minnesota Vikings was 427 million U.S. dollars .\n"
}