{
   "title": "Unemployment rate in the Bahamas 2019",
   "xAxis": "Year",
   "yAxis": "Unemployment rate",
   "columnType": "two",
   "graphType": "line",
   "summaryType": "nlp",
   "summary": [
      "This statistic shows the Unemployment rate in Bahamas from 1999 to 2019 . ",
      "In 2019 , the Unemployment rate in Bahamas was at approximately 11.5 % ."
   ],
   "trends": [
      {
         "9": "20",
         "11": "0"
      },
      {
         "1": "0",
         "11": "0"
      }
   ],
   "data": [
      {
         "Year": "2019",
         "Unemployment rate": "11.5"
      },
      {
         "Year": "2018",
         "Unemployment rate": "11.85"
      },
      {
         "Year": "2017",
         "Unemployment rate": "12.38"
      },
      {
         "Year": "2016",
         "Unemployment rate": "12.7"
      },
      {
         "Year": "2015",
         "Unemployment rate": "12"
      },
      {
         "Year": "2014",
         "Unemployment rate": "13.8"
      },
      {
         "Year": "2013",
         "Unemployment rate": "16.18"
      },
      {
         "Year": "2012",
         "Unemployment rate": "14.02"
      },
      {
         "Year": "2011",
         "Unemployment rate": "14.52"
      },
      {
         "Year": "2010",
         "Unemployment rate": "14.32"
      },
      {
         "Year": "2009",
         "Unemployment rate": "14.25"
      },
      {
         "Year": "2008",
         "Unemployment rate": "8.18"
      },
      {
         "Year": "2007",
         "Unemployment rate": "7.88"
      },
      {
         "Year": "2006",
         "Unemployment rate": "7.54"
      },
      {
         "Year": "2005",
         "Unemployment rate": "10.2"
      },
      {
         "Year": "2004",
         "Unemployment rate": "10.2"
      },
      {
         "Year": "2003",
         "Unemployment rate": "10.84"
      },
      {
         "Year": "2002",
         "Unemployment rate": "9.05"
      },
      {
         "Year": "2001",
         "Unemployment rate": "6.87"
      },
      {
         "Year": "2000",
         "Unemployment rate": "7.15"
      },
      {
         "Year": "1999",
         "Unemployment rate": "7.45"
      }
   ],
   "gold": "This statistic shows the unemployment rate in the Bahamas from 1999 to 2019 . In 2019 , the unemployment rate in the Bahamas was at approximately 11.5 percent .\n"
}