{
   "title": "Estimated decrease of GDP in Japan due to earthquake and tsunami 2011",
   "xAxis": "Category Of Gdp",
   "yAxis": "Decrease in billion euros",
   "columnType": "two",
   "graphType": "bar",
   "summaryType": "nlp",
   "summary": [
      "The statistic shows the 20 Estimated decrease GDP Japan due in Japan 2011 , group . ",
      "According to the source , Total generated approximately 70.0 billion euros of billion euros that year ."
   ],
   "trends": [
      {},
      {
         "5": "0",
         "8": "0"
      }
   ],
   "data": [
      {
         "Category Of Gdp": "Total",
         "Decrease in billion euros": "70.0"
      },
      {
         "Category Of Gdp": "Production",
         "Decrease in billion euros": "45.4"
      },
      {
         "Category Of Gdp": "Private consumption",
         "Decrease in billion euros": "18.2"
      },
      {
         "Category Of Gdp": "Power generation",
         "Decrease in billion euros": "2.7"
      },
      {
         "Category Of Gdp": "Imports",
         "Decrease in billion euros": "2.0"
      },
      {
         "Category Of Gdp": "Exports",
         "Decrease in billion euros": "1.4"
      }
   ],
   "gold": "The statistic shows an estimate for the decrease of the gross domestic product ( GDP ) in Japan due to the effects of the earthquake and tsunami in 2011 by sector . Production in Japan is estimated to decrease by 45.4 billion euros due to the natural disaster .\n"
}