{"CheckBalance": "the user asks about checking an balance",
 "TransferMoney": "the user asks about transfering an money",
 "BuyBusTicket": "the user asks about buying an bus ticket",
 "GetEvents": "the user asks about get events",
 "GetAvailableTime": "the user asks about geting an available time",
 "AddEvent": "the user asks about adding an event",
 "FindEvents": "the user asks about find events",
 "GetEventDates": "the user asks about get event dates",
 "SearchOnewayFlight": "the user asks about searching an oneway flight",
 "SearchRoundtripFlights": "the user asks about search roundtrip flights",
 "ReserveOnewayFlight": "the user asks about reserving an oneway flight",
 "ReserveRoundtripFlights": "the user asks about reserve roundtrip flights",
 "ScheduleVisit": "the user asks about scheduling an visit",
 "ReserveHotel": "the user asks about reserving an hotel",
 "SearchHotel": "the user asks about searching an hotel",
 "BookHouse": "the user asks about booking an house",
 "SearchHouse": "the user asks about searching an house",
 "FindMovies": "the user asks about find movies",
 "PlayMovie": "the user asks about playing an movie",
 "BuyMovieTickets": "the user asks about buy movie tickets",
 "GetTimesForMovie": "the user asks about geting an times for movie",
 "LookupSong": "the user asks about lookuping an song",
 "LookupMusic": "the user asks about lookuping an music",
 "PlayMedia": "the user asks about play media",
 "ReserveCar": "the user asks about reserving an car",
 "FindRestaurants": "the user asks about find restaurants",
 "GetRide": "the user asks about geting an ride",
 "BookAppointment": "the user asks about booking an appointment",
 "FindProvider": "the user asks about finding an provider",
 "GetWeather": "the user asks about geting an weather",
 "GetAlarms": "the user asks about get alarms",
 "AddAlarm": "the user asks about adding an alarm",
 "RentMovie": "the user asks about renting an movie",
 "FindHomeByArea": "the user asks about finding an home by area",
 "ShareLocation": "the user asks about sharing an location",
 "MakePayment": "the user asks about making an payment",
 "FindTrains": "the user asks about find trains",
 "FindApartment": "the user asks about finding an apartment",
 "RequestPayment": "the user asks about requesting an payment",
 "BuyEventTickets": "the user asks about buy event tickets",
 "PlaySong": "the user asks about playing an song",
 "GetTrainTickets": "the user asks about get train tickets",
 "FindBus": "the user asks about finding an bus",
 "GetCarsAvailable": "the user asks about get cars available",
 "ReserveRestaurant": "the user asks about reserving an restaurant",
 "FindAttractions": "the user asks about find attractions"}
