{"CheckBalance": "check balance",
 "TransferMoney": "transfer money",
 "BuyBusTicket": "buy bus ticket",
 "GetEvents": "get events",
 "GetAvailableTime": "get available time",
 "AddEvent": "add event",
 "FindEvents": "find events",
 "GetEventDates": "get event dates",
 "SearchOnewayFlight": "search oneway flight",
 "SearchRoundtripFlights": "search roundtrip flights",
 "ReserveOnewayFlight": "reserve oneway flight",
 "ReserveRoundtripFlights": "reserve roundtrip flights",
 "ScheduleVisit": "schedule visit",
 "ReserveHotel": "reserve hotel",
 "SearchHotel": "search hotel",
 "BookHouse": "book house",
 "SearchHouse": "search house",
 "FindMovies": "find movies",
 "PlayMovie": "play movie",
 "BuyMovieTickets": "buy movie tickets",
 "GetTimesForMovie": "get times for movie",
 "LookupSong": "lookup song",
 "LookupMusic": "lookup music",
 "PlayMedia": "play media",
 "ReserveCar": "reserve car",
 "FindRestaurants": "find restaurants",
 "GetRide": "get ride",
 "BookAppointment": "book appointment",
 "FindProvider": "find provider",
 "GetWeather": "get weather",
 "GetAlarms": "get alarms",
 "AddAlarm": "add alarm",
 "RentMovie": "rent movie",
 "FindHomeByArea": "find home by area",
 "ShareLocation": "share location",
 "MakePayment": "make payment",
 "FindTrains": "find trains",
 "FindApartment": "find apartment",
 "RequestPayment": "request payment",
 "BuyEventTickets": "buy event tickets",
 "PlaySong": "play song",
 "GetTrainTickets": "get train tickets",
 "FindBus": "find bus",
 "GetCarsAvailable": "get cars available",
 "ReserveRestaurant": "reserve restaurant",
 "FindAttractions": "find attractions"}
