{"CheckBalance": "Get the balance of an account", "TransferMoney": "Transfer money to another user", "BuyBusTicket": "Purchase the bus tickets", "GetEvents": "Get list of all calendar events for the user on a given day", "GetAvailableTime": "Get a list of available times for the user on a given day", "AddEvent": "Add event to the user's calendar", "FindEvents": "Find cultural events - concerts and plays - happening in a city", "GetEventDates": "Get dates on which a given event is taking place", "SearchOnewayFlight": "Search for one way flights to the destination", "SearchRoundtripFlights": "Search for roundtrip flights for the trip", "ReserveOnewayFlight": "Reserve a one-way flight", "ReserveRoundtripFlights": "Reserve a round-trip flight", "ScheduleVisit": "Schedule a visit to a property on a given date", "ReserveHotel": "Reserve rooms at a selected place for given dates", "SearchHotel": "Look for accommodation in a city of choice", "BookHouse": "Book the selected house for given dates and number of adults", "SearchHouse": "Find a house at a given location", "FindMovies": "Find out interesting movies that you like", "PlayMovie": "Watch the movie instantly online with your preferred subtitles", "BuyMovieTickets": "Buy movie tickets for a particular show", "GetTimesForMovie": "Get show times for a movie at a location on a given date", "LookupSong": "Search for a song", "LookupMusic": "Discover songs matching your taste", "PlayMedia": "Play the music", "ReserveCar": "Make a rental car reservation", "FindRestaurants": "Find restaurants by location and by category", "GetRide": "Book a cab for any destination, number of seats and ride type", "BookAppointment": "Make a reservation with the therapist based on user's wish", "FindProvider": "Discover therapist according to user's conditions", "GetWeather": "Get the weather of a certain location on a date", "GetAlarms": "Get the alarms user has already set", "AddAlarm": "Set a new alarm", "RentMovie": "Rent a movie to watch, with optional subtitles", "FindHomeByArea": "Search for a property to rent or buy in a given city", "ShareLocation": "Send your location to a contact", "MakePayment": "Send money to your friends", "FindTrains": "Find trains to a given destination city", "FindApartment": "Find an apartment in a city for a given number of bedrooms", "RequestPayment": "Request payment from someone", "BuyEventTickets": "Buy tickets for a cultural event and date in a given city", "PlaySong": "Play the selected song on the device", "GetTrainTickets": "Reserve tickets for train journey", "FindBus": "Search for a bus itinerary between two places on a certain date", "GetCarsAvailable": "Discover cars available for rent in a certain location and period", "ReserveRestaurant": "Make a table reservation at a restaurant", "FindAttractions": "Browse attractions in a given city"}