{
  "CheckBalance": "does the user want to check a balance",
  "TransferMoney": "does the user want to transfer a money",
  "BuyBusTicket": "does the user want to buy a bus ticket",
  "GetEvents": "does the user want to get events",
  "GetAvailableTime": "does the user want to get an available time",
  "AddEvent": "does the user want to add an event",
  "FindEvents": "does the user want to find events",
  "GetEventDates": "does the user want to get event date",
  "SearchOnewayFlight": "does the user want to search an oneway flight",
  "SearchRoundtripFlights": "does the user want to search a roundtrip flight",
  "ReserveOnewayFlight": "does the user want to reserve an oneway flight",
  "ReserveRoundtripFlights": "does the user want to reserve a roundtrip flight",
  "ScheduleVisit": "does the user want to schedule a visit",
  "ReserveHotel": "does the user want to reserve a hotel",
  "SearchHotel": "does the user want to search a hotel",
  "BookHouse": "does the user want to book a house",
  "SearchHouse": "does the user want to search a house",
  "FindMovies": "does the user want to find a movie",
  "PlayMovie": "does the user want to play a movie",
  "BuyMovieTickets": "does the user want to buy a movie ticket",
  "GetTimesForMovie": "does the user want to get a times for movie",
  "LookupSong": "does the user want to lookup a song",
  "LookupMusic": "does the user want to lookup a music",
  "PlayMedia": "does the user want to play media",
  "ReserveCar": "does the user want to reserve a car",
  "FindRestaurants": "does the user want to find restaurant",
  "GetRide": "does the user want to get a ride",
  "BookAppointment": "does the user want to book an appointment",
  "FindProvider": "does the user want to find a provider",
  "GetWeather": "does the user want to get a weather",
  "GetAlarms": "does the user want to get his alarms",
  "AddAlarm": "does the user want to add an alarm",
  "RentMovie": "does the user want to rent a movie",
  "FindHomeByArea": "does the user want to find a home by area",
  "ShareLocation": "does the user want to share a location",
  "MakePayment": "does the user want to make a payment",
  "FindTrains": "does the user want to find a train",
  "FindApartment": "does the user want to find an apartment",
  "RequestPayment": "does the user want to request a payment",
  "BuyEventTickets": "does the user want to buy event ticket",
  "PlaySong": "does the user want to play a song",
  "GetTrainTickets": "does the user want to buy train ticket",
  "FindBus": "does the user want to find a bus",
  "GetCarsAvailable": "does the user want to find an available car",
  "ReserveRestaurant": "does the user want to reserve a restaurant",
  "FindAttractions": "does the user want to find an attraction"
}